"Category","RelativePath","SizeKB","LastWriteTime"
"OTHER_ACTIVE_CANDIDATE","AutonomousCOOLoopService.js","2.49","7/1/2026 1:31:42 AM"
"OTHER_ACTIVE_CANDIDATE","executive_dashboard.js","3.04","6/29/2026 1:58:10 PM"
"OTHER_ACTIVE_CANDIDATE","miles_connector_health.js","0.61","6/28/2026 9:31:10 PM"
"OTHER_ACTIVE_CANDIDATE","miles_google_accounts_health.js","0.92","6/29/2026 12:48:18 AM"
"OTHER_ACTIVE_CANDIDATE","OpenMilesBrowser.js","0.95","6/30/2026 1:17:02 PM"
"OTHER_ACTIVE_CANDIDATE","RunMarketingCOO.js","0.55","7/8/2026 5:00:06 PM"
"OTHER_ACTIVE_CANDIDATE","StartAutonomousCOO.js","3.46","7/6/2026 7:10:00 PM"
"OTHER_ACTIVE_CANDIDATE","StartMiles.js","3.75","6/30/2026 9:20:20 PM"
"OTHER_ACTIVE_CANDIDATE","StartMilesProduction.js","5.44","7/6/2026 3:35:54 PM"
"OTHER_ACTIVE_CANDIDATE","StartProductionSystem.js","2.32","7/7/2026 5:40:56 PM"
"OTHER_ACTIVE_CANDIDATE","StartSupervisor.js","0.16","6/30/2026 11:56:26 AM"
"OTHER_ACTIVE_CANDIDATE","TestAutonomousDiscoveryEngine.js","0.62","6/30/2026 2:02:14 PM"
"OTHER_ACTIVE_CANDIDATE","TestAutonomousLoop.js","0.53","6/30/2026 2:06:20 PM"
"OTHER_ACTIVE_CANDIDATE","TestBrowserOS.js","1.24","6/30/2026 1:10:22 PM"
"OTHER_ACTIVE_CANDIDATE","TestBrowserWorker.js","0.63","6/30/2026 1:49:58 PM"
"OTHER_ACTIVE_CANDIDATE","TestEngineeringManager.js","0.39","6/30/2026 2:19:42 PM"
"OTHER_ACTIVE_CANDIDATE","TestExecutionEngine.js","1","6/30/2026 1:58:26 PM"
"OTHER_ACTIVE_CANDIDATE","TestPersistentBrowserOS.js","1","6/30/2026 1:13:58 PM"
"OTHER_ACTIVE_CANDIDATE","TestSystemIntelligence.js","0.81","6/30/2026 12:51:58 PM"
"OTHER_ACTIVE_CANDIDATE","test_coo_orchestrator.js","0.63","7/1/2026 1:31:42 AM"
"OTHER_ACTIVE_CANDIDATE","test_executive_brief.js","0.43","6/30/2026 9:09:54 PM"
"OTHER_ACTIVE_CANDIDATE","test_executive_intelligence.js","0.34","6/30/2026 9:05:46 PM"
"OTHER_ACTIVE_CANDIDATE","test_marketing_provider.js","0.23","6/30/2026 7:22:48 PM"
"OTHER_ACTIVE_CANDIDATE","test_orion_provider.js","0.22","6/30/2026 9:02:16 PM"
"OTHER_ACTIVE_CANDIDATE","test_work_queue.js","0.78","7/1/2026 1:48:16 AM"
"OTHER_ACTIVE_CANDIDATE","RunEnterpriseInventory.js","0.08","7/8/2026 6:41:38 PM"
"OTHER_ACTIVE_CANDIDATE","BuildDuplicateReport.js","0.95","7/8/2026 6:44:04 PM"
"OTHER_ACTIVE_CANDIDATE","RunCanonicalCoreTest.js","0.69","7/8/2026 6:47:00 PM"
"OTHER_ACTIVE_CANDIDATE","RunMarketingEnterprise.js","0.52","7/8/2026 6:49:48 PM"
"OTHER_ACTIVE_CANDIDATE","RunEnterpriseStoreTest.js","0.68","7/8/2026 7:25:28 PM"
"OTHER_ACTIVE_CANDIDATE","RunSegmentImport.js","0.42","7/8/2026 7:28:20 PM"
"OTHER_ACTIVE_CANDIDATE","RunCampaignImport.js","0.56","7/8/2026 7:30:02 PM"
"OTHER_ACTIVE_CANDIDATE","RunMarketingAssignment.js","0.43","7/8/2026 7:31:48 PM"
"OTHER_ACTIVE_CANDIDATE","RunMarketingIntelligence.js","0.45","7/8/2026 7:34:14 PM"
"OTHER_ACTIVE_CANDIDATE","RunDomainInboxImport.js","0.44","7/8/2026 7:36:14 PM"
"OTHER_ACTIVE_CANDIDATE","RunMarketingCapacityPlan.js","0.43","7/8/2026 7:38:32 PM"
"OTHER_ACTIVE_CANDIDATE","PATCH_fix_decision_engine.js","1.85","7/8/2026 8:49:36 PM"
"OTHER_ACTIVE_CANDIDATE","PATCH_fix_decision_engine_safe.js","1.67","7/8/2026 8:51:46 PM"
"OTHER_ACTIVE_CANDIDATE","BuildEnterpriseRegistry.js","2.07","7/10/2026 11:16:12 PM"
"OTHER_ACTIVE_CANDIDATE","StartRuntimeRegistryService.js","1.2","7/10/2026 11:37:02 PM"
"OTHER_ACTIVE_CANDIDATE","RunInstantlyCOO.js","2.23","7/11/2026 2:41:02 PM"
"OTHER_ACTIVE_CANDIDATE","BuildMilesDeveloperIndex.js","18.9","7/11/2026 3:31:38 PM"
"ACTIVE_CORE","CORE\authority.js","0.72","6/29/2026 2:43:06 PM"
"ACTIVE_CORE","CORE\AutonomousDiscoveryEngine.js","11.17","6/30/2026 2:01:30 PM"
"ACTIVE_CORE","CORE\AutonomousLoop.js","4.5","6/30/2026 2:05:38 PM"
"ACTIVE_CORE","CORE\CommandQueue.js","3.9","7/3/2026 5:39:26 PM"
"ACTIVE_CORE","CORE\ConnectorManager.js","1.07","6/29/2026 12:42:48 AM"
"ACTIVE_CORE","CORE\Database.js","1.48","6/29/2026 2:43:06 PM"
"ACTIVE_CORE","CORE\EventBus.js","0.5","7/2/2026 12:49:40 PM"
"ACTIVE_CORE","CORE\ExecutionEngine.js","4.25","6/30/2026 1:57:50 PM"
"ACTIVE_CORE","CORE\ExecutionOrchestrator.js","4.2","6/30/2026 12:42:06 PM"
"ACTIVE_CORE","CORE\HealthDashboard.js","0.88","6/29/2026 12:42:48 AM"
"ACTIVE_CORE","CORE\logger.js","0.94","6/29/2026 5:52:38 PM"
"ACTIVE_CORE","CORE\miles.js","1.86","6/29/2026 2:43:06 PM"
"ACTIVE_CORE","CORE\RuntimeController.js","5.88","6/30/2026 12:35:36 PM"
"ACTIVE_CORE","CORE\Supervisor.js","5.13","6/30/2026 12:23:50 PM"
"ACTIVE_CORE","CORE\SystemIntelligence.js","6.53","6/30/2026 12:51:04 PM"
"ACTIVE_CORE","CORE\TaskQueue.js","7.33","7/4/2026 10:38:58 PM"
"ACTIVE_CORE","CORE\TestRuntimeController.js","0.71","6/30/2026 12:39:30 PM"
"ACTIVE_CORE","CORE\DepartmentRegistry.js","1.6","7/8/2026 9:58:28 PM"
"ACTIVE_CORE","CORE\BROWSER\BrowserManager.js","4.16","6/30/2026 1:16:18 PM"
"ACTIVE_CORE","CORE\BROWSER\BrowserWorker.js","2.9","6/30/2026 1:49:24 PM"
"ACTIVE_CORE","CORE\BROWSER\SessionManager.js","0.95","6/30/2026 1:08:50 PM"
"ACTIVE_CORE","CORE\CONFIG\BootstrapValidator.js","0.35","6/30/2026 11:24:44 AM"
"ACTIVE_CORE","CORE\CONFIG\ConfigurationManager.js","1.03","6/30/2026 11:35:38 AM"
"ACTIVE_CORE","CORE\Connectors\Ingestion\crmIngestor.js","0.38","7/2/2026 9:36:32 PM"
"ACTIVE_CORE","CORE\Connectors\Ingestion\gmailIngestor.js","0.37","7/2/2026 9:35:00 PM"
"ACTIVE_CORE","CORE\Connectors\Ingestion\instantlyIngestor.js","0.41","7/2/2026 9:36:04 PM"
"ACTIVE_CORE","CORE\ENGINEERING\EngineeringManager.js","5.36","6/30/2026 2:18:58 PM"
"ACTIVE_CORE","CORE\GATEWAY\CommandGateway.js","5.46","6/30/2026 12:33:38 PM"
"ACTIVE_CORE","CORE\Kernel\EventBus.js","0.89","7/2/2026 12:51:10 PM"
"ACTIVE_CORE","CORE\Kernel\HealthMonitor.js","0.89","6/29/2026 2:43:06 PM"
"ACTIVE_CORE","CORE\Kernel\MilesKernel.js","3.21","6/29/2026 7:24:04 PM"
"ACTIVE_CORE","CORE\Kernel\ServiceRegistry.js","5.39","7/9/2026 8:44:08 PM"
"ACTIVE_CORE","CORE\Kernel\StartMiles.js","0.18","6/29/2026 2:43:06 PM"
"ACTIVE_CORE","CORE\RECOVERY\RecoveryEngine.js","1.51","6/30/2026 11:54:14 AM"
"RUNTIME_GENERATED","CORE\Runtime\MilesRuntime.js","8.21","7/1/2026 3:02:52 PM"
"ACTIVE_CORE","CORE\STATE\ExecutiveState.js","2.69","6/30/2026 12:24:26 PM"
"ACTIVE_CORE","CORE\CANONICAL\Logger.js","0.76","7/8/2026 6:47:00 PM"
"ACTIVE_CORE","CORE\CANONICAL\EventBus.js","0.54","7/8/2026 6:47:00 PM"
"ACTIVE_CORE","CORE\CANONICAL\Registry.js","0.55","7/8/2026 6:47:00 PM"
"ACTIVE_CORE","CORE\CANONICAL\TaskQueue.js","1.81","7/8/2026 6:47:00 PM"
"ACTIVE_CORE","CORE\CANONICAL\Runtime.js","1.24","7/8/2026 6:47:00 PM"
"ACTIVE_CORE","CORE\CANONICAL\EnterpriseStore.js","21.9","7/8/2026 7:57:30 PM"
"ACTIVE_CORE","SERVICES\ActionAuditService.js","1.56","7/4/2026 2:09:10 AM"
"ACTIVE_CORE","SERVICES\ActionDispatcherService.js","3.99","7/4/2026 2:09:10 AM"
"ACTIVE_CORE","SERVICES\ActionEngineService.js","10.62","7/4/2026 2:09:10 AM"
"ACTIVE_CORE","SERVICES\ActionHistoryService.js","1.95","7/4/2026 2:09:10 AM"
"ACTIVE_CORE","SERVICES\ActionRetryService.js","0.94","7/4/2026 2:09:10 AM"
"ACTIVE_CORE","SERVICES\ActionVerificationService.js","2.25","7/4/2026 2:09:10 AM"
"ACTIVE_CORE","SERVICES\ATLASRuntimeInspector.js","7.19","7/4/2026 11:32:30 PM"
"ACTIVE_CORE","SERVICES\AutonomousCompanyOperatingSystem.js","5.16","7/2/2026 8:33:16 PM"
"ACTIVE_CORE","SERVICES\AutonomousCOOLoopService.backup.js","10.86","7/3/2026 4:54:18 PM"
"ACTIVE_CORE","SERVICES\AutonomousCOOLoopService.js","37.97","7/8/2026 1:51:24 PM"
"ACTIVE_CORE","SERVICES\AutonomousRevenueClosureLoop.js","2.27","7/3/2026 4:21:44 PM"
"ACTIVE_CORE","SERVICES\BaseProviderController.js","3.82","7/4/2026 2:18:28 AM"
"ACTIVE_CORE","SERVICES\BusinessExecutionEngineService.js","4.12","7/4/2026 2:49:28 AM"
"ACTIVE_CORE","SERVICES\BusinessOperationsBridgeService.js","13.69","7/10/2026 5:28:08 PM"
"ACTIVE_CORE","SERVICES\BusinessStateAggregator.js","2.11","7/3/2026 4:27:08 PM"
"ACTIVE_CORE","SERVICES\CapabilityRegistryService.js","17.47","7/4/2026 12:27:58 AM"
"ACTIVE_CORE","SERVICES\CapabilityService.js","2.08","7/1/2026 1:11:54 PM"
"ACTIVE_CORE","SERVICES\CodeRepairService.js","5.53","7/2/2026 3:02:26 PM"
"ACTIVE_CORE","SERVICES\CommandIntentPlannerService.js","10.98","7/9/2026 11:11:52 PM"
"ACTIVE_CORE","SERVICES\CompanyStateService.js","14.51","7/4/2026 1:04:08 AM"
"ACTIVE_CORE","SERVICES\ConfidenceScoringService.js","1.67","7/4/2026 1:55:46 AM"
"ACTIVE_CORE","SERVICES\ConnectorManager.js","0","6/29/2026 2:43:06 PM"
"ACTIVE_CORE","SERVICES\ConnectorRuntimeManager.js","6.23","7/5/2026 9:21:48 PM"
"ACTIVE_CORE","SERVICES\ContinuousCOOLoopService.js","8.57","7/4/2026 1:30:00 AM"
"ACTIVE_CORE","SERVICES\ControlledWriteAuditService.js","1.14","7/4/2026 2:44:14 AM"
"ACTIVE_CORE","SERVICES\ControlledWritePolicyService.js","4.59","7/4/2026 2:44:14 AM"
"ACTIVE_CORE","SERVICES\ControlledWriteService.js","2.5","7/4/2026 2:44:14 AM"
"ACTIVE_CORE","SERVICES\COOExecutiveLoopService.js","4.63","7/6/2026 2:36:12 PM"
"ACTIVE_CORE","SERVICES\COOOrchestratorService.js","5.56","7/6/2026 3:57:14 PM"
"ACTIVE_CORE","SERVICES\COO_V10_ClosureSystem.js","4.03","7/2/2026 7:29:36 PM"
"ACTIVE_CORE","SERVICES\COO_V11_RealWorldAgent.js","4.66","7/2/2026 7:31:50 PM"
"ACTIVE_CORE","SERVICES\COO_V12_AutonomousCompany.js","4.62","7/2/2026 7:34:28 PM"
"ACTIVE_CORE","SERVICES\COO_V9_ExecutionLayer.js","3.81","7/2/2026 7:27:56 PM"
"ACTIVE_CORE","SERVICES\DashboardDataService.js","18.09","7/9/2026 3:25:18 PM"
"ACTIVE_CORE","SERVICES\DashboardServerService.js","2.13","7/4/2026 1:48:24 AM"
"ACTIVE_CORE","SERVICES\DashboardService.js","2.41","6/29/2026 5:57:58 PM"
"ACTIVE_CORE","SERVICES\DealClosureEngine.js","4.32","7/2/2026 8:25:16 PM"
"ACTIVE_CORE","SERVICES\DecisionEngine.js","10.34","7/2/2026 1:19:50 PM"
"ACTIVE_CORE","SERVICES\DecisionLearningService.js","1.86","7/4/2026 1:55:46 AM"
"ACTIVE_CORE","SERVICES\DesktopServer.js","0.74","6/30/2026 3:57:18 PM"
"ACTIVE_CORE","SERVICES\EngineeringCOOService.js","11.34","7/2/2026 3:08:20 PM"
"ACTIVE_CORE","SERVICES\EngineeringImprovementService.js","14.88","7/6/2026 11:44:56 PM"
"ACTIVE_CORE","SERVICES\EngineeringPlannerService.js","7.5","7/2/2026 2:30:32 PM"
"ACTIVE_CORE","SERVICES\EscalationManagerService.js","0.81","7/4/2026 2:49:04 AM"
"ACTIVE_CORE","SERVICES\ExecutionAuditService.js","1.24","7/4/2026 2:49:04 AM"
"ACTIVE_CORE","SERVICES\ExecutionDispatcherService.js","2.73","7/4/2026 2:49:28 AM"
"ACTIVE_CORE","SERVICES\ExecutionMonitorService.js","0.87","7/4/2026 2:49:04 AM"
"ACTIVE_CORE","SERVICES\ExecutionPlannerService.js","4.35","7/4/2026 2:49:04 AM"
"ACTIVE_CORE","SERVICES\ExecutionPlanService.js","1.93","7/1/2026 1:38:34 PM"
"ACTIVE_CORE","SERVICES\ExecutionRouterService.js","2","7/2/2026 7:54:12 PM"
"ACTIVE_CORE","SERVICES\ExecutionSchedulerService.js","0.49","7/4/2026 2:49:04 AM"
"ACTIVE_CORE","SERVICES\ExecutionService.js","10.43","7/6/2026 11:19:22 PM"
"ACTIVE_CORE","SERVICES\ExecutiveBrainService.js","7.36","7/4/2026 12:58:22 AM"
"ACTIVE_CORE","SERVICES\ExecutiveBriefService.js","8.19","6/30/2026 9:08:50 PM"
"ACTIVE_CORE","SERVICES\ExecutiveDashboardService.js","12.29","7/4/2026 1:48:24 AM"
"ACTIVE_CORE","SERVICES\ExecutiveDispatcher.js","4.13","7/3/2026 5:53:02 PM"
"ACTIVE_CORE","SERVICES\ExecutiveIntelligenceService.js","4.91","7/9/2026 8:43:24 PM"
"ACTIVE_CORE","SERVICES\ExecutiveResponseService.js","5.69","7/6/2026 8:10:46 PM"
"ACTIVE_CORE","SERVICES\ExecutiveStateService.js","1.05","6/29/2026 8:22:48 PM"
"ACTIVE_CORE","SERVICES\FailureLearningService.js","1.96","7/4/2026 1:55:46 AM"
"ACTIVE_CORE","SERVICES\FileSystemProviderController.js","2.41","7/4/2026 2:18:28 AM"
"ACTIVE_CORE","SERVICES\GoogleWorkspaceProviderController.js","0.55","7/4/2026 2:18:28 AM"
"ACTIVE_CORE","SERVICES\HeartbeatService.js","1.2","7/4/2026 1:29:32 AM"
"ACTIVE_CORE","SERVICES\InstantlyActionBridgeService.js","3.38","7/4/2026 2:26:50 AM"
"ACTIVE_CORE","SERVICES\InstantlyApiClient.js","3.48","7/4/2026 2:26:50 AM"
"ACTIVE_CORE","SERVICES\InstantlyControlledWriteService.js","6.52","7/4/2026 2:44:14 AM"
"ACTIVE_CORE","SERVICES\InstantlyLiveIntegrationService.js","2.59","7/4/2026 2:26:50 AM"
"ACTIVE_CORE","SERVICES\InstantlyLiveProviderController.js","7.51","7/4/2026 2:26:50 AM"
"ACTIVE_CORE","SERVICES\InstantlyProviderCompatibilityService.js","5.04","7/4/2026 2:58:22 AM"
"ACTIVE_CORE","SERVICES\InstantlyProviderController.js","0.71","7/4/2026 2:18:28 AM"
"ACTIVE_CORE","SERVICES\JsonFileService.js","1.09","7/4/2026 1:29:10 AM"
"ACTIVE_CORE","SERVICES\LearningDataService.js","2.91","7/9/2026 6:00:10 PM"
"ACTIVE_CORE","SERVICES\LiveAutonomousBusinessMode.js","4.1","7/2/2026 8:32:18 PM"
"ACTIVE_CORE","SERVICES\LiveProductionExecutionSystem.js","4.25","7/2/2026 9:00:18 PM"
"ACTIVE_CORE","SERVICES\LoopSchedulerService.js","1.12","7/4/2026 1:30:00 AM"
"ACTIVE_CORE","SERVICES\MemoryService.js","1.21","6/29/2026 2:43:06 PM"
"ACTIVE_CORE","SERVICES\MilesAdaptiveRealTimeIntelligenceSystem.js","4.25","7/2/2026 9:02:54 PM"
"ACTIVE_CORE","SERVICES\MilesSelfLearningCompanyAI.js","4.24","7/2/2026 9:01:18 PM"
"ACTIVE_CORE","SERVICES\NamecheapProviderController.js","0.59","7/4/2026 2:18:28 AM"
"ACTIVE_CORE","SERVICES\OrionProviderController.js","0.48","7/4/2026 2:18:28 AM"
"ACTIVE_CORE","SERVICES\OutboundService.js","17.95","6/30/2026 9:20:20 PM"
"ACTIVE_CORE","SERVICES\PlannerService.js","4.3","7/1/2026 9:09:20 PM"
"ACTIVE_CORE","SERVICES\PriorityOptimizationService.js","1.61","7/4/2026 1:55:46 AM"
"ACTIVE_CORE","SERVICES\ProductionCOOEngine.js","1.76","7/3/2026 6:27:00 PM"
"ACTIVE_CORE","SERVICES\ProviderAuthorityRegistryService.js","8.94","7/4/2026 2:58:22 AM"
"ACTIVE_CORE","SERVICES\ProviderCapabilityBindingService.js","2.55","7/4/2026 2:58:22 AM"
"ACTIVE_CORE","SERVICES\ProviderControllerExecutionService.js","2.06","7/4/2026 2:18:50 AM"
"ACTIVE_CORE","SERVICES\ProviderControllerHealthService.js","1.25","7/4/2026 2:18:50 AM"
"ACTIVE_CORE","SERVICES\ProviderControllerRegistryService.js","2.24","7/4/2026 2:18:50 AM"
"ACTIVE_CORE","SERVICES\ProviderInterfaceAdapterService.js","2.24","7/4/2026 2:58:22 AM"
"ACTIVE_CORE","SERVICES\ProviderRegistryService.js","12.13","7/4/2026 2:09:10 AM"
"ACTIVE_CORE","SERVICES\ProviderRouterService.js","6.13","7/1/2026 9:03:48 PM"
"ACTIVE_CORE","SERVICES\ProviderSynchronizationService.js","4.92","7/4/2026 2:58:22 AM"
"ACTIVE_CORE","SERVICES\QueueRecoveryService.js","4.92","7/4/2026 1:29:32 AM"
"ACTIVE_CORE","SERVICES\RealWorldIntegrationLayer.js","3.42","7/2/2026 8:30:42 PM"
"ACTIVE_CORE","SERVICES\RecommendationEngineService.js","1.84","7/4/2026 1:55:46 AM"
"ACTIVE_CORE","SERVICES\ReplyIntelligenceEngine.js","4.75","7/2/2026 8:18:52 PM"
"ACTIVE_CORE","SERVICES\RepositoryRegistryService.js","20.54","7/4/2026 12:18:54 AM"
"ACTIVE_CORE","SERVICES\RepositorySearchService.js","7.64","7/7/2026 10:55:50 AM"
"ACTIVE_CORE","SERVICES\RestartGuardianService.js","1.54","7/4/2026 1:30:00 AM"
"ACTIVE_CORE","SERVICES\RetryManagerService.js","0.61","7/4/2026 2:49:04 AM"
"ACTIVE_CORE","SERVICES\RoutingLearningService.js","2.08","7/4/2026 1:55:46 AM"
"ACTIVE_CORE","SERVICES\RuntimeHealthService.js","2.22","7/4/2026 1:29:32 AM"
"ACTIVE_CORE","SERVICES\RuntimeRecoveryService.js","3.1","7/4/2026 11:23:32 PM"
"ACTIVE_CORE","SERVICES\SchedulerService.js","1.37","6/29/2026 7:19:44 PM"
"ACTIVE_CORE","SERVICES\SelfEngineeringService.js","2.37","7/2/2026 3:05:58 PM"
"ACTIVE_CORE","SERVICES\SelfLearningService.js","5.11","7/4/2026 1:55:46 AM"
"ACTIVE_CORE","SERVICES\SelfMaintenanceService.js","10.85","7/6/2026 11:32:32 PM"
"ACTIVE_CORE","SERVICES\StartProductionSystem.js","2.34","7/7/2026 5:32:56 PM"
"ACTIVE_CORE","SERVICES\SystemRootGuard.js","3.31","7/2/2026 6:36:48 PM"
"ACTIVE_CORE","SERVICES\TaskManager.js","0.67","6/29/2026 7:01:54 PM"
"ACTIVE_CORE","SERVICES\TaskRouterService.js","9.94","7/4/2026 1:07:56 AM"
"ACTIVE_CORE","SERVICES\TestRunnerService.js","4.47","7/2/2026 3:03:40 PM"
"ACTIVE_CORE","SERVICES\test_autonomous_coo_loop.js","0.33","7/1/2026 1:31:42 AM"
"ACTIVE_CORE","SERVICES\TimeUtil.js","0.57","7/4/2026 1:29:10 AM"
"ACTIVE_CORE","SERVICES\WebsiteProviderController.js","0.49","7/4/2026 2:18:28 AM"
"ACTIVE_CORE","SERVICES\WorkflowService.js","2.06","7/7/2026 6:15:20 PM"
"ACTIVE_CORE","SERVICES\WorkforceExecutionService.js","18.53","7/2/2026 4:34:18 PM"
"ACTIVE_CORE","SERVICES\WorkforceService.js","2.87","6/29/2026 8:15:44 PM"
"ACTIVE_CORE","SERVICES\WorkPackageService.js","2.27","6/29/2026 8:33:38 PM"
"ACTIVE_CORE","SERVICES\WorkQueueService.js","21.56","7/8/2026 4:25:26 PM"
"ACTIVE_CORE","SERVICES\WorkerExecutionBridge.js","1.59","7/9/2026 12:42:30 PM"
"ACTIVE_CORE","SERVICES\WorkerRegistry.js","0.46","7/9/2026 12:39:58 PM"
"ACTIVE_CORE","SERVICES\WorkerBootstrap.js","1.27","7/9/2026 2:39:38 PM"
"ACTIVE_CORE","SERVICES\ExecutiveMissionRouter.js","2.14","7/9/2026 2:47:32 PM"
"ACTIVE_CORE","SERVICES\DepartmentMissionAdapter.js","0.87","7/9/2026 2:48:24 PM"
"ACTIVE_CORE","SERVICES\DepartmentBootstrap.js","0.44","7/9/2026 2:52:36 PM"
"ACTIVE_CORE","SERVICES\MissionLifecycleService.js","3.09","7/9/2026 3:48:34 PM"
"ACTIVE_CORE","SERVICES\MissionSupervisor.js","1.65","7/9/2026 3:05:48 PM"
"ACTIVE_CORE","SERVICES\ResolutionEngine.js","1.47","7/9/2026 4:01:38 PM"
"ACTIVE_CORE","SERVICES\ResolutionMemoryService.js","1.48","7/9/2026 3:59:18 PM"
"ACTIVE_CORE","SERVICES\ConfigService.js","1.59","7/9/2026 6:10:14 PM"
"ACTIVE_CORE","SERVICES\CapabilityRegistry.js","1.43","7/9/2026 6:14:24 PM"
"ACTIVE_CORE","SERVICES\AssetRegistry.js","0.92","7/9/2026 6:17:48 PM"
"ACTIVE_CORE","SERVICES\ExecutiveEnvironmentService.js","0.91","7/9/2026 6:21:40 PM"
"ACTIVE_CORE","SERVICES\MissionCapabilityResolver.js","1.14","7/9/2026 6:24:36 PM"
"ACTIVE_CORE","SERVICES\WorkerSelector.js","1.09","7/9/2026 6:30:08 PM"
"ACTIVE_CORE","SERVICES\WorkerContract.js","1.09","7/9/2026 6:32:26 PM"
"ACTIVE_CORE","SERVICES\BusinessWorker.js","1.26","7/9/2026 6:34:02 PM"
"ACTIVE_CORE","SERVICES\RuntimeActivationAuditService.js","3.36","7/9/2026 6:39:38 PM"
"ACTIVE_CORE","SERVICES\InstantlyCampaignInventoryService.js","4.64","7/9/2026 7:37:12 PM"
"ACTIVE_CORE","SERVICES\InstantlyExecutiveAdvisor.js","4.54","7/9/2026 7:50:04 PM"
"ACTIVE_CORE","SERVICES\MissionCreationService.js","5.97","7/9/2026 8:04:14 PM"
"ACTIVE_CORE","SERVICES\RuntimeConsolidationAuditService.js","5.84","7/9/2026 8:34:30 PM"
"ACTIVE_CORE","SERVICES\EnterpriseRuntimeManager.js","4.48","7/9/2026 8:37:08 PM"
"ACTIVE_CORE","SERVICES\BusinessOperationsBridgeService.backup_20260710_172805.js","8.82","7/7/2026 12:14:38 PM"
"ACTIVE_CORE","SERVICES\Browser\BrowserSessionEnroller.js","2.28","7/1/2026 3:43:20 PM"
"ACTIVE_CORE","SERVICES\Browser\BrowserSessionManager.js","3.52","7/1/2026 3:27:50 PM"
"ACTIVE_CORE","SERVICES\Browser\Workers\InstantlyCampaignOperator.js","12.68","7/2/2026 4:34:18 PM"
"ACTIVE_CORE","SERVICES\capability_builder\AutonomousCapabilityBuilderService.js","8.11","7/10/2026 1:32:48 PM"
"ACTIVE_CORE","SERVICES\capability_engine\CapabilityDeploymentEngine.js","23.58","7/5/2026 9:39:46 PM"
"ACTIVE_CORE","SERVICES\capability_engine\CapabilityDeploymentEngineManager.js","8.77","7/5/2026 9:42:14 PM"
"ACTIVE_CORE","SERVICES\connector_runtime\ConnectorRuntime.js","24.73","7/11/2026 2:21:48 PM"
"ACTIVE_CORE","SERVICES\connector_runtime\ConnectorRuntimeManager.js","6.58","7/5/2026 11:11:34 PM"
"ACTIVE_CORE","SERVICES\Decision\ApprovalEngine.js","0.62","7/1/2026 1:35:14 PM"
"ACTIVE_CORE","SERVICES\Decision\AuthorityEngine.js","1.01","7/1/2026 1:33:12 PM"
"ACTIVE_CORE","SERVICES\Decision\ConfidenceEngine.js","0.68","7/1/2026 1:34:46 PM"
"ACTIVE_CORE","SERVICES\Decision\DecisionEngine.js","1.09","7/1/2026 1:35:38 PM"
"ACTIVE_CORE","SERVICES\Decision\PolicyEngine.js","0.89","7/1/2026 1:34:16 PM"
"ACTIVE_CORE","SERVICES\Decision\RiskEngine.js","0.85","7/1/2026 1:33:44 PM"
"ACTIVE_CORE","SERVICES\decision_engine\AutonomousDecisionEngine.js","19.65","7/5/2026 9:35:14 PM"
"ACTIVE_CORE","SERVICES\decision_engine\AutonomousDecisionEngineManager.js","8.71","7/5/2026 9:36:46 PM"
"ACTIVE_CORE","SERVICES\digital_coo\COOBusinessStateEngine.js","19.2","7/5/2026 10:41:54 PM"
"ACTIVE_CORE","SERVICES\digital_coo\COOExecutionLoop.js","15.44","7/5/2026 10:36:44 PM"
"ACTIVE_CORE","SERVICES\digital_coo\COOGoalEngine.js","12.53","7/5/2026 10:34:38 PM"
"ACTIVE_CORE","SERVICES\digital_coo\DigitalCOOHost.js","28.13","7/9/2026 10:43:34 PM"
"ACTIVE_CORE","SERVICES\digital_coo\DigitalCOORuntime.js","22.59","7/9/2026 11:00:26 PM"
"ACTIVE_CORE","SERVICES\digital_coo\DigitalCOORuntimeManager.js","16.31","7/5/2026 9:31:30 PM"
"ACTIVE_CORE","SERVICES\digital_coo\MarketingCOOService.js","5.11","7/8/2026 5:00:06 PM"
"ACTIVE_CORE","SERVICES\digital_coo\MilesCommandCenter.js","14.77","7/7/2026 12:14:38 PM"
"ACTIVE_CORE","SERVICES\digital_coo\MilesExecutionTracer.js","4.44","7/5/2026 11:27:52 PM"
"ACTIVE_CORE","SERVICES\digital_coo\InstantlyCOOService.js","25.58","7/11/2026 2:40:22 PM"
"ACTIVE_CORE","SERVICES\Discovery\DiscoveryEngine.js","9.74","7/1/2026 8:54:20 PM"
"ACTIVE_CORE","SERVICES\Discovery\MarketingDiscovery.js","1.74","7/1/2026 2:27:02 PM"
"ACTIVE_CORE","SERVICES\Discovery\OrionDiscovery.js","1.59","7/1/2026 2:27:38 PM"
"ACTIVE_CORE","SERVICES\Events\EventBus.js","3.41","7/1/2026 1:44:06 PM"
"ACTIVE_CORE","SERVICES\Events\EventTypes.js","0.32","7/1/2026 1:50:06 PM"
"ACTIVE_CORE","SERVICES\Executive\CEOApprovalQueue.js","4.07","7/1/2026 3:22:24 PM"
"ACTIVE_CORE","SERVICES\Learning\ConfidenceAdjuster.js","0.62","7/1/2026 2:09:04 PM"
"ACTIVE_CORE","SERVICES\Learning\DecisionHistory.js","0.92","7/1/2026 2:09:30 PM"
"ACTIVE_CORE","SERVICES\Learning\LearningEngine.js","1.29","7/1/2026 2:05:48 PM"
"ACTIVE_CORE","SERVICES\Learning\PerformanceScorer.js","0.76","7/1/2026 2:08:36 PM"
"ACTIVE_CORE","SERVICES\learning_engine\LearningEngine.js","11.24","7/5/2026 9:25:02 PM"
"ACTIVE_CORE","SERVICES\learning_engine\LearningEngineManager.js","10.04","7/5/2026 9:26:44 PM"
"ACTIVE_CORE","SERVICES\Memory\OperationalMemoryService.js","2.41","7/1/2026 1:58:34 PM"
"ACTIVE_CORE","SERVICES\operation_kernel\OperationExecutionKernel.js","5.64","7/5/2026 8:58:10 PM"
"ACTIVE_CORE","SERVICES\Planning\BasePlanner.js","1.26","7/1/2026 1:08:04 PM"
"ACTIVE_CORE","SERVICES\Planning\ExecutivePlanner.js","2.27","7/1/2026 1:10:00 PM"
"ACTIVE_CORE","SERVICES\Planning\MarketingPlanner.js","3.24","7/1/2026 1:08:50 PM"
"ACTIVE_CORE","SERVICES\Planning\OrionPlanner.js","6.57","7/1/2026 9:27:50 PM"
"ACTIVE_CORE","SERVICES\Planning\PlannerRegistry.js","0.89","7/1/2026 1:10:34 PM"
"ACTIVE_CORE","SERVICES\Supervisor\ExecutiveSupervisor.js","0.68","7/1/2026 2:39:40 PM"
"ACTIVE_CORE","SERVICES\workers\BaseCOOWorker.js","11.68","7/5/2026 9:54:30 PM"
"ACTIVE_CORE","SERVICES\workers\GoogleWorkspaceCOOWorker.js","26.34","7/5/2026 10:06:20 PM"
"ACTIVE_CORE","SERVICES\workers\InstantlyCOOWorker.js","28.37","7/5/2026 9:59:44 PM"
"ACTIVE_CORE","SERVICES\workers\NamecheapCOOWorker.js","25.45","7/5/2026 10:08:44 PM"
"ACTIVE_CORE","SERVICES\workers\WebsiteCOOWorker.js","24.87","7/5/2026 9:56:50 PM"
"ACTIVE_CORE","SERVICES\worker_runtime\AutonomousWorkerScheduler.js","19","7/5/2026 9:49:10 PM"
"ACTIVE_CORE","SERVICES\worker_runtime\AutonomousWorkOrchestrator.js","32.09","7/5/2026 10:13:36 PM"
"ACTIVE_CORE","SERVICES\worker_runtime\AutonomousWorkOrchestratorManager.js","8.66","7/5/2026 10:14:46 PM"
"ACTIVE_CORE","SERVICES\worker_runtime\BaseAutonomousWorker.js","16.19","7/5/2026 9:46:04 PM"
"ACTIVE_CORE","SERVICES\worker_runtime\TaskExecutionWorker.js","12.81","7/9/2026 11:29:16 PM"
"ACTIVE_CORE","SERVICES\worker_runtime\WorkerDispatcher.js","6.31","7/5/2026 11:06:56 PM"
"ACTIVE_CORE","SERVICES\worker_runtime\WorkerRegistry.js","7.36","7/5/2026 11:02:40 PM"
"ACTIVE_CORE","SERVICES\worker_runtime\WorkerRuntime.js","7.99","7/8/2026 4:26:00 PM"
"ACTIVE_CORE","SERVICES\worker_runtime\WorkerRuntimeManager.js","6.34","7/5/2026 9:15:02 PM"
"ACTIVE_CORE","SERVICES\engineering\RepositoryInventoryService.js","4.63","7/8/2026 6:41:38 PM"
"ACTIVE_CORE","SERVICES\WORKER_ADAPTERS\AtlasWorkerAdapter.js","0.45","7/9/2026 12:45:22 PM"
"ACTIVE_CORE","SERVICES\WORKER_ADAPTERS\ArchitectAdapter.js","0.29","7/9/2026 12:48:14 PM"
"ACTIVE_CORE","SERVICES\WORKER_ADAPTERS\BuilderAdapter.js","0.29","7/9/2026 12:50:00 PM"
"ACTIVE_CORE","SERVICES\WORKER_ADAPTERS\ValidatorAdapter.js","0.27","7/9/2026 12:57:58 PM"
"ACTIVE_CORE","SERVICES\WORKER_ADAPTERS\TesterAdapter.js","0.37","7/9/2026 2:35:36 PM"
"ACTIVE_CORE","SERVICES\WORKER_ADAPTERS\DeployerAdapter.js","0","7/9/2026 2:36:13 PM"
"ACTIVE_CORE","SERVICES\WORKER_ADAPTERS\RecoveryAdapter.js","0.47","7/9/2026 2:38:44 PM"
"ACTIVE_CORE","SERVICES\registry\EnterpriseComponentRegistryService.js","8.94","7/10/2026 11:16:12 PM"
"ACTIVE_CORE","SERVICES\registry\EnterpriseCapabilityRegistryService.js","7.7","7/10/2026 11:16:12 PM"
"ACTIVE_CORE","SERVICES\runtime_registry\RuntimeRegistryService.js","36.46","7/10/2026 9:02:00 PM"
"ACTIVE_CORE","SERVICES\runtime_registry\RuntimeRegistryClient.js","2.24","7/10/2026 11:37:02 PM"
"OTHER_ACTIVE_CANDIDATE","PROVIDERS\StartProductionSystem.js","3.96","7/2/2026 8:17:38 PM"
"OTHER_ACTIVE_CANDIDATE","PROVIDERS\BaseProvider.js","0.39","7/8/2026 8:11:56 PM"
"OTHER_ACTIVE_CANDIDATE","PROVIDERS\InstantlyProvider.js","1.79","7/8/2026 8:27:48 PM"
"OTHER_ACTIVE_CANDIDATE","PROVIDERS\ProviderRegistry.js","0.59","7/8/2026 8:11:56 PM"
"OTHER_ACTIVE_CANDIDATE","PROVIDERS\contracts\IDataProvider.js","1.85","6/30/2026 7:12:36 PM"
"OTHER_ACTIVE_CANDIDATE","PROVIDERS\providers\InstantlyProvider.js","3.8","7/8/2026 2:21:02 PM"
"OTHER_ACTIVE_CANDIDATE","PROVIDERS\providers\MarketingProvider.js","3.68","6/30/2026 7:21:32 PM"
"OTHER_ACTIVE_CANDIDATE","PROVIDERS\providers\OrionProvider.js","4.47","7/3/2026 4:45:58 PM"
"OTHER_ACTIVE_CANDIDATE","PROVIDERS\providers\WebsiteProvider.js","1.8","7/8/2026 2:20:22 PM"
"OTHER_ACTIVE_CANDIDATE","PROVIDERS\registry\ProviderRegistry.js","2.24","6/30/2026 7:10:52 PM"
"ACTIVE_CORE","CONNECTORS\GOOGLE\account_manager.js","5.24","6/29/2026 12:48:18 AM"
"ACTIVE_CORE","CONNECTORS\GOOGLE\auth.js","2","6/28/2026 7:56:04 PM"
"ACTIVE_CORE","CONNECTORS\GOOGLE\calendar.js","0","6/28/2026 7:52:50 PM"
"ACTIVE_CORE","CONNECTORS\GOOGLE\config.js","0.59","6/28/2026 8:33:44 PM"
"ACTIVE_CORE","CONNECTORS\GOOGLE\contacts.js","0","6/28/2026 7:53:26 PM"
"ACTIVE_CORE","CONNECTORS\GOOGLE\drive.js","0","6/28/2026 7:53:08 PM"
"ACTIVE_CORE","CONNECTORS\GOOGLE\gmail.js","1.47","6/28/2026 8:39:20 PM"
"ACTIVE_CORE","CONNECTORS\GOOGLE\index.js","0.83","6/29/2026 12:48:18 AM"
"ACTIVE_CORE","CONNECTORS\GOOGLE\workspace.js","1.91","6/29/2026 12:48:18 AM"
"ACTIVE_CORE","CONNECTORS\GOOGLE\miles_google_account_manager_dropin\miles_google_accounts_health.js","0.92","6/29/2026 12:48:18 AM"
"ACTIVE_CORE","CONNECTORS\GOOGLE\miles_google_account_manager_dropin\CONNECTORS\GOOGLE\account_manager.js","5.24","6/29/2026 12:48:18 AM"
"ACTIVE_CORE","CONNECTORS\GOOGLE\miles_google_account_manager_dropin\CONNECTORS\GOOGLE\index.js","0.83","6/29/2026 12:48:18 AM"
"ACTIVE_CORE","CONNECTORS\GOOGLE\miles_google_account_manager_dropin\CONNECTORS\GOOGLE\workspace.js","1.91","6/29/2026 12:48:18 AM"
"ACTIVE_CORE","CONNECTORS\GOOGLE\miles_google_connector_pack\miles_google_connector_pack\CONNECTORS\GOOGLE\auth.js","2.42","6/29/2026 12:04:50 AM"
"ACTIVE_CORE","CONNECTORS\GOOGLE\miles_google_connector_pack\miles_google_connector_pack\CONNECTORS\GOOGLE\calendar.js","1.14","6/29/2026 12:04:50 AM"
"ACTIVE_CORE","CONNECTORS\GOOGLE\miles_google_connector_pack\miles_google_connector_pack\CONNECTORS\GOOGLE\config.js","1.13","6/29/2026 12:04:50 AM"
"ACTIVE_CORE","CONNECTORS\GOOGLE\miles_google_connector_pack\miles_google_connector_pack\CONNECTORS\GOOGLE\contacts.js","0.96","6/29/2026 12:04:50 AM"
"ACTIVE_CORE","CONNECTORS\GOOGLE\miles_google_connector_pack\miles_google_connector_pack\CONNECTORS\GOOGLE\drive.js","0.84","6/29/2026 12:04:50 AM"
"ACTIVE_CORE","CONNECTORS\GOOGLE\miles_google_connector_pack\miles_google_connector_pack\CONNECTORS\GOOGLE\gmail.js","1.35","6/29/2026 12:04:50 AM"
"ACTIVE_CORE","CONNECTORS\GOOGLE\miles_google_connector_pack\miles_google_connector_pack\CONNECTORS\GOOGLE\health.js","1.28","6/29/2026 12:04:50 AM"
"ACTIVE_CORE","CONNECTORS\GOOGLE\miles_google_connector_pack\miles_google_connector_pack\CONNECTORS\GOOGLE\index.js","0.2","6/29/2026 12:04:50 AM"
"ACTIVE_CORE","CONNECTORS\INSTANTLY\connector.js","6.53","7/11/2026 2:33:02 PM"
"ACTIVE_CORE","CONNECTORS\INSTANTLY\instantly.js","13.89","7/11/2026 2:32:32 PM"
"TEST","CONNECTORS\INSTANTLY\instantly_test.js","0.4","6/30/2026 7:18:32 PM"
"ACTIVE_CORE","CONNECTORS\MILES\connector.js","0.57","7/10/2026 1:34:36 PM"
"ACTIVE_CORE","CONNECTORS\ORION\connector.js","8.12","7/6/2026 7:19:10 PM"
"ACTIVE_CORE","CONNECTORS\Real\crmClient.js","0.44","7/2/2026 10:15:00 PM"
"ACTIVE_CORE","CONNECTORS\Real\gmailListener.js","0.99","7/2/2026 10:14:00 PM"
"ACTIVE_CORE","CONNECTORS\Real\instantlyClient.js","0.45","7/2/2026 10:14:30 PM"
"ACTIVE_CORE","CONNECTORS\WEBSITE\website.js","2.75","7/2/2026 3:47:54 PM"
"ACTIVE_CORE","CONNECTORS\WEBSITE_B12\B12_PLAYWRIGHT_OBSERVER.js","1","6/28/2026 3:43:38 PM"
"ACTIVE_CORE","CONNECTORS\WEBSITE_B12\controller.js","1.25","6/29/2026 2:43:06 PM"
"ACTIVE_CORE","CONNECTORS\WEBSITE_B12\modules\audit.js","1.13","6/29/2026 2:43:06 PM"
"ACTIVE_CORE","CONNECTORS\WEBSITE_B12\modules\browser.js","0.2","6/29/2026 2:43:06 PM"
"ACTIVE_CORE","CONNECTORS\WEBSITE_B12\modules\logger.js","0.4","6/29/2026 2:43:06 PM"
"ACTIVE_CORE","CONNECTORS\WEBSITE_B12\modules\paths.js","0.49","6/29/2026 2:43:06 PM"
"ACTIVE_CORE","CONNECTORS\WEBSITE_B12\modules\screenshots.js","0.43","6/29/2026 2:43:06 PM"
"ACTIVE_CORE","CONNECTORS\WEBSITE_B12\modules\session.js","0.58","6/29/2026 2:43:06 PM"
"ACTIVE_CORE","WORKERS\atlasWorker.js","0.77","7/3/2026 5:25:18 PM"
"ACTIVE_CORE","WORKERS\commandWorker.js","0.64","7/3/2026 5:40:28 PM"
"ACTIVE_CORE","WORKERS\cooWorker.js","1","7/10/2026 1:07:40 PM"
"ACTIVE_CORE","WORKERS\dealWorker.js","0.35","7/2/2026 10:17:32 PM"
"ACTIVE_CORE","WORKERS\dispatcherWorker.js","0.75","7/3/2026 5:53:32 PM"
"ACTIVE_CORE","WORKERS\replyWorker.js","0.33","7/2/2026 10:17:04 PM"
"ACTIVE_CORE","WORKERS\revenueWorker.js","0.55","7/3/2026 6:27:00 PM"
"ACTIVE_CORE","API\server.js","0.24","6/29/2026 2:43:06 PM"
"ACTIVE_CORE","API\API\memory.routes.js","0.61","6/29/2026 2:43:06 PM"
"OTHER_ACTIVE_CANDIDATE","AI\MilesBrain.js","0","6/29/2026 2:43:04 PM"
"OTHER_ACTIVE_CANDIDATE","AUTOMATIONS\Scheduler.js","0","6/29/2026 2:43:06 PM"
"OTHER_ACTIVE_CANDIDATE","DIGITAL_COO\SegmentRegistry.js","5.93","7/8/2026 7:11:52 PM"
"OTHER_ACTIVE_CANDIDATE","DIGITAL_COO\RunSegmentRegistry.js","0.79","7/8/2026 7:14:40 PM"
"OTHER_ACTIVE_CANDIDATE","DIGITAL_COO\Marketing\MarketingCOO.js","10.77","7/8/2026 7:04:56 PM"
"OTHER_ACTIVE_CANDIDATE","DIGITAL_COO\Marketing\SegmentImporter.js","5.66","7/8/2026 7:28:20 PM"
"OTHER_ACTIVE_CANDIDATE","DIGITAL_COO\Marketing\CampaignImporter.js","1.36","7/8/2026 7:30:02 PM"
"OTHER_ACTIVE_CANDIDATE","DIGITAL_COO\Marketing\MarketingAssignmentEngine.js","3.93","7/8/2026 7:31:48 PM"
"OTHER_ACTIVE_CANDIDATE","DIGITAL_COO\Marketing\MarketingIntelligenceEngine.js","4.62","7/8/2026 7:34:12 PM"
"OTHER_ACTIVE_CANDIDATE","DIGITAL_COO\Marketing\DomainInboxImporter.js","4.1","7/8/2026 7:36:12 PM"
"OTHER_ACTIVE_CANDIDATE","DIGITAL_COO\Marketing\MarketingCapacityPlanner.js","4.53","7/8/2026 7:38:32 PM"
"OTHER_ACTIVE_CANDIDATE","DIGITAL_COO\Marketing\MarketingUploadQueueEngine.js","6.91","7/8/2026 8:43:48 PM"
"OTHER_ACTIVE_CANDIDATE","DIGITAL_COO\Marketing\RunMarketingUploadQueueEngine.js","0.3","7/8/2026 7:44:30 PM"
"OTHER_ACTIVE_CANDIDATE","DIGITAL_COO\Engineering\EngineeringCOO.js","0.96","7/8/2026 9:49:36 PM"
"OTHER_ACTIVE_CANDIDATE","DIGITAL_COO\Engineering\EngineeringPlanner.js","1.15","7/8/2026 9:50:16 PM"
"OTHER_ACTIVE_CANDIDATE","DIGITAL_COO\Engineering\EngineeringAssignmentEngine.js","1.48","7/8/2026 9:50:54 PM"
"OTHER_ACTIVE_CANDIDATE","DIGITAL_COO\Engineering\EngineeringCapacityPlanner.js","1.61","7/8/2026 9:51:36 PM"
"OTHER_ACTIVE_CANDIDATE","DIGITAL_COO\Engineering\EngineeringRegistry.js","1.33","7/8/2026 9:53:10 PM"
"OTHER_ACTIVE_CANDIDATE","DIGITAL_COO\Engineering\RunEngineeringCOO.js","1.1","7/8/2026 9:54:14 PM"
"OTHER_ACTIVE_CANDIDATE","DIGITAL_COO\Engineering\EngineeringProjectQueue.js","1.37","7/8/2026 10:08:12 PM"
"OTHER_ACTIVE_CANDIDATE","DIGITAL_COO\Engineering\EngineeringOrchestrator.js","1.39","7/9/2026 12:25:42 PM"
"OTHER_ACTIVE_CANDIDATE","DIGITAL_COO\Engineering\EngineeringWorkerBridge.js","0.88","7/9/2026 12:26:58 PM"
"OTHER_ACTIVE_CANDIDATE","DIGITAL_COO\Engineering\EngineeringMissionAdapter.js","0.67","7/9/2026 12:32:12 PM"
"OTHER_ACTIVE_CANDIDATE","DIGITAL_COO\Engineering\EngineeringDepartment.js","0.5","7/9/2026 2:51:18 PM"
"TEST","TESTS\healthcheck.js","0.97","6/30/2026 9:20:20 PM"
"TEST","TESTS\outbound_audit.js","0.17","6/30/2026 9:20:20 PM"
"TEST","TESTS\TESTSTest_InstantlyCampaignOperator.js","1.08","7/1/2026 5:32:16 PM"
"TEST","TESTS\Test_BrowserSessionEnroller.js","0.31","7/1/2026 3:38:50 PM"
"TEST","TESTS\Test_BrowserSessionManager.js","2.07","7/1/2026 3:30:36 PM"
"TEST","TESTS\Test_Build017_ProviderRouter.js","2.6","7/1/2026 1:26:36 PM"
"TEST","TESTS\Test_Build018_DecisionEngine.js","0.95","7/1/2026 1:36:26 PM"
"TEST","TESTS\Test_Build019_AutonomousExecution.js","1.71","7/1/2026 1:40:06 PM"
"TEST","TESTS\Test_Build020_EventBus.js","1.01","7/1/2026 1:44:56 PM"
"TEST","TESTS\Test_Build021_EventDrivenExecution.js","1.45","7/1/2026 1:56:32 PM"
"TEST","TESTS\Test_Build022_OperationalMemory.js","1.34","7/1/2026 1:59:52 PM"
"TEST","TESTS\Test_Build024_LearningEngine.js","0.75","7/1/2026 2:06:42 PM"
"TEST","TESTS\Test_Build025_AdaptiveDecision.js","0.72","7/1/2026 2:10:00 PM"
"TEST","TESTS\Test_CEOApprovalQueue.js","1.3","7/1/2026 3:23:24 PM"
"TEST","TESTS\Test_ExecutiveSupervisor.js","0.57","7/1/2026 2:40:12 PM"
"TEST","TESTS\Test_InstantlyCampaignOperator.js","1.39","7/1/2026 5:53:08 PM"
"TEST","TESTS\Test_InstantlyWorker.js","1.24","7/1/2026 3:34:12 PM"
"TEST","TESTS\Test_MissionPack1_Discovery.js","1.1","7/1/2026 2:29:10 PM"
"TEST","TESTS\Test_Sprint2_Planning.js","2.9","7/1/2026 1:16:28 PM"
"TEST","TESTS\test_workforce_execution.js","0.74","6/29/2026 8:39:20 PM"
"TEST","TESTS\TestDepartmentRegistry.js","0.39","7/8/2026 10:04:22 PM"
"TEST","TESTS\TestCanonicalEventBus.js","0.35","7/8/2026 10:07:18 PM"
"TEST","TESTS\TestEngineeringQueue.js","0.53","7/8/2026 10:08:36 PM"
"TEST","TESTS\TestExecutiveToEngineering.js","0.68","7/8/2026 10:09:22 PM"
"TEST","TESTS\TestEngineeringOrchestrator.js","0.41","7/9/2026 12:23:16 PM"
"TEST","TESTS\TestEngineeringWorkerBridge.js","0.54","7/9/2026 12:27:36 PM"
"TEST","TESTS\TestEngineeringMissionAdapter.js","0.4","7/9/2026 12:32:46 PM"
"TEST","TESTS\TestWorkerExecutionBridge.js","0.61","7/9/2026 12:37:24 PM"
"TEST","TESTS\TestWorkerRegistry.js","0.56","7/9/2026 12:42:56 PM"
"TEST","TESTS\TestRealWorkerRegistration.js","0.32","7/9/2026 12:46:32 PM"
"TEST","TESTS\TestFullEngineeringMission.js","0.83","7/9/2026 2:40:54 PM"
"TEST","TESTS\TestExecutiveMissionRouter.js","0.58","7/9/2026 2:46:12 PM"
"TEST","TESTS\TestExecutiveToEngineeringFlow.js","0.78","7/9/2026 2:53:02 PM"
"TEST","TESTS\TestMissionLifecycle.js","0.14","7/9/2026 2:58:04 PM"
"TEST","TESTS\TestMissionSupervisor.js","0.13","7/9/2026 3:06:36 PM"
"TEST","TESTS\TestExecutiveDashboardData.js","0.18","7/9/2026 3:26:42 PM"
"TEST","TESTS\TestResolutionEngine.js","0.43","7/9/2026 3:40:56 PM"
"TEST","TESTS\Test_Build041_LearningIntegration.js","0.62","7/9/2026 5:56:20 PM"
"TEST","TESTS\Test_Build042_ConfigService.js","0.4","7/9/2026 6:10:48 PM"
"TEST","TESTS\Test_Build042_CapabilityRegistry.js","0.76","7/9/2026 6:14:58 PM"
"TEST","TESTS\Test_Build042_AssetRegistry.js","0.53","7/9/2026 6:18:32 PM"
"TEST","TESTS\Test_Build042_ExecutiveEnvironment.js","0.38","7/9/2026 6:22:52 PM"
"TEST","TESTS\Test_Build043_MissionCapabilityResolver.js","0.34","7/9/2026 6:25:12 PM"
"TEST","TESTS\Test_Build044_WorkerSelector.js","1","7/9/2026 6:30:36 PM"
"TEST","TESTS\Test_Build045_WorkerContract.js","0.99","7/9/2026 6:32:50 PM"
"TEST","TESTS\Test_Build046_BusinessWorker.js","0.61","7/9/2026 6:34:42 PM"
"TEST","TESTS\Test_Build046_RuntimeActivationAudit.js","0.56","7/9/2026 6:40:06 PM"
"TEST","TESTS\Test_Build047_InstantlyInventoryCheck.js","1.67","7/9/2026 6:54:22 PM"
"TEST","TESTS\Test_Build047_RuntimeWiring.js","1.99","7/9/2026 6:55:30 PM"
"TEST","TESTS\Test_Build048_EndToEndMissionTrace.js","2.02","7/9/2026 6:57:02 PM"
"TEST","TESTS\Test_Build049_InstantlyWorkerTrace.js","2.85","7/9/2026 6:59:16 PM"
"TEST","TESTS\Test_Build049_InstantlyCOOWorkerExecution.js","1.09","7/9/2026 7:10:44 PM"
"TEST","TESTS\Test_BUILD050_InstantlyLiveConnector.js","1.26","7/9/2026 7:25:12 PM"
"TEST","TESTS\Test_BUILD051_EnvironmentAudit.js","0.89","7/9/2026 7:15:40 PM"
"TEST","TESTS\Test_BUILD051_ListCampaigns.js","1.15","7/9/2026 7:26:40 PM"
"TEST","TESTS\Test_BUILD052_CampaignIntelligence.js","1.1","7/9/2026 7:27:36 PM"
"TEST","TESTS\Test_BUILD053_CampaignInventory.js","1.06","7/9/2026 7:38:14 PM"
"TEST","TESTS\Test_BUILD054_ExecutiveAdvisor.js","0.94","7/9/2026 7:40:26 PM"
"TEST","TESTS\Test_BUILD055_MissionCreationService.js","0.81","7/9/2026 7:52:40 PM"
"TEST","TESTS\Test_BUILD056_RuntimeConsolidationAudit.js","0.92","7/9/2026 8:35:02 PM"
"TEST","TESTS\Test_BUILD057_EnterpriseRuntimeManager.js","0.46","7/9/2026 8:42:32 PM"
"TEST","TESTS\Test_BUILD058_ServiceRegistry.js","0.83","7/9/2026 8:44:50 PM"
"TEST","TESTS\enterprise_registry.test.js","1.25","7/10/2026 11:16:12 PM"
"TEST","TESTS\runtime_registry_v2.test.js","1.38","7/10/2026 11:37:02 PM"
"REFERENCE","_REFERENCE\MILES_OS_v1\AI\MilesBrain.js","0","6/28/2026 4:18:46 PM"
"REFERENCE","_REFERENCE\MILES_OS_v1\API\server.js","0.24","6/28/2026 4:20:42 PM"
"REFERENCE","_REFERENCE\MILES_OS_v1\API\API\memory.routes.js","0.61","6/28/2026 4:39:28 PM"
"REFERENCE","_REFERENCE\MILES_OS_v1\AUTOMATIONS\Scheduler.js","0","6/28/2026 4:18:46 PM"
"REFERENCE","_REFERENCE\MILES_OS_v1\CONNECTORS\GOOGLE\auth.js","0","6/28/2026 7:16:24 PM"
"REFERENCE","_REFERENCE\MILES_OS_v1\CONNECTORS\GOOGLE\calendar.js","0","6/28/2026 7:17:12 PM"
"REFERENCE","_REFERENCE\MILES_OS_v1\CONNECTORS\GOOGLE\config.js","0","6/28/2026 7:16:40 PM"
"REFERENCE","_REFERENCE\MILES_OS_v1\CONNECTORS\GOOGLE\contacts.js","0","6/28/2026 7:17:42 PM"
"REFERENCE","_REFERENCE\MILES_OS_v1\CONNECTORS\GOOGLE\drive.js","0","6/28/2026 7:17:26 PM"
"REFERENCE","_REFERENCE\MILES_OS_v1\CONNECTORS\GOOGLE\gmail.js","0","6/28/2026 7:16:54 PM"
"REFERENCE","_REFERENCE\MILES_OS_v1\CONNECTORS\ORION\OrionConnector.js","1.5","6/28/2026 6:07:08 PM"
"REFERENCE","_REFERENCE\MILES_OS_v1\CONNECTORS\WEBSITE_B12\controller.js","1.22","6/28/2026 7:52:20 PM"
"REFERENCE","_REFERENCE\MILES_OS_v1\CONNECTORS\WEBSITE_B12\modules\audit.js","1.1","6/28/2026 7:52:20 PM"
"REFERENCE","_REFERENCE\MILES_OS_v1\CONNECTORS\WEBSITE_B12\modules\browser.js","0.19","6/28/2026 7:52:20 PM"
"REFERENCE","_REFERENCE\MILES_OS_v1\CONNECTORS\WEBSITE_B12\modules\logger.js","0.39","6/28/2026 7:52:20 PM"
"REFERENCE","_REFERENCE\MILES_OS_v1\CONNECTORS\WEBSITE_B12\modules\paths.js","0.48","6/28/2026 7:52:20 PM"
"REFERENCE","_REFERENCE\MILES_OS_v1\CONNECTORS\WEBSITE_B12\modules\screenshots.js","0.42","6/28/2026 7:52:20 PM"
"REFERENCE","_REFERENCE\MILES_OS_v1\CONNECTORS\WEBSITE_B12\modules\session.js","0.56","6/28/2026 7:52:20 PM"
"REFERENCE","_REFERENCE\MILES_OS_v1\CORE\authority.js","0.71","6/28/2026 7:52:20 PM"
"REFERENCE","_REFERENCE\MILES_OS_v1\CORE\Database.js","1.48","6/28/2026 4:32:30 PM"
"REFERENCE","_REFERENCE\MILES_OS_v1\CORE\logger.js","0.6","6/28/2026 7:52:20 PM"
"REFERENCE","_REFERENCE\MILES_OS_v1\CORE\miles.js","1.81","6/28/2026 7:52:20 PM"
"REFERENCE","_REFERENCE\MILES_OS_v1\CORE\Kernel\EventBus.js","0.43","6/28/2026 5:45:28 PM"
"REFERENCE","_REFERENCE\MILES_OS_v1\CORE\Kernel\HealthMonitor.js","0.85","6/28/2026 5:48:36 PM"
"REFERENCE","_REFERENCE\MILES_OS_v1\CORE\Kernel\MilesKernel.js","1.81","6/28/2026 5:50:58 PM"
"REFERENCE","_REFERENCE\MILES_OS_v1\CORE\Kernel\ServiceRegistry.js","0.77","6/28/2026 5:46:40 PM"
"REFERENCE","_REFERENCE\MILES_OS_v1\CORE\Kernel\StartMiles.js","0.17","6/28/2026 5:52:54 PM"
"REFERENCE","_REFERENCE\MILES_OS_v1\DASHBOARD\ExecutiveDashboard.js","3.03","6/28/2026 6:09:32 PM"
"REFERENCE","_REFERENCE\MILES_OS_v1\SERVICES\ConnectorManager.js","0","6/28/2026 4:18:46 PM"
"REFERENCE","_REFERENCE\MILES_OS_v1\SERVICES\MemoryService.js","1.21","6/28/2026 4:34:02 PM"
"REFERENCE","_REFERENCE\MILES_OS_v1\SERVICES\TaskManager.js","0","6/28/2026 4:18:46 PM"
"REFERENCE","_REFERENCE\MILES_OS_v1\TASK_QUEUE\Engine\TaskEngine.js","0.54","6/28/2026 5:58:28 PM"
"REFERENCE","_REFERENCE\MILES_OS_v1\WEB\Dashboard.js","0","6/28/2026 4:18:46 PM"
"NODE_MODULES","node_modules\accepts\index.js","5.13","7/8/2026 7:06:38 PM"
"NODE_MODULES","node_modules\asynckit\bench.js","1.23","7/8/2026 7:06:42 PM"
"NODE_MODULES","node_modules\asynckit\index.js","0.15","7/8/2026 7:06:46 PM"
"NODE_MODULES","node_modules\asynckit\stream.js","0.69","7/8/2026 7:06:48 PM"
"NODE_MODULES","node_modules\asynckit\parallel.js","0.99","7/8/2026 7:06:50 PM"
"NODE_MODULES","node_modules\asynckit\serial.js","0.49","7/8/2026 7:06:50 PM"
"NODE_MODULES","node_modules\asynckit\serialOrdered.js","1.71","7/8/2026 7:06:50 PM"
"NODE_MODULES","node_modules\asynckit\lib\abort.js","0.49","7/8/2026 7:06:52 PM"
"NODE_MODULES","node_modules\asynckit\lib\defer.js","0.43","7/8/2026 7:06:56 PM"
"NODE_MODULES","node_modules\asynckit\lib\iterate.js","1.75","7/8/2026 7:06:56 PM"
"NODE_MODULES","node_modules\asynckit\lib\readable_asynckit.js","1.57","7/8/2026 7:06:58 PM"
"NODE_MODULES","node_modules\asynckit\lib\async.js","0.58","7/8/2026 7:06:58 PM"
"NODE_MODULES","node_modules\asynckit\lib\readable_serial.js","0.64","7/8/2026 7:06:58 PM"
"NODE_MODULES","node_modules\asynckit\lib\readable_serial_ordered.js","0.92","7/8/2026 7:07:00 PM"
"NODE_MODULES","node_modules\asynckit\lib\state.js","0.92","7/8/2026 7:07:00 PM"
"NODE_MODULES","node_modules\asynckit\lib\streamify.js","2.89","7/8/2026 7:07:00 PM"
"NODE_MODULES","node_modules\asynckit\lib\terminator.js","0.52","7/8/2026 7:07:00 PM"
"NODE_MODULES","node_modules\asynckit\lib\readable_parallel.js","0.66","7/8/2026 7:07:02 PM"
"NODE_MODULES","node_modules\axios\index.js","0.69","7/8/2026 7:07:12 PM"
"NODE_MODULES","node_modules\axios\dist\axios.js","180.89","7/8/2026 7:06:58 PM"
"NODE_MODULES","node_modules\axios\dist\axios.min.js","60.94","7/8/2026 7:07:02 PM"
"NODE_MODULES","node_modules\axios\dist\esm\axios.js","139.47","7/8/2026 7:07:00 PM"
"NODE_MODULES","node_modules\axios\dist\esm\axios.min.js","45.03","7/8/2026 7:07:02 PM"
"NODE_MODULES","node_modules\axios\lib\axios.js","2.5","7/8/2026 7:07:00 PM"
"NODE_MODULES","node_modules\axios\lib\utils.js","26.51","7/8/2026 7:07:14 PM"
"NODE_MODULES","node_modules\axios\lib\adapters\adapters.js","3.42","7/8/2026 7:06:56 PM"
"NODE_MODULES","node_modules\axios\lib\adapters\fetch.js","19.89","7/8/2026 7:07:10 PM"
"NODE_MODULES","node_modules\axios\lib\adapters\http.js","49.43","7/8/2026 7:07:12 PM"
"NODE_MODULES","node_modules\axios\lib\adapters\xhr.js","7.44","7/8/2026 7:07:14 PM"
"NODE_MODULES","node_modules\axios\lib\core\Axios.js","8.24","7/8/2026 7:07:00 PM"
"NODE_MODULES","node_modules\axios\lib\core\AxiosError.js","6","7/8/2026 7:07:02 PM"
"NODE_MODULES","node_modules\axios\lib\core\AxiosHeaders.js","7.74","7/8/2026 7:07:02 PM"
"NODE_MODULES","node_modules\axios\lib\core\buildFullPath.js","1.57","7/8/2026 7:07:04 PM"
"NODE_MODULES","node_modules\axios\lib\core\dispatchRequest.js","2.59","7/8/2026 7:07:10 PM"
"NODE_MODULES","node_modules\axios\lib\core\InterceptorManager.js","1.56","7/8/2026 7:07:12 PM"
"NODE_MODULES","node_modules\axios\lib\core\mergeConfig.js","5.27","7/8/2026 7:07:12 PM"
"NODE_MODULES","node_modules\axios\lib\core\settle.js","0.83","7/8/2026 7:07:14 PM"
"NODE_MODULES","node_modules\axios\lib\core\transformData.js","0.76","7/8/2026 7:07:14 PM"
"NODE_MODULES","node_modules\axios\lib\helpers\AxiosTransformStream.js","3.72","7/8/2026 7:07:04 PM"
"NODE_MODULES","node_modules\axios\lib\helpers\AxiosURLSearchParams.js","1.38","7/8/2026 7:07:04 PM"
"NODE_MODULES","node_modules\axios\lib\helpers\bind.js","0.43","7/8/2026 7:07:04 PM"
"NODE_MODULES","node_modules\axios\lib\helpers\buildURL.js","1.78","7/8/2026 7:07:06 PM"
"NODE_MODULES","node_modules\axios\lib\helpers\callbackify.js","0.41","7/8/2026 7:07:06 PM"
"NODE_MODULES","node_modules\axios\lib\helpers\combineURLs.js","0.37","7/8/2026 7:07:08 PM"
"NODE_MODULES","node_modules\axios\lib\helpers\composeSignals.js","1.37","7/8/2026 7:07:08 PM"
"NODE_MODULES","node_modules\axios\lib\helpers\cookies.js","2.1","7/8/2026 7:07:08 PM"
"NODE_MODULES","node_modules\axios\lib\helpers\deprecatedMethod.js","0.76","7/8/2026 7:07:08 PM"
"NODE_MODULES","node_modules\axios\lib\helpers\estimateDataURLDecodedBytes.js","2.99","7/8/2026 7:07:10 PM"
"NODE_MODULES","node_modules\axios\lib\helpers\formDataToJSON.js","2.75","7/8/2026 7:07:12 PM"
"NODE_MODULES","node_modules\axios\lib\helpers\formDataToStream.js","3.03","7/8/2026 7:07:12 PM"
"NODE_MODULES","node_modules\axios\lib\helpers\fromDataURI.js","1.86","7/8/2026 7:07:12 PM"
"NODE_MODULES","node_modules\axios\lib\helpers\Http2Sessions.js","2.56","7/8/2026 7:07:12 PM"
"NODE_MODULES","node_modules\axios\lib\helpers\HttpStatusCode.js","1.72","7/8/2026 7:07:12 PM"
"NODE_MODULES","node_modules\axios\lib\helpers\isAbsoluteURL.js","0.6","7/8/2026 7:07:12 PM"
"NODE_MODULES","node_modules\axios\lib\helpers\isAxiosError.js","0.36","7/8/2026 7:07:12 PM"
"NODE_MODULES","node_modules\axios\lib\helpers\isURLSameOrigin.js","0.45","7/8/2026 7:07:12 PM"
"NODE_MODULES","node_modules\axios\lib\helpers\null.js","0.05","7/8/2026 7:07:12 PM"
"NODE_MODULES","node_modules\axios\lib\helpers\parseHeaders.js","1.41","7/8/2026 7:07:14 PM"
"NODE_MODULES","node_modules\axios\lib\helpers\parseProtocol.js","0.15","7/8/2026 7:07:14 PM"
"NODE_MODULES","node_modules\axios\lib\helpers\progressEventReducer.js","1.38","7/8/2026 7:07:14 PM"
"NODE_MODULES","node_modules\axios\lib\helpers\readBlob.js","0.32","7/8/2026 7:07:14 PM"
"NODE_MODULES","node_modules\axios\lib\helpers\resolveConfig.js","3.75","7/8/2026 7:07:14 PM"
"NODE_MODULES","node_modules\axios\lib\helpers\sanitizeHeaderValue.js","1.55","7/8/2026 7:07:14 PM"
"NODE_MODULES","node_modules\axios\lib\helpers\shouldBypassProxy.js","6.07","7/8/2026 7:07:14 PM"
"NODE_MODULES","node_modules\axios\lib\helpers\speedometer.js","1.07","7/8/2026 7:07:14 PM"
"NODE_MODULES","node_modules\axios\lib\helpers\spread.js","0.55","7/8/2026 7:07:14 PM"
"NODE_MODULES","node_modules\axios\lib\helpers\throttle.js","0.83","7/8/2026 7:07:14 PM"
"NODE_MODULES","node_modules\axios\lib\helpers\toFormData.js","7.61","7/8/2026 7:07:14 PM"
"NODE_MODULES","node_modules\axios\lib\helpers\toURLEncodedForm.js","0.53","7/8/2026 7:07:14 PM"
"NODE_MODULES","node_modules\axios\lib\helpers\trackStream.js","1.72","7/8/2026 7:07:14 PM"
"NODE_MODULES","node_modules\axios\lib\helpers\validator.js","3.01","7/8/2026 7:07:14 PM"
"NODE_MODULES","node_modules\axios\lib\helpers\ZlibHeaderTransformStream.js","0.67","7/8/2026 7:07:14 PM"
"NODE_MODULES","node_modules\axios\lib\platform\index.js","0.13","7/8/2026 7:07:12 PM"
"NODE_MODULES","node_modules\axios\lib\platform\browser\index.js","0.3","7/8/2026 7:07:12 PM"
"NODE_MODULES","node_modules\axios\lib\platform\browser\classes\Blob.js","0.07","7/8/2026 7:07:04 PM"
"NODE_MODULES","node_modules\axios\lib\platform\browser\classes\FormData.js","0.08","7/8/2026 7:07:10 PM"
"NODE_MODULES","node_modules\axios\lib\platform\browser\classes\URLSearchParams.js","0.18","7/8/2026 7:07:14 PM"
"NODE_MODULES","node_modules\axios\lib\platform\node\index.js","0.82","7/8/2026 7:07:12 PM"
"NODE_MODULES","node_modules\axios\lib\platform\node\classes\FormData.js","0.06","7/8/2026 7:07:12 PM"
"NODE_MODULES","node_modules\axios\lib\platform\node\classes\URLSearchParams.js","0.07","7/8/2026 7:07:14 PM"
"NODE_MODULES","node_modules\axios\lib\platform\common\utils.js","1.57","7/8/2026 7:07:14 PM"
"NODE_MODULES","node_modules\axios\lib\cancel\CanceledError.js","0.6","7/8/2026 7:07:06 PM"
"NODE_MODULES","node_modules\axios\lib\cancel\CancelToken.js","2.73","7/8/2026 7:07:08 PM"
"NODE_MODULES","node_modules\axios\lib\cancel\isCancel.js","0.1","7/8/2026 7:07:12 PM"
"NODE_MODULES","node_modules\axios\lib\env\data.js","0.03","7/8/2026 7:07:08 PM"
"NODE_MODULES","node_modules\axios\lib\env\classes\FormData.js","0.1","7/8/2026 7:07:10 PM"
"NODE_MODULES","node_modules\axios\lib\defaults\index.js","4.86","7/8/2026 7:07:12 PM"
"NODE_MODULES","node_modules\axios\lib\defaults\transitional.js","0.23","7/8/2026 7:07:14 PM"
"NODE_MODULES","node_modules\base64-js\base64js.min.js","2.14","7/8/2026 7:06:38 PM"
"NODE_MODULES","node_modules\base64-js\index.js","3.84","7/8/2026 7:06:40 PM"
"NODE_MODULES","node_modules\better-sqlite3\deps\copy.js","0.88","7/8/2026 7:07:14 PM"
"NODE_MODULES","node_modules\better-sqlite3\lib\database.js","4.05","7/8/2026 7:07:14 PM"
"NODE_MODULES","node_modules\better-sqlite3\lib\index.js","0.11","7/8/2026 7:07:14 PM"
"NODE_MODULES","node_modules\better-sqlite3\lib\sqlite-error.js","0.7","7/8/2026 7:07:14 PM"
"NODE_MODULES","node_modules\better-sqlite3\lib\util.js","0.32","7/8/2026 7:07:14 PM"
"NODE_MODULES","node_modules\better-sqlite3\lib\methods\aggregate.js","1.89","7/8/2026 7:07:14 PM"
"NODE_MODULES","node_modules\better-sqlite3\lib\methods\backup.js","2.32","7/8/2026 7:07:14 PM"
"NODE_MODULES","node_modules\better-sqlite3\lib\methods\function.js","1.36","7/8/2026 7:07:14 PM"
"NODE_MODULES","node_modules\better-sqlite3\lib\methods\inspect.js","0.17","7/8/2026 7:07:14 PM"
"NODE_MODULES","node_modules\better-sqlite3\lib\methods\pragma.js","0.52","7/8/2026 7:07:14 PM"
"NODE_MODULES","node_modules\better-sqlite3\lib\methods\serialize.js","0.61","7/8/2026 7:07:14 PM"
"NODE_MODULES","node_modules\better-sqlite3\lib\methods\table.js","6.98","7/8/2026 7:07:14 PM"
"NODE_MODULES","node_modules\better-sqlite3\lib\methods\transaction.js","2.73","7/8/2026 7:07:14 PM"
"NODE_MODULES","node_modules\better-sqlite3\lib\methods\wrappers.js","1.12","7/8/2026 7:07:14 PM"
"NODE_MODULES","node_modules\bl\bl.js","2","7/8/2026 7:06:34 PM"
"NODE_MODULES","node_modules\bl\BufferList.js","9.3","7/8/2026 7:06:38 PM"
"NODE_MODULES","node_modules\bl\test\convert.js","0.59","7/8/2026 7:06:40 PM"
"NODE_MODULES","node_modules\bl\test\indexOf.js","14.78","7/8/2026 7:06:46 PM"
"NODE_MODULES","node_modules\bl\test\isBufferList.js","0.55","7/8/2026 7:06:48 PM"
"NODE_MODULES","node_modules\bl\test\test.js","21.01","7/8/2026 7:06:50 PM"
"NODE_MODULES","node_modules\bindings\bindings.js","5.85","7/8/2026 7:06:38 PM"
"NODE_MODULES","node_modules\buffer\index.js","48.92","7/8/2026 7:06:40 PM"
"NODE_MODULES","node_modules\bytes\index.js","3.53","7/8/2026 7:06:38 PM"
"NODE_MODULES","node_modules\call-bound\index.js","0.67","7/8/2026 7:06:42 PM"
"NODE_MODULES","node_modules\call-bound\test\index.js","2.36","7/8/2026 7:06:46 PM"
"NODE_MODULES","node_modules\chownr\chownr.js","4.17","7/8/2026 7:06:38 PM"
"NODE_MODULES","node_modules\call-bind-apply-helpers\actualApply.js","0.27","7/8/2026 7:06:42 PM"
"NODE_MODULES","node_modules\call-bind-apply-helpers\applyBind.js","0.26","7/8/2026 7:06:46 PM"
"NODE_MODULES","node_modules\call-bind-apply-helpers\functionApply.js","0.1","7/8/2026 7:06:48 PM"
"NODE_MODULES","node_modules\call-bind-apply-helpers\functionCall.js","0.09","7/8/2026 7:06:50 PM"
"NODE_MODULES","node_modules\call-bind-apply-helpers\index.js","0.5","7/8/2026 7:06:50 PM"
"NODE_MODULES","node_modules\call-bind-apply-helpers\reflectApply.js","0.13","7/8/2026 7:06:52 PM"
"NODE_MODULES","node_modules\call-bind-apply-helpers\test\index.js","2.6","7/8/2026 7:06:50 PM"
"NODE_MODULES","node_modules\content-disposition\index.js","12.27","7/8/2026 7:06:38 PM"
"NODE_MODULES","node_modules\combined-stream\lib\combined_stream.js","4.58","7/8/2026 7:06:46 PM"
"NODE_MODULES","node_modules\content-type\index.js","4.88","7/8/2026 7:06:38 PM"
"NODE_MODULES","node_modules\cookie\index.js","7.97","7/8/2026 7:06:38 PM"
"NODE_MODULES","node_modules\cookie-signature\index.js","1.38","7/8/2026 7:06:38 PM"
"NODE_MODULES","node_modules\debug\src\browser.js","5.96","7/8/2026 7:06:38 PM"
"NODE_MODULES","node_modules\debug\src\common.js","6.75","7/8/2026 7:06:42 PM"
"NODE_MODULES","node_modules\debug\src\index.js","0.31","7/8/2026 7:06:46 PM"
"NODE_MODULES","node_modules\debug\src\node.js","4.62","7/8/2026 7:06:50 PM"
"NODE_MODULES","node_modules\decompress-response\index.js","1.29","7/8/2026 7:06:38 PM"
"NODE_MODULES","node_modules\deep-extend\index.js","0.05","7/8/2026 7:06:40 PM"
"NODE_MODULES","node_modules\deep-extend\lib\deep-extend.js","4.19","7/8/2026 7:06:48 PM"
"NODE_MODULES","node_modules\depd\index.js","10.68","7/8/2026 7:06:40 PM"
"NODE_MODULES","node_modules\depd\lib\browser\index.js","1.48","7/8/2026 7:06:50 PM"
"NODE_MODULES","node_modules\delayed-stream\lib\delayed_stream.js","2.26","7/8/2026 7:06:48 PM"
"NODE_MODULES","node_modules\detect-libc\lib\detect-libc.js","7.33","7/8/2026 7:06:40 PM"
"NODE_MODULES","node_modules\detect-libc\lib\elf.js","0.96","7/8/2026 7:06:42 PM"
"NODE_MODULES","node_modules\detect-libc\lib\filesystem.js","1.07","7/8/2026 7:06:48 PM"
"NODE_MODULES","node_modules\detect-libc\lib\process.js","0.56","7/8/2026 7:06:50 PM"
"NODE_MODULES","node_modules\dotenv\config.js","0.17","7/8/2026 7:06:40 PM"
"NODE_MODULES","node_modules\dotenv\lib\cli-options.js","0.38","7/8/2026 7:06:38 PM"
"NODE_MODULES","node_modules\dotenv\lib\env-options.js","0.72","7/8/2026 7:06:44 PM"
"NODE_MODULES","node_modules\dotenv\lib\main.js","11.65","7/8/2026 7:06:48 PM"
"NODE_MODULES","node_modules\dunder-proto\get.js","0.96","7/8/2026 7:06:42 PM"
"NODE_MODULES","node_modules\dunder-proto\set.js","1.25","7/8/2026 7:06:50 PM"
"NODE_MODULES","node_modules\dunder-proto\test\get.js","1.12","7/8/2026 7:06:46 PM"
"NODE_MODULES","node_modules\dunder-proto\test\index.js","0.05","7/8/2026 7:06:50 PM"
"NODE_MODULES","node_modules\dunder-proto\test\set.js","1.66","7/8/2026 7:06:50 PM"
"NODE_MODULES","node_modules\ee-first\index.js","1.64","7/8/2026 7:06:42 PM"
"NODE_MODULES","node_modules\encodeurl\index.js","1.54","7/8/2026 7:06:38 PM"
"NODE_MODULES","node_modules\end-of-stream\index.js","2.67","7/8/2026 7:06:38 PM"
"NODE_MODULES","node_modules\es-define-property\index.js","0.28","7/8/2026 7:06:42 PM"
"NODE_MODULES","node_modules\es-define-property\test\index.js","1.27","7/8/2026 7:06:46 PM"
"NODE_MODULES","node_modules\es-errors\eval.js","0.07","7/8/2026 7:06:40 PM"
"NODE_MODULES","node_modules\es-errors\index.js","0.06","7/8/2026 7:06:42 PM"
"NODE_MODULES","node_modules\es-errors\range.js","0.08","7/8/2026 7:06:48 PM"
"NODE_MODULES","node_modules\es-errors\ref.js","0.08","7/8/2026 7:06:50 PM"
"NODE_MODULES","node_modules\es-errors\syntax.js","0.08","7/8/2026 7:06:50 PM"
"NODE_MODULES","node_modules\es-errors\type.js","0.07","7/8/2026 7:06:50 PM"
"NODE_MODULES","node_modules\es-errors\uri.js","0.07","7/8/2026 7:06:52 PM"
"NODE_MODULES","node_modules\es-errors\test\index.js","0.35","7/8/2026 7:06:46 PM"
"NODE_MODULES","node_modules\es-object-atoms\index.js","0.07","7/8/2026 7:06:40 PM"
"NODE_MODULES","node_modules\es-object-atoms\isObject.js","0.16","7/8/2026 7:06:46 PM"
"NODE_MODULES","node_modules\es-object-atoms\RequireObjectCoercible.js","0.31","7/8/2026 7:06:48 PM"
"NODE_MODULES","node_modules\es-object-atoms\ToObject.js","0.24","7/8/2026 7:06:50 PM"
"NODE_MODULES","node_modules\es-object-atoms\test\index.js","1.07","7/8/2026 7:06:42 PM"
"NODE_MODULES","node_modules\es-set-tostringtag\index.js","1.18","7/8/2026 7:06:42 PM"
"NODE_MODULES","node_modules\es-set-tostringtag\test\index.js","2.18","7/8/2026 7:06:46 PM"
"NODE_MODULES","node_modules\escape-html\index.js","1.33","7/8/2026 7:06:40 PM"
"NODE_MODULES","node_modules\etag\index.js","2.42","7/8/2026 7:06:42 PM"
"NODE_MODULES","node_modules\form-data\node_modules\mime-db\index.js","0.18","7/8/2026 7:06:38 PM"
"NODE_MODULES","node_modules\form-data\node_modules\mime-types\index.js","3.58","7/8/2026 7:06:38 PM"
"NODE_MODULES","node_modules\form-data\lib\browser.js","0.11","7/8/2026 7:06:38 PM"
"NODE_MODULES","node_modules\form-data\lib\form_data.js","14.73","7/8/2026 7:06:42 PM"
"NODE_MODULES","node_modules\form-data\lib\populate.js","0.23","7/8/2026 7:06:48 PM"
"NODE_MODULES","node_modules\expand-template\index.js","0.66","7/8/2026 7:06:40 PM"
"NODE_MODULES","node_modules\expand-template\test.js","1.72","7/8/2026 7:06:48 PM"
"NODE_MODULES","node_modules\express\index.js","0.22","7/8/2026 7:06:46 PM"
"NODE_MODULES","node_modules\express\lib\application.js","13.64","7/8/2026 7:06:40 PM"
"NODE_MODULES","node_modules\express\lib\express.js","1.6","7/8/2026 7:06:42 PM"
"NODE_MODULES","node_modules\express\lib\request.js","11.41","7/8/2026 7:06:48 PM"
"NODE_MODULES","node_modules\express\lib\response.js","24.29","7/8/2026 7:06:50 PM"
"NODE_MODULES","node_modules\express\lib\utils.js","5.17","7/8/2026 7:06:52 PM"
"NODE_MODULES","node_modules\express\lib\view.js","3.72","7/8/2026 7:06:56 PM"
"NODE_MODULES","node_modules\file-uri-to-path\index.js","1.68","7/8/2026 7:06:46 PM"
"NODE_MODULES","node_modules\file-uri-to-path\test\test.js","0.65","7/8/2026 7:06:50 PM"
"NODE_MODULES","node_modules\follow-redirects\debug.js","0.31","7/8/2026 7:06:38 PM"
"NODE_MODULES","node_modules\follow-redirects\http.js","0.04","7/8/2026 7:06:40 PM"
"NODE_MODULES","node_modules\follow-redirects\https.js","0.04","7/8/2026 7:06:42 PM"
"NODE_MODULES","node_modules\follow-redirects\index.js","20.7","7/8/2026 7:06:46 PM"
"NODE_MODULES","node_modules\finalhandler\index.js","5.68","7/8/2026 7:06:38 PM"
"NODE_MODULES","node_modules\forwarded\index.js","1.54","7/8/2026 7:06:38 PM"
"NODE_MODULES","node_modules\fresh\index.js","2.64","7/8/2026 7:06:38 PM"
"NODE_MODULES","node_modules\fs-constants\browser.js","0.04","7/8/2026 7:06:38 PM"
"NODE_MODULES","node_modules\fs-constants\index.js","0.06","7/8/2026 7:06:40 PM"
"NODE_MODULES","node_modules\function-bind\implementation.js","2","7/8/2026 7:06:46 PM"
"NODE_MODULES","node_modules\function-bind\index.js","0.12","7/8/2026 7:06:48 PM"
"NODE_MODULES","node_modules\function-bind\test\index.js","8.78","7/8/2026 7:06:50 PM"
"NODE_MODULES","node_modules\get-intrinsic\index.js","14.1","7/8/2026 7:06:46 PM"
"NODE_MODULES","node_modules\get-intrinsic\test\GetIntrinsic.js","8.55","7/8/2026 7:06:42 PM"
"NODE_MODULES","node_modules\get-proto\index.js","0.8","7/8/2026 7:06:42 PM"
"NODE_MODULES","node_modules\get-proto\Object.getPrototypeOf.js","0.15","7/8/2026 7:06:48 PM"
"NODE_MODULES","node_modules\get-proto\Reflect.getPrototypeOf.js","0.15","7/8/2026 7:06:50 PM"
"NODE_MODULES","node_modules\get-proto\test\index.js","2.3","7/8/2026 7:06:46 PM"
"NODE_MODULES","node_modules\github-from-package\index.js","0.4","7/8/2026 7:06:40 PM"
"NODE_MODULES","node_modules\github-from-package\example\url.js","0.09","7/8/2026 7:06:48 PM"
"NODE_MODULES","node_modules\github-from-package\test\url.js","0.6","7/8/2026 7:06:50 PM"
"NODE_MODULES","node_modules\gopd\gOPD.js","0.09","7/8/2026 7:06:40 PM"
"NODE_MODULES","node_modules\gopd\index.js","0.2","7/8/2026 7:06:42 PM"
"NODE_MODULES","node_modules\gopd\test\index.js","0.64","7/8/2026 7:06:46 PM"
"NODE_MODULES","node_modules\has-symbols\index.js","0.44","7/8/2026 7:06:50 PM"
"NODE_MODULES","node_modules\has-symbols\shams.js","1.88","7/8/2026 7:06:52 PM"
"NODE_MODULES","node_modules\has-symbols\test\index.js","0.64","7/8/2026 7:06:50 PM"
"NODE_MODULES","node_modules\has-symbols\test\tests.js","2.09","7/8/2026 7:06:54 PM"
"NODE_MODULES","node_modules\has-symbols\test\shams\core-js.js","0.78","7/8/2026 7:06:44 PM"
"NODE_MODULES","node_modules\has-symbols\test\shams\get-own-property-symbols.js","0.74","7/8/2026 7:06:48 PM"
"NODE_MODULES","node_modules\has-tostringtag\index.js","0.19","7/8/2026 7:06:50 PM"
"NODE_MODULES","node_modules\has-tostringtag\shams.js","0.18","7/8/2026 7:06:52 PM"
"NODE_MODULES","node_modules\has-tostringtag\test\index.js","0.66","7/8/2026 7:06:50 PM"
"NODE_MODULES","node_modules\has-tostringtag\test\tests.js","0.52","7/8/2026 7:06:56 PM"
"NODE_MODULES","node_modules\has-tostringtag\test\shams\core-js.js","0.91","7/8/2026 7:06:44 PM"
"NODE_MODULES","node_modules\has-tostringtag\test\shams\get-own-property-symbols.js","0.81","7/8/2026 7:06:48 PM"
"NODE_MODULES","node_modules\hasown\index.js","0.2","7/8/2026 7:06:40 PM"
"NODE_MODULES","node_modules\http-errors\index.js","6.28","7/8/2026 7:06:38 PM"
"NODE_MODULES","node_modules\https-proxy-agent\dist\agent.js","7.66","7/8/2026 7:06:36 PM"
"NODE_MODULES","node_modules\https-proxy-agent\dist\index.js","0.57","7/8/2026 7:06:40 PM"
"NODE_MODULES","node_modules\https-proxy-agent\dist\parse-proxy-response.js","2.4","7/8/2026 7:06:42 PM"
"NODE_MODULES","node_modules\iconv-lite\lib\bom-handling.js","1.01","7/8/2026 7:06:38 PM"
"NODE_MODULES","node_modules\iconv-lite\lib\index.js","6.55","7/8/2026 7:06:50 PM"
"NODE_MODULES","node_modules\iconv-lite\lib\streams.js","2.91","7/8/2026 7:07:00 PM"
"NODE_MODULES","node_modules\iconv-lite\lib\helpers\merge-exports.js","0.3","7/8/2026 7:06:56 PM"
"NODE_MODULES","node_modules\iconv-lite\encodings\dbcs-codec.js","19.98","7/8/2026 7:06:42 PM"
"NODE_MODULES","node_modules\iconv-lite\encodings\dbcs-data.js","8.67","7/8/2026 7:06:46 PM"
"NODE_MODULES","node_modules\iconv-lite\encodings\index.js","0.65","7/8/2026 7:06:50 PM"
"NODE_MODULES","node_modules\iconv-lite\encodings\internal.js","6.41","7/8/2026 7:06:52 PM"
"NODE_MODULES","node_modules\iconv-lite\encodings\sbcs-codec.js","2.06","7/8/2026 7:06:58 PM"
"NODE_MODULES","node_modules\iconv-lite\encodings\sbcs-data-generated.js","31.28","7/8/2026 7:06:58 PM"
"NODE_MODULES","node_modules\iconv-lite\encodings\sbcs-data.js","4.42","7/8/2026 7:06:58 PM"
"NODE_MODULES","node_modules\iconv-lite\encodings\utf16.js","4.98","7/8/2026 7:07:00 PM"
"NODE_MODULES","node_modules\iconv-lite\encodings\utf32.js","8.85","7/8/2026 7:07:00 PM"
"NODE_MODULES","node_modules\iconv-lite\encodings\utf7.js","8.38","7/8/2026 7:07:00 PM"
"NODE_MODULES","node_modules\ieee754\index.js","2.1","7/8/2026 7:06:38 PM"
"NODE_MODULES","node_modules\inherits\inherits_browser.js","0.74","7/8/2026 7:06:38 PM"
"NODE_MODULES","node_modules\inherits\inherits.js","0.24","7/8/2026 7:06:40 PM"
"NODE_MODULES","node_modules\ini\ini.js","4.86","7/8/2026 7:06:38 PM"
"NODE_MODULES","node_modules\ipaddr.js\ipaddr.min.js","9.51","7/8/2026 7:06:38 PM"
"NODE_MODULES","node_modules\ipaddr.js\lib\ipaddr.js","18.88","7/8/2026 7:06:48 PM"
"NODE_MODULES","node_modules\is-promise\index.js","0.2","7/8/2026 7:06:38 PM"
"NODE_MODULES","node_modules\math-intrinsics\abs.js","0.07","7/8/2026 7:06:40 PM"
"NODE_MODULES","node_modules\math-intrinsics\floor.js","0.08","7/8/2026 7:06:42 PM"
"NODE_MODULES","node_modules\math-intrinsics\isFinite.js","0.26","7/8/2026 7:06:48 PM"
"NODE_MODULES","node_modules\math-intrinsics\isInteger.js","0.4","7/8/2026 7:06:50 PM"
"NODE_MODULES","node_modules\math-intrinsics\isNaN.js","0.12","7/8/2026 7:06:50 PM"
"NODE_MODULES","node_modules\math-intrinsics\isNegativeZero.js","0.14","7/8/2026 7:06:50 PM"
"NODE_MODULES","node_modules\math-intrinsics\max.js","0.07","7/8/2026 7:06:52 PM"
"NODE_MODULES","node_modules\math-intrinsics\min.js","0.07","7/8/2026 7:06:58 PM"
"NODE_MODULES","node_modules\math-intrinsics\mod.js","0.21","7/8/2026 7:06:58 PM"
"NODE_MODULES","node_modules\math-intrinsics\pow.js","0.07","7/8/2026 7:06:58 PM"
"NODE_MODULES","node_modules\math-intrinsics\round.js","0.08","7/8/2026 7:07:00 PM"
"NODE_MODULES","node_modules\math-intrinsics\sign.js","0.21","7/8/2026 7:07:00 PM"
"NODE_MODULES","node_modules\math-intrinsics\test\index.js","6.17","7/8/2026 7:06:46 PM"
"NODE_MODULES","node_modules\math-intrinsics\constants\maxArrayLength.js","0.11","7/8/2026 7:06:54 PM"
"NODE_MODULES","node_modules\math-intrinsics\constants\maxSafeInteger.js","0.23","7/8/2026 7:06:56 PM"
"NODE_MODULES","node_modules\math-intrinsics\constants\maxValue.js","0.19","7/8/2026 7:06:58 PM"
"NODE_MODULES","node_modules\media-typer\index.js","3.02","7/8/2026 7:06:40 PM"
"NODE_MODULES","node_modules\merge-descriptors\index.js","0.6","7/8/2026 7:06:38 PM"
"NODE_MODULES","node_modules\mime-db\index.js","0.18","7/8/2026 7:06:38 PM"
"NODE_MODULES","node_modules\mime-types\index.js","4.44","7/8/2026 7:06:38 PM"
"NODE_MODULES","node_modules\mime-types\mimeScore.js","1.46","7/8/2026 7:06:40 PM"
"NODE_MODULES","node_modules\mimic-response\index.js","1.54","7/8/2026 7:06:38 PM"
"NODE_MODULES","node_modules\minimist\index.js","6.05","7/8/2026 7:06:54 PM"
"NODE_MODULES","node_modules\minimist\test\all_bool.js","0.66","7/8/2026 7:06:42 PM"
"NODE_MODULES","node_modules\minimist\test\bool.js","3.49","7/8/2026 7:06:48 PM"
"NODE_MODULES","node_modules\minimist\test\dash.js","1.22","7/8/2026 7:06:50 PM"
"NODE_MODULES","node_modules\minimist\test\default_bool.js","0.7","7/8/2026 7:06:50 PM"
"NODE_MODULES","node_modules\minimist\test\dotted.js","0.57","7/8/2026 7:06:52 PM"
"NODE_MODULES","node_modules\minimist\test\kv_short.js","0.64","7/8/2026 7:06:56 PM"
"NODE_MODULES","node_modules\minimist\test\long.js","0.63","7/8/2026 7:06:58 PM"
"NODE_MODULES","node_modules\minimist\test\num.js","0.77","7/8/2026 7:06:58 PM"
"NODE_MODULES","node_modules\minimist\test\parse_modified.js","0.23","7/8/2026 7:06:58 PM"
"NODE_MODULES","node_modules\minimist\test\parse.js","3.99","7/8/2026 7:07:00 PM"
"NODE_MODULES","node_modules\minimist\test\proto.js","1.7","7/8/2026 7:07:00 PM"
"NODE_MODULES","node_modules\minimist\test\short.js","1.26","7/8/2026 7:07:00 PM"
"NODE_MODULES","node_modules\minimist\test\stop_early.js","0.3","7/8/2026 7:07:02 PM"
"NODE_MODULES","node_modules\minimist\test\unknown.js","2.06","7/8/2026 7:07:02 PM"
"NODE_MODULES","node_modules\minimist\test\whitespace.js","0.19","7/8/2026 7:07:02 PM"
"NODE_MODULES","node_modules\minimist\example\parse.js","0.08","7/8/2026 7:07:00 PM"
"NODE_MODULES","node_modules\mkdirp-classic\index.js","2.57","7/8/2026 7:06:38 PM"
"NODE_MODULES","node_modules\ms\index.js","2.95","7/8/2026 7:06:34 PM"
"NODE_MODULES","node_modules\napi-build-utils\index.js","7.16","7/8/2026 7:06:38 PM"
"NODE_MODULES","node_modules\negotiator\index.js","2.46","7/8/2026 7:06:44 PM"
"NODE_MODULES","node_modules\negotiator\lib\charset.js","3.01","7/8/2026 7:06:38 PM"
"NODE_MODULES","node_modules\negotiator\lib\encoding.js","4.06","7/8/2026 7:06:42 PM"
"NODE_MODULES","node_modules\negotiator\lib\language.js","3.33","7/8/2026 7:06:48 PM"
"NODE_MODULES","node_modules\negotiator\lib\mediaType.js","5.22","7/8/2026 7:06:50 PM"
"NODE_MODULES","node_modules\node-abi\index.js","6.34","7/8/2026 7:06:38 PM"
"NODE_MODULES","node_modules\object-inspect\index.js","18.61","7/8/2026 7:07:02 PM"
"NODE_MODULES","node_modules\object-inspect\test-core-js.js","0.52","7/8/2026 7:07:02 PM"
"NODE_MODULES","node_modules\object-inspect\util.inspect.js","0.04","7/8/2026 7:07:04 PM"
"NODE_MODULES","node_modules\object-inspect\example\all.js","0.38","7/8/2026 7:06:42 PM"
"NODE_MODULES","node_modules\object-inspect\example\circular.js","0.11","7/8/2026 7:06:50 PM"
"NODE_MODULES","node_modules\object-inspect\example\fn.js","0.12","7/8/2026 7:06:58 PM"
"NODE_MODULES","node_modules\object-inspect\example\inspect.js","0.25","7/8/2026 7:07:02 PM"
"NODE_MODULES","node_modules\object-inspect\test\bigint.js","2.03","7/8/2026 7:06:46 PM"
"NODE_MODULES","node_modules\object-inspect\test\circular.js","0.44","7/8/2026 7:06:50 PM"
"NODE_MODULES","node_modules\object-inspect\test\deep.js","0.39","7/8/2026 7:06:52 PM"
"NODE_MODULES","node_modules\object-inspect\test\element.js","1.54","7/8/2026 7:06:56 PM"
"NODE_MODULES","node_modules\object-inspect\test\err.js","1.5","7/8/2026 7:06:58 PM"
"NODE_MODULES","node_modules\object-inspect\test\fakes.js","0.67","7/8/2026 7:06:58 PM"
"NODE_MODULES","node_modules\object-inspect\test\fn.js","2.17","7/8/2026 7:07:00 PM"
"NODE_MODULES","node_modules\object-inspect\test\global.js","0.36","7/8/2026 7:07:00 PM"
"NODE_MODULES","node_modules\object-inspect\test\has.js","0.5","7/8/2026 7:07:00 PM"
"NODE_MODULES","node_modules\object-inspect\test\holes.js","0.25","7/8/2026 7:07:00 PM"
"NODE_MODULES","node_modules\object-inspect\test\indent-option.js","6.48","7/8/2026 7:07:02 PM"
"NODE_MODULES","node_modules\object-inspect\test\inspect.js","4.83","7/8/2026 7:07:02 PM"
"NODE_MODULES","node_modules\object-inspect\test\lowbyte.js","0.26","7/8/2026 7:07:02 PM"
"NODE_MODULES","node_modules\object-inspect\test\number.js","2.26","7/8/2026 7:07:02 PM"
"NODE_MODULES","node_modules\object-inspect\test\quoteStyle.js","1.49","7/8/2026 7:07:02 PM"
"NODE_MODULES","node_modules\object-inspect\test\toStringTag.js","1.51","7/8/2026 7:07:04 PM"
"NODE_MODULES","node_modules\object-inspect\test\undef.js","0.29","7/8/2026 7:07:04 PM"
"NODE_MODULES","node_modules\object-inspect\test\values.js","8.21","7/8/2026 7:07:04 PM"
"NODE_MODULES","node_modules\object-inspect\test\browser\dom.js","0.41","7/8/2026 7:06:56 PM"
"NODE_MODULES","node_modules\on-finished\index.js","4.33","7/8/2026 7:06:38 PM"
"NODE_MODULES","node_modules\parseurl\index.js","2.74","7/8/2026 7:06:40 PM"
"NODE_MODULES","node_modules\once\once.js","0.91","7/8/2026 7:06:42 PM"
"NODE_MODULES","node_modules\path-to-regexp\dist\index.js","14.19","7/8/2026 7:06:40 PM"
"NODE_MODULES","node_modules\playwright\cli.js","0.68","7/8/2026 7:07:06 PM"
"NODE_MODULES","node_modules\playwright\index.js","0.63","7/8/2026 7:07:08 PM"
"NODE_MODULES","node_modules\playwright\jsx-runtime.js","0.92","7/8/2026 7:07:10 PM"
"NODE_MODULES","node_modules\playwright\test.js","0.79","7/8/2026 7:07:12 PM"
"NODE_MODULES","node_modules\playwright\lib\errorContext.js","4.51","7/8/2026 7:07:06 PM"
"NODE_MODULES","node_modules\playwright\lib\globals.js","1.89","7/8/2026 7:07:08 PM"
"NODE_MODULES","node_modules\playwright\lib\index.js","33.72","7/8/2026 7:07:10 PM"
"NODE_MODULES","node_modules\playwright\lib\isomorphic.js","8","7/8/2026 7:07:10 PM"
"NODE_MODULES","node_modules\playwright\lib\package.js","1.97","7/8/2026 7:07:12 PM"
"NODE_MODULES","node_modules\playwright\lib\program.js","13.26","7/8/2026 7:07:12 PM"
"NODE_MODULES","node_modules\playwright\lib\util.js","14.81","7/8/2026 7:07:12 PM"
"NODE_MODULES","node_modules\playwright\lib\agents\agentParser.js","3.39","7/8/2026 7:06:42 PM"
"NODE_MODULES","node_modules\playwright\lib\agents\generateAgents.js","16.56","7/8/2026 7:07:08 PM"
"NODE_MODULES","node_modules\playwright\lib\transform\babelBundle.js","2724.22","7/8/2026 7:07:04 PM"
"NODE_MODULES","node_modules\playwright\lib\transform\esmLoader.js","249.09","7/8/2026 7:07:06 PM"
"NODE_MODULES","node_modules\playwright\lib\mcp\test\browserBackend.js","4.77","7/8/2026 7:07:06 PM"
"NODE_MODULES","node_modules\playwright\lib\mcp\test\generatorTools.js","5.3","7/8/2026 7:07:08 PM"
"NODE_MODULES","node_modules\playwright\lib\mcp\test\plannerTools.js","6.23","7/8/2026 7:07:12 PM"
"NODE_MODULES","node_modules\playwright\lib\mcp\test\seed.js","3.16","7/8/2026 7:07:12 PM"
"NODE_MODULES","node_modules\playwright\lib\mcp\test\streams.js","1.54","7/8/2026 7:07:12 PM"
"NODE_MODULES","node_modules\playwright\lib\mcp\test\testBackend.js","3.97","7/8/2026 7:07:12 PM"
"NODE_MODULES","node_modules\playwright\lib\mcp\test\testContext.js","11.36","7/8/2026 7:07:12 PM"
"NODE_MODULES","node_modules\playwright\lib\mcp\test\testTool.js","1.08","7/8/2026 7:07:12 PM"
"NODE_MODULES","node_modules\playwright\lib\mcp\test\testTools.js","3.63","7/8/2026 7:07:12 PM"
"NODE_MODULES","node_modules\playwright\lib\matchers\expect.js","513.88","7/8/2026 7:07:08 PM"
"NODE_MODULES","node_modules\playwright\lib\common\index.js","112.84","7/8/2026 7:07:08 PM"
"NODE_MODULES","node_modules\playwright\lib\runner\index.js","290.82","7/8/2026 7:07:10 PM"
"NODE_MODULES","node_modules\playwright\lib\loader\loaderProcessEntry.js","1.23","7/8/2026 7:07:10 PM"
"NODE_MODULES","node_modules\playwright\lib\cli\reportActions.js","3.48","7/8/2026 7:07:12 PM"
"NODE_MODULES","node_modules\playwright\lib\cli\testActions.js","9.15","7/8/2026 7:07:12 PM"
"NODE_MODULES","node_modules\playwright\lib\worker\workerProcessEntry.js","74.11","7/8/2026 7:07:12 PM"
"NODE_MODULES","node_modules\prebuild-install\asset.js","1.1","7/8/2026 7:06:38 PM"
"NODE_MODULES","node_modules\prebuild-install\bin.js","2.25","7/8/2026 7:06:40 PM"
"NODE_MODULES","node_modules\prebuild-install\download.js","4","7/8/2026 7:06:42 PM"
"NODE_MODULES","node_modules\prebuild-install\error.js","0.35","7/8/2026 7:06:44 PM"
"NODE_MODULES","node_modules\prebuild-install\index.js","0.04","7/8/2026 7:06:48 PM"
"NODE_MODULES","node_modules\prebuild-install\log.js","0.61","7/8/2026 7:06:50 PM"
"NODE_MODULES","node_modules\prebuild-install\proxy.js","1.12","7/8/2026 7:06:50 PM"
"NODE_MODULES","node_modules\prebuild-install\rc.js","2.08","7/8/2026 7:06:50 PM"
"NODE_MODULES","node_modules\prebuild-install\util.js","4.18","7/8/2026 7:06:52 PM"
"NODE_MODULES","node_modules\playwright-core\cli.js","0.82","7/8/2026 7:07:08 PM"
"NODE_MODULES","node_modules\playwright-core\index.js","0.68","7/8/2026 7:07:12 PM"
"NODE_MODULES","node_modules\playwright-core\lib\bootstrap.js","3.4","7/8/2026 7:07:06 PM"
"NODE_MODULES","node_modules\playwright-core\lib\coreBundle.js","3273.77","7/8/2026 7:07:10 PM"
"NODE_MODULES","node_modules\playwright-core\lib\package.js","2.06","7/8/2026 7:07:12 PM"
"NODE_MODULES","node_modules\playwright-core\lib\serverRegistry.js","241.26","7/8/2026 7:07:14 PM"
"NODE_MODULES","node_modules\playwright-core\lib\utilsBundle.js","3069.9","7/8/2026 7:07:14 PM"
"NODE_MODULES","node_modules\playwright-core\lib\vite\recorder\assets\codeMirrorModule-DeBYQozu.js","305.67","7/8/2026 7:07:08 PM"
"NODE_MODULES","node_modules\playwright-core\lib\vite\recorder\assets\index-Bq-mQf8S.js","357.31","7/8/2026 7:07:12 PM"
"NODE_MODULES","node_modules\playwright-core\lib\vite\traceViewer\index.DMMX1gXU.js","6.39","7/8/2026 7:07:12 PM"
"NODE_MODULES","node_modules\playwright-core\lib\vite\traceViewer\snapshot.v8KI4P3m.js","0.64","7/8/2026 7:07:14 PM"
"NODE_MODULES","node_modules\playwright-core\lib\vite\traceViewer\sw.bundle.js","93.61","7/8/2026 7:07:14 PM"
"NODE_MODULES","node_modules\playwright-core\lib\vite\traceViewer\uiMode.Ut8wwJNp.js","37.61","7/8/2026 7:07:14 PM"
"NODE_MODULES","node_modules\playwright-core\lib\vite\traceViewer\assets\codeMirrorModule-LEHpjmcn.js","305.72","7/8/2026 7:07:10 PM"
"NODE_MODULES","node_modules\playwright-core\lib\vite\traceViewer\assets\defaultSettingsView-BNmKHKpQ.js","642.64","7/8/2026 7:07:10 PM"
"NODE_MODULES","node_modules\playwright-core\lib\vite\traceViewer\assets\urlMatch-BYQrIQwR.js","0.8","7/8/2026 7:07:14 PM"
"NODE_MODULES","node_modules\playwright-core\lib\vite\traceViewer\assets\xtermModule-CsJ4vdCR.js","285.39","7/8/2026 7:07:14 PM"
"NODE_MODULES","node_modules\playwright-core\lib\vite\dashboard\assets\index-C_5TMfeg.js","323.73","7/8/2026 7:07:12 PM"
"NODE_MODULES","node_modules\playwright-core\lib\vite\htmlReport\report.js","406.26","7/8/2026 7:07:14 PM"
"NODE_MODULES","node_modules\playwright-core\lib\tools\cli-client\channelSessions.js","6.92","7/8/2026 7:07:08 PM"
"NODE_MODULES","node_modules\playwright-core\lib\tools\cli-client\cli.js","0.15","7/8/2026 7:07:08 PM"
"NODE_MODULES","node_modules\playwright-core\lib\tools\cli-client\minimist.js","4.01","7/8/2026 7:07:12 PM"
"NODE_MODULES","node_modules\playwright-core\lib\tools\cli-client\output.js","11.43","7/8/2026 7:07:12 PM"
"NODE_MODULES","node_modules\playwright-core\lib\tools\cli-client\program.js","15.68","7/8/2026 7:07:12 PM"
"NODE_MODULES","node_modules\playwright-core\lib\tools\cli-client\registry.js","6.51","7/8/2026 7:07:12 PM"
"NODE_MODULES","node_modules\playwright-core\lib\tools\cli-client\session.js","9.17","7/8/2026 7:07:14 PM"
"NODE_MODULES","node_modules\playwright-core\lib\tools\utils\extension.js","3.06","7/8/2026 7:07:12 PM"
"NODE_MODULES","node_modules\playwright-core\lib\tools\utils\socketConnection.js","3.24","7/8/2026 7:07:14 PM"
"NODE_MODULES","node_modules\playwright-core\lib\entry\cliDaemon.js","0.19","7/8/2026 7:07:08 PM"
"NODE_MODULES","node_modules\playwright-core\lib\entry\dashboardApp.js","0.11","7/8/2026 7:07:10 PM"
"NODE_MODULES","node_modules\playwright-core\lib\entry\mcp.js","0.43","7/8/2026 7:07:12 PM"
"NODE_MODULES","node_modules\playwright-core\lib\entry\oopBrowserDownload.js","0.12","7/8/2026 7:07:12 PM"
"NODE_MODULES","node_modules\playwright-core\lib\server\electron\loader.js","4.71","7/8/2026 7:07:12 PM"
"NODE_MODULES","node_modules\proxy-addr\index.js","5.86","7/8/2026 7:06:38 PM"
"NODE_MODULES","node_modules\proxy-from-env\index.js","3.09","7/8/2026 7:06:40 PM"
"NODE_MODULES","node_modules\pump\empty.js","0.02","7/8/2026 7:06:38 PM"
"NODE_MODULES","node_modules\pump\index.js","2.24","7/8/2026 7:06:40 PM"
"NODE_MODULES","node_modules\pump\test-browser.js","1.14","7/8/2026 7:06:42 PM"
"NODE_MODULES","node_modules\pump\test-node.js","0.97","7/8/2026 7:06:44 PM"
"NODE_MODULES","node_modules\qs\test\empty-keys-cases.js","7.52","7/8/2026 7:06:40 PM"
"NODE_MODULES","node_modules\qs\test\parse.js","78.46","7/8/2026 7:06:54 PM"
"NODE_MODULES","node_modules\qs\test\stringify.js","57.26","7/8/2026 7:06:58 PM"
"NODE_MODULES","node_modules\qs\test\utils.js","23.52","7/8/2026 7:07:00 PM"
"NODE_MODULES","node_modules\qs\lib\formats.js","0.46","7/8/2026 7:06:44 PM"
"NODE_MODULES","node_modules\qs\lib\index.js","0.21","7/8/2026 7:06:48 PM"
"NODE_MODULES","node_modules\qs\lib\parse.js","15.73","7/8/2026 7:06:50 PM"
"NODE_MODULES","node_modules\qs\lib\stringify.js","11.41","7/8/2026 7:06:58 PM"
"NODE_MODULES","node_modules\qs\lib\utils.js","11.94","7/8/2026 7:07:00 PM"
"NODE_MODULES","node_modules\qs\dist\qs.js","51.93","7/8/2026 7:06:56 PM"
"NODE_MODULES","node_modules\raw-body\index.js","7","7/8/2026 7:06:38 PM"
"NODE_MODULES","node_modules\range-parser\index.js","3.13","7/8/2026 7:06:38 PM"
"NODE_MODULES","node_modules\rc\browser.js","0.13","7/8/2026 7:06:38 PM"
"NODE_MODULES","node_modules\rc\cli.js","0.11","7/8/2026 7:06:40 PM"
"NODE_MODULES","node_modules\rc\index.js","1.47","7/8/2026 7:06:42 PM"
"NODE_MODULES","node_modules\rc\lib\utils.js","2.69","7/8/2026 7:06:50 PM"
"NODE_MODULES","node_modules\rc\test\ini.js","0.3","7/8/2026 7:06:54 PM"
"NODE_MODULES","node_modules\rc\test\nested-env-vars.js","1.36","7/8/2026 7:06:56 PM"
"NODE_MODULES","node_modules\rc\test\test.js","1.15","7/8/2026 7:06:58 PM"
"NODE_MODULES","node_modules\router\index.js","15.49","7/8/2026 7:06:38 PM"
"NODE_MODULES","node_modules\router\lib\layer.js","4.82","7/8/2026 7:06:42 PM"
"NODE_MODULES","node_modules\router\lib\route.js","4.45","7/8/2026 7:06:46 PM"
"NODE_MODULES","node_modules\readable-stream\errors-browser.js","4.1","7/8/2026 7:07:00 PM"
"NODE_MODULES","node_modules\readable-stream\errors.js","3.63","7/8/2026 7:07:00 PM"
"NODE_MODULES","node_modules\readable-stream\experimentalWarning.js","0.45","7/8/2026 7:07:00 PM"
"NODE_MODULES","node_modules\readable-stream\readable-browser.js","0.48","7/8/2026 7:07:02 PM"
"NODE_MODULES","node_modules\readable-stream\readable.js","0.71","7/8/2026 7:07:02 PM"
"NODE_MODULES","node_modules\readable-stream\lib\_stream_duplex.js","4.28","7/8/2026 7:06:38 PM"
"NODE_MODULES","node_modules\readable-stream\lib\_stream_passthrough.js","1.59","7/8/2026 7:06:42 PM"
"NODE_MODULES","node_modules\readable-stream\lib\_stream_readable.js","35.18","7/8/2026 7:06:48 PM"
"NODE_MODULES","node_modules\readable-stream\lib\_stream_transform.js","7.75","7/8/2026 7:06:50 PM"
"NODE_MODULES","node_modules\readable-stream\lib\_stream_writable.js","21.39","7/8/2026 7:06:50 PM"
"NODE_MODULES","node_modules\readable-stream\lib\internal\streams\async_iterator.js","6.32","7/8/2026 7:06:56 PM"
"NODE_MODULES","node_modules\readable-stream\lib\internal\streams\buffer_list.js","6.74","7/8/2026 7:06:58 PM"
"NODE_MODULES","node_modules\readable-stream\lib\internal\streams\destroy.js","3.04","7/8/2026 7:06:58 PM"
"NODE_MODULES","node_modules\readable-stream\lib\internal\streams\end-of-stream.js","3.01","7/8/2026 7:07:00 PM"
"NODE_MODULES","node_modules\readable-stream\lib\internal\streams\from-browser.js","0.1","7/8/2026 7:07:00 PM"
"NODE_MODULES","node_modules\readable-stream\lib\internal\streams\from.js","3.58","7/8/2026 7:07:02 PM"
"NODE_MODULES","node_modules\readable-stream\lib\internal\streams\pipeline.js","2.36","7/8/2026 7:07:02 PM"
"NODE_MODULES","node_modules\readable-stream\lib\internal\streams\state.js","0.73","7/8/2026 7:07:02 PM"
"NODE_MODULES","node_modules\readable-stream\lib\internal\streams\stream-browser.js","0.05","7/8/2026 7:07:04 PM"
"NODE_MODULES","node_modules\readable-stream\lib\internal\streams\stream.js","0.04","7/8/2026 7:07:04 PM"
"NODE_MODULES","node_modules\safe-buffer\index.js","1.63","7/8/2026 7:06:38 PM"
"NODE_MODULES","node_modules\safer-buffer\dangerous.js","1.45","7/8/2026 7:06:38 PM"
"NODE_MODULES","node_modules\safer-buffer\safer.js","2.06","7/8/2026 7:06:48 PM"
"NODE_MODULES","node_modules\safer-buffer\tests.js","15.37","7/8/2026 7:06:50 PM"
"NODE_MODULES","node_modules\semver\index.js","2.63","7/8/2026 7:07:02 PM"
"NODE_MODULES","node_modules\semver\preload.js","0.08","7/8/2026 7:07:08 PM"
"NODE_MODULES","node_modules\semver\functions\clean.js","0.2","7/8/2026 7:06:40 PM"
"NODE_MODULES","node_modules\semver\functions\cmp.js","0.94","7/8/2026 7:06:44 PM"
"NODE_MODULES","node_modules\semver\functions\coerce.js","1.96","7/8/2026 7:06:48 PM"
"NODE_MODULES","node_modules\semver\functions\compare-build.js","0.27","7/8/2026 7:06:50 PM"
"NODE_MODULES","node_modules\semver\functions\compare-loose.js","0.13","7/8/2026 7:06:52 PM"
"NODE_MODULES","node_modules\semver\functions\compare.js","0.17","7/8/2026 7:06:56 PM"
"NODE_MODULES","node_modules\semver\functions\diff.js","1.39","7/8/2026 7:06:58 PM"
"NODE_MODULES","node_modules\semver\functions\eq.js","0.12","7/8/2026 7:06:58 PM"
"NODE_MODULES","node_modules\semver\functions\gt.js","0.12","7/8/2026 7:07:00 PM"
"NODE_MODULES","node_modules\semver\functions\gte.js","0.12","7/8/2026 7:07:00 PM"
"NODE_MODULES","node_modules\semver\functions\inc.js","0.47","7/8/2026 7:07:02 PM"
"NODE_MODULES","node_modules\semver\functions\lt.js","0.12","7/8/2026 7:07:02 PM"
"NODE_MODULES","node_modules\semver\functions\lte.js","0.12","7/8/2026 7:07:02 PM"
"NODE_MODULES","node_modules\semver\functions\major.js","0.13","7/8/2026 7:07:04 PM"
"NODE_MODULES","node_modules\semver\functions\minor.js","0.13","7/8/2026 7:07:04 PM"
"NODE_MODULES","node_modules\semver\functions\neq.js","0.12","7/8/2026 7:07:04 PM"
"NODE_MODULES","node_modules\semver\functions\parse.js","0.32","7/8/2026 7:07:06 PM"
"NODE_MODULES","node_modules\semver\functions\patch.js","0.13","7/8/2026 7:07:06 PM"
"NODE_MODULES","node_modules\semver\functions\prerelease.js","0.23","7/8/2026 7:07:08 PM"
"NODE_MODULES","node_modules\semver\functions\rcompare.js","0.13","7/8/2026 7:07:08 PM"
"NODE_MODULES","node_modules\semver\functions\rsort.js","0.16","7/8/2026 7:07:08 PM"
"NODE_MODULES","node_modules\semver\functions\satisfies.js","0.24","7/8/2026 7:07:08 PM"
"NODE_MODULES","node_modules\semver\functions\sort.js","0.16","7/8/2026 7:07:10 PM"
"NODE_MODULES","node_modules\semver\functions\truncate.js","1","7/8/2026 7:07:10 PM"
"NODE_MODULES","node_modules\semver\functions\valid.js","0.17","7/8/2026 7:07:10 PM"
"NODE_MODULES","node_modules\semver\classes\comparator.js","3.55","7/8/2026 7:06:50 PM"
"NODE_MODULES","node_modules\semver\classes\index.js","0.14","7/8/2026 7:07:02 PM"
"NODE_MODULES","node_modules\semver\classes\range.js","15.28","7/8/2026 7:07:08 PM"
"NODE_MODULES","node_modules\semver\classes\semver.js","9.66","7/8/2026 7:07:10 PM"
"NODE_MODULES","node_modules\semver\internal\constants.js","0.85","7/8/2026 7:06:56 PM"
"NODE_MODULES","node_modules\semver\internal\debug.js","0.23","7/8/2026 7:06:58 PM"
"NODE_MODULES","node_modules\semver\internal\identifiers.js","0.51","7/8/2026 7:07:00 PM"
"NODE_MODULES","node_modules\semver\internal\lrucache.js","0.78","7/8/2026 7:07:02 PM"
"NODE_MODULES","node_modules\semver\internal\parse-options.js","0.33","7/8/2026 7:07:06 PM"
"NODE_MODULES","node_modules\semver\internal\re.js","7.95","7/8/2026 7:07:08 PM"
"NODE_MODULES","node_modules\semver\ranges\gtr.js","0.23","7/8/2026 7:07:00 PM"
"NODE_MODULES","node_modules\semver\ranges\intersects.js","0.22","7/8/2026 7:07:02 PM"
"NODE_MODULES","node_modules\semver\ranges\ltr.js","0.22","7/8/2026 7:07:02 PM"
"NODE_MODULES","node_modules\semver\ranges\max-satisfying.js","0.58","7/8/2026 7:07:04 PM"
"NODE_MODULES","node_modules\semver\ranges\min-satisfying.js","0.58","7/8/2026 7:07:04 PM"
"NODE_MODULES","node_modules\semver\ranges\min-version.js","1.48","7/8/2026 7:07:04 PM"
"NODE_MODULES","node_modules\semver\ranges\outside.js","2.15","7/8/2026 7:07:06 PM"
"NODE_MODULES","node_modules\semver\ranges\simplify.js","1.32","7/8/2026 7:07:10 PM"
"NODE_MODULES","node_modules\semver\ranges\subset.js","7.3","7/8/2026 7:07:10 PM"
"NODE_MODULES","node_modules\semver\ranges\to-comparators.js","0.28","7/8/2026 7:07:10 PM"
"NODE_MODULES","node_modules\semver\ranges\valid.js","0.32","7/8/2026 7:07:10 PM"
"NODE_MODULES","node_modules\semver\bin\semver.js","4.84","7/8/2026 7:07:08 PM"
"NODE_MODULES","node_modules\send\index.js","19.86","7/8/2026 7:06:38 PM"
"NODE_MODULES","node_modules\serve-static\index.js","4.38","7/8/2026 7:06:38 PM"
"NODE_MODULES","node_modules\setprototypeof\index.js","0.4","7/8/2026 7:06:40 PM"
"NODE_MODULES","node_modules\setprototypeof\test\index.js","0.67","7/8/2026 7:06:48 PM"
"NODE_MODULES","node_modules\side-channel\index.js","1.19","7/8/2026 7:06:44 PM"
"NODE_MODULES","node_modules\side-channel\test\index.js","2.86","7/8/2026 7:06:48 PM"
"NODE_MODULES","node_modules\side-channel-list\index.js","3.21","7/8/2026 7:06:44 PM"
"NODE_MODULES","node_modules\side-channel-list\test\index.js","4.03","7/8/2026 7:06:48 PM"
"NODE_MODULES","node_modules\side-channel-map\index.js","1.93","7/8/2026 7:06:44 PM"
"NODE_MODULES","node_modules\side-channel-map\test\index.js","2.81","7/8/2026 7:06:48 PM"
"NODE_MODULES","node_modules\side-channel-weakmap\index.js","2.64","7/8/2026 7:06:44 PM"
"NODE_MODULES","node_modules\side-channel-weakmap\test\index.js","2.9","7/8/2026 7:06:48 PM"
"NODE_MODULES","node_modules\simple-concat\index.js","0.38","7/8/2026 7:06:40 PM"
"NODE_MODULES","node_modules\simple-concat\test\basic.js","0.81","7/8/2026 7:06:38 PM"
"NODE_MODULES","node_modules\statuses\index.js","2.55","7/8/2026 7:06:38 PM"
"NODE_MODULES","node_modules\simple-get\index.js","3.96","7/8/2026 7:06:38 PM"
"NODE_MODULES","node_modules\string_decoder\lib\string_decoder.js","9.24","7/8/2026 7:06:38 PM"
"NODE_MODULES","node_modules\tar-fs\index.js","11.01","7/8/2026 7:06:58 PM"
"NODE_MODULES","node_modules\tar-fs\test\index.js","11.73","7/8/2026 7:07:00 PM"
"NODE_MODULES","node_modules\strip-json-comments\index.js","1.66","7/8/2026 7:06:38 PM"
"NODE_MODULES","node_modules\tar-stream\extract.js","5.82","7/8/2026 7:06:38 PM"
"NODE_MODULES","node_modules\tar-stream\headers.js","7.78","7/8/2026 7:06:40 PM"
"NODE_MODULES","node_modules\tar-stream\index.js","0.07","7/8/2026 7:06:42 PM"
"NODE_MODULES","node_modules\tar-stream\pack.js","5.49","7/8/2026 7:06:46 PM"
"NODE_MODULES","node_modules\tar-stream\sandbox.js","0.36","7/8/2026 7:06:48 PM"
"NODE_MODULES","node_modules\tunnel-agent\index.js","6.72","7/8/2026 7:06:42 PM"
"NODE_MODULES","node_modules\toidentifier\index.js","0.49","7/8/2026 7:06:38 PM"
"NODE_MODULES","node_modules\unpipe\index.js","1.09","7/8/2026 7:06:42 PM"
"NODE_MODULES","node_modules\util-deprecate\browser.js","1.58","7/8/2026 7:06:42 PM"
"NODE_MODULES","node_modules\util-deprecate\node.js","0.12","7/8/2026 7:06:44 PM"
"NODE_MODULES","node_modules\vary\index.js","2.86","7/8/2026 7:06:42 PM"
"NODE_MODULES","node_modules\wrappy\wrappy.js","0.88","7/8/2026 7:06:42 PM"
"NODE_MODULES","node_modules\agent-base\dist\src\index.js","7.72","7/8/2026 7:06:38 PM"
"NODE_MODULES","node_modules\agent-base\dist\src\promisify.js","0.48","7/8/2026 7:06:42 PM"
"NODE_MODULES","node_modules\body-parser\index.js","0.95","7/8/2026 7:06:38 PM"
"NODE_MODULES","node_modules\body-parser\node_modules\content-type\dist\index.js","5.23","7/8/2026 7:06:38 PM"
"NODE_MODULES","node_modules\body-parser\lib\read.js","5.3","7/8/2026 7:06:50 PM"
"NODE_MODULES","node_modules\body-parser\lib\utils.js","2.16","7/8/2026 7:06:56 PM"
"NODE_MODULES","node_modules\body-parser\lib\types\json.js","4.16","7/8/2026 7:06:42 PM"
"NODE_MODULES","node_modules\body-parser\lib\types\raw.js","0.79","7/8/2026 7:06:48 PM"
"NODE_MODULES","node_modules\body-parser\lib\types\text.js","0.65","7/8/2026 7:06:50 PM"
"NODE_MODULES","node_modules\body-parser\lib\types\urlencoded.js","3.46","7/8/2026 7:06:54 PM"
"NODE_MODULES","node_modules\type-is\index.js","5.27","7/8/2026 7:06:38 PM"
"NODE_MODULES","node_modules\type-is\node_modules\content-type\dist\index.js","5.23","7/8/2026 7:06:38 PM"
"NODE_MODULES","node_modules\open\index.js","4.73","7/11/2026 2:23:02 PM"
"NODE_MODULES","node_modules\google-auth-library\build\src\index.js","5.92","7/11/2026 2:23:06 PM"
"NODE_MODULES","node_modules\google-auth-library\build\src\messages.js","1.51","7/11/2026 2:23:06 PM"
"NODE_MODULES","node_modules\google-auth-library\build\src\options.js","1.58","7/11/2026 2:23:06 PM"
"NODE_MODULES","node_modules\google-auth-library\build\src\transporters.js","3.88","7/11/2026 2:23:06 PM"
"NODE_MODULES","node_modules\google-auth-library\build\src\util.js","4.67","7/11/2026 2:23:06 PM"
"NODE_MODULES","node_modules\google-auth-library\build\src\auth\authclient.js","4.62","7/11/2026 2:23:02 PM"
"NODE_MODULES","node_modules\google-auth-library\build\src\auth\awsclient.js","8.21","7/11/2026 2:23:04 PM"
"NODE_MODULES","node_modules\google-auth-library\build\src\auth\awsrequestsigner.js","9.04","7/11/2026 2:23:04 PM"
"NODE_MODULES","node_modules\google-auth-library\build\src\auth\baseexternalclient.js","21.87","7/11/2026 2:23:04 PM"
"NODE_MODULES","node_modules\google-auth-library\build\src\auth\computeclient.js","4.4","7/11/2026 2:23:04 PM"
"NODE_MODULES","node_modules\google-auth-library\build\src\auth\credentials.js","0.65","7/11/2026 2:23:04 PM"
"NODE_MODULES","node_modules\google-auth-library\build\src\auth\defaultawssecuritycredentialssupplier.js","10.93","7/11/2026 2:23:06 PM"
"NODE_MODULES","node_modules\google-auth-library\build\src\auth\downscopedclient.js","12.1","7/11/2026 2:23:06 PM"
"NODE_MODULES","node_modules\google-auth-library\build\src\auth\envDetect.js","2.53","7/11/2026 2:23:06 PM"
"NODE_MODULES","node_modules\google-auth-library\build\src\auth\executable-response.js","6.51","7/11/2026 2:23:06 PM"
"NODE_MODULES","node_modules\google-auth-library\build\src\auth\externalAccountAuthorizedUserClient.js","10.37","7/11/2026 2:23:06 PM"
"NODE_MODULES","node_modules\google-auth-library\build\src\auth\externalclient.js","2.95","7/11/2026 2:23:06 PM"
"NODE_MODULES","node_modules\google-auth-library\build\src\auth\filesubjecttokensupplier.js","3.46","7/11/2026 2:23:06 PM"
"NODE_MODULES","node_modules\google-auth-library\build\src\auth\googleauth.js","35.4","7/11/2026 2:23:06 PM"
"NODE_MODULES","node_modules\google-auth-library\build\src\auth\iam.js","1.29","7/11/2026 2:23:06 PM"
"NODE_MODULES","node_modules\google-auth-library\build\src\auth\identitypoolclient.js","5.31","7/11/2026 2:23:06 PM"
"NODE_MODULES","node_modules\google-auth-library\build\src\auth\idtokenclient.js","2.04","7/11/2026 2:23:06 PM"
"NODE_MODULES","node_modules\google-auth-library\build\src\auth\impersonated.js","8.7","7/11/2026 2:23:06 PM"
"NODE_MODULES","node_modules\google-auth-library\build\src\auth\jwtaccess.js","6.8","7/11/2026 2:23:06 PM"
"NODE_MODULES","node_modules\google-auth-library\build\src\auth\jwtclient.js","10.77","7/11/2026 2:23:06 PM"
"NODE_MODULES","node_modules\google-auth-library\build\src\auth\loginticket.js","1.69","7/11/2026 2:23:06 PM"
"NODE_MODULES","node_modules\google-auth-library\build\src\auth\oauth2client.js","31.95","7/11/2026 2:23:06 PM"
"NODE_MODULES","node_modules\google-auth-library\build\src\auth\oauth2common.js","7.98","7/11/2026 2:23:06 PM"
"NODE_MODULES","node_modules\google-auth-library\build\src\auth\passthrough.js","1.8","7/11/2026 2:23:06 PM"
"NODE_MODULES","node_modules\google-auth-library\build\src\auth\pluggable-auth-client.js","9.79","7/11/2026 2:23:06 PM"
"NODE_MODULES","node_modules\google-auth-library\build\src\auth\pluggable-auth-handler.js","6.62","7/11/2026 2:23:06 PM"
"NODE_MODULES","node_modules\google-auth-library\build\src\auth\refreshclient.js","4.93","7/11/2026 2:23:06 PM"
"NODE_MODULES","node_modules\google-auth-library\build\src\auth\stscredentials.js","4.78","7/11/2026 2:23:06 PM"
"NODE_MODULES","node_modules\google-auth-library\build\src\auth\urlsubjecttokensupplier.js","2.54","7/11/2026 2:23:06 PM"
"NODE_MODULES","node_modules\google-auth-library\build\src\crypto\crypto.js","1.69","7/11/2026 2:23:06 PM"
"NODE_MODULES","node_modules\google-auth-library\build\src\crypto\browser\crypto.js","5.29","7/11/2026 2:23:06 PM"
"NODE_MODULES","node_modules\google-auth-library\build\src\crypto\node\crypto.js","3.07","7/11/2026 2:23:06 PM"
"NODE_MODULES","node_modules\server-destroy\index.js","0.42","7/11/2026 2:23:02 PM"
"NODE_MODULES","node_modules\server-destroy\test.js","0.62","7/11/2026 2:23:04 PM"
"NODE_MODULES","node_modules\ecdsa-sig-formatter\src\ecdsa-sig-formatter.js","4.89","7/11/2026 2:23:04 PM"
"NODE_MODULES","node_modules\ecdsa-sig-formatter\src\param-bytes-for-alg.js","0.45","7/11/2026 2:23:04 PM"
"NODE_MODULES","node_modules\gtoken\build\src\index.js","11.01","7/11/2026 2:23:02 PM"
"NODE_MODULES","node_modules\gcp-metadata\build\src\gcp-residency.js","4.32","7/11/2026 2:23:02 PM"
"NODE_MODULES","node_modules\gcp-metadata\build\src\index.js","14.1","7/11/2026 2:23:04 PM"
"NODE_MODULES","node_modules\jws\index.js","0.59","7/11/2026 2:23:02 PM"
"NODE_MODULES","node_modules\jws\lib\data-stream.js","1.21","7/11/2026 2:23:02 PM"
"NODE_MODULES","node_modules\jws\lib\sign-stream.js","2.36","7/11/2026 2:23:02 PM"
"NODE_MODULES","node_modules\jws\lib\tostring.js","0.26","7/11/2026 2:23:04 PM"
"NODE_MODULES","node_modules\jws\lib\verify-stream.js","3.4","7/11/2026 2:23:04 PM"
"NODE_MODULES","node_modules\extend\index.js","3.24","7/11/2026 2:23:04 PM"
"NODE_MODULES","node_modules\node-fetch\browser.js","0.76","7/11/2026 2:23:00 PM"
"NODE_MODULES","node_modules\node-fetch\lib\index.es.js","44.28","7/11/2026 2:23:02 PM"
"NODE_MODULES","node_modules\node-fetch\lib\index.js","44.7","7/11/2026 2:23:04 PM"
"NODE_MODULES","node_modules\is-stream\index.js","0.66","7/11/2026 2:23:02 PM"
"NODE_MODULES","node_modules\uuid\dist\index.js","1.72","7/11/2026 2:23:04 PM"
"NODE_MODULES","node_modules\uuid\dist\md5-browser.js","6.85","7/11/2026 2:23:04 PM"
"NODE_MODULES","node_modules\uuid\dist\md5.js","0.54","7/11/2026 2:23:04 PM"
"NODE_MODULES","node_modules\uuid\dist\native-browser.js","0.26","7/11/2026 2:23:04 PM"
"NODE_MODULES","node_modules\uuid\dist\native.js","0.34","7/11/2026 2:23:06 PM"
"NODE_MODULES","node_modules\uuid\dist\nil.js","0.18","7/11/2026 2:23:06 PM"
"NODE_MODULES","node_modules\uuid\dist\parse.js","1.35","7/11/2026 2:23:06 PM"
"NODE_MODULES","node_modules\uuid\dist\regex.js","0.26","7/11/2026 2:23:06 PM"
"NODE_MODULES","node_modules\uuid\dist\rng-browser.js","0.91","7/11/2026 2:23:06 PM"
"NODE_MODULES","node_modules\uuid\dist\rng.js","0.54","7/11/2026 2:23:06 PM"
"NODE_MODULES","node_modules\uuid\dist\sha1-browser.js","2.55","7/11/2026 2:23:06 PM"
"NODE_MODULES","node_modules\uuid\dist\sha1.js","0.54","7/11/2026 2:23:06 PM"
"NODE_MODULES","node_modules\uuid\dist\stringify.js","1.74","7/11/2026 2:23:06 PM"
"NODE_MODULES","node_modules\uuid\dist\uuid-bin.js","1.98","7/11/2026 2:23:06 PM"
"NODE_MODULES","node_modules\uuid\dist\v1.js","3.52","7/11/2026 2:23:06 PM"
"NODE_MODULES","node_modules\uuid\dist\v3.js","0.4","7/11/2026 2:23:06 PM"
"NODE_MODULES","node_modules\uuid\dist\v35.js","2.03","7/11/2026 2:23:06 PM"
"NODE_MODULES","node_modules\uuid\dist\v4.js","0.99","7/11/2026 2:23:06 PM"
"NODE_MODULES","node_modules\uuid\dist\v5.js","0.41","7/11/2026 2:23:06 PM"
"NODE_MODULES","node_modules\uuid\dist\validate.js","0.4","7/11/2026 2:23:06 PM"
"NODE_MODULES","node_modules\uuid\dist\version.js","0.46","7/11/2026 2:23:06 PM"
"NODE_MODULES","node_modules\uuid\dist\commonjs-browser\index.js","1.75","7/11/2026 2:23:02 PM"
"NODE_MODULES","node_modules\uuid\dist\commonjs-browser\md5.js","6.85","7/11/2026 2:23:04 PM"
"NODE_MODULES","node_modules\uuid\dist\commonjs-browser\native.js","0.26","7/11/2026 2:23:06 PM"
"NODE_MODULES","node_modules\uuid\dist\commonjs-browser\nil.js","0.18","7/11/2026 2:23:06 PM"
"NODE_MODULES","node_modules\uuid\dist\commonjs-browser\parse.js","1.35","7/11/2026 2:23:06 PM"
"NODE_MODULES","node_modules\uuid\dist\commonjs-browser\regex.js","0.26","7/11/2026 2:23:06 PM"
"NODE_MODULES","node_modules\uuid\dist\commonjs-browser\rng.js","0.91","7/11/2026 2:23:06 PM"
"NODE_MODULES","node_modules\uuid\dist\commonjs-browser\sha1.js","2.55","7/11/2026 2:23:06 PM"
"NODE_MODULES","node_modules\uuid\dist\commonjs-browser\stringify.js","1.74","7/11/2026 2:23:06 PM"
"NODE_MODULES","node_modules\uuid\dist\commonjs-browser\v1.js","3.52","7/11/2026 2:23:06 PM"
"NODE_MODULES","node_modules\uuid\dist\commonjs-browser\v3.js","0.4","7/11/2026 2:23:06 PM"
"NODE_MODULES","node_modules\uuid\dist\commonjs-browser\v35.js","2.03","7/11/2026 2:23:06 PM"
"NODE_MODULES","node_modules\uuid\dist\commonjs-browser\v4.js","0.99","7/11/2026 2:23:06 PM"
"NODE_MODULES","node_modules\uuid\dist\commonjs-browser\v5.js","0.41","7/11/2026 2:23:06 PM"
"NODE_MODULES","node_modules\uuid\dist\commonjs-browser\validate.js","0.4","7/11/2026 2:23:06 PM"
"NODE_MODULES","node_modules\uuid\dist\commonjs-browser\version.js","0.46","7/11/2026 2:23:06 PM"
"NODE_MODULES","node_modules\uuid\dist\esm-browser\index.js","0.4","7/11/2026 2:23:04 PM"
"NODE_MODULES","node_modules\uuid\dist\esm-browser\md5.js","6.72","7/11/2026 2:23:04 PM"
"NODE_MODULES","node_modules\uuid\dist\esm-browser\native.js","0.13","7/11/2026 2:23:06 PM"
"NODE_MODULES","node_modules\uuid\dist\esm-browser\nil.js","0.05","7/11/2026 2:23:06 PM"
"NODE_MODULES","node_modules\uuid\dist\esm-browser\parse.js","1.08","7/11/2026 2:23:06 PM"
"NODE_MODULES","node_modules\uuid\dist\esm-browser\regex.js","0.13","7/11/2026 2:23:06 PM"
"NODE_MODULES","node_modules\uuid\dist\esm-browser\rng.js","0.82","7/11/2026 2:23:06 PM"
"NODE_MODULES","node_modules\uuid\dist\esm-browser\sha1.js","2.42","7/11/2026 2:23:06 PM"
"NODE_MODULES","node_modules\uuid\dist\esm-browser\stringify.js","1.43","7/11/2026 2:23:06 PM"
"NODE_MODULES","node_modules\uuid\dist\esm-browser\v1.js","3.24","7/11/2026 2:23:06 PM"
"NODE_MODULES","node_modules\uuid\dist\esm-browser\v3.js","0.1","7/11/2026 2:23:06 PM"
"NODE_MODULES","node_modules\uuid\dist\esm-browser\v35.js","1.73","7/11/2026 2:23:06 PM"
"NODE_MODULES","node_modules\uuid\dist\esm-browser\v4.js","0.66","7/11/2026 2:23:06 PM"
"NODE_MODULES","node_modules\uuid\dist\esm-browser\v5.js","0.11","7/11/2026 2:23:06 PM"
"NODE_MODULES","node_modules\uuid\dist\esm-browser\validate.js","0.14","7/11/2026 2:23:06 PM"
"NODE_MODULES","node_modules\uuid\dist\esm-browser\version.js","0.2","7/11/2026 2:23:06 PM"
"NODE_MODULES","node_modules\uuid\dist\esm-node\index.js","0.4","7/11/2026 2:23:04 PM"
"NODE_MODULES","node_modules\uuid\dist\esm-node\md5.js","0.27","7/11/2026 2:23:04 PM"
"NODE_MODULES","node_modules\uuid\dist\esm-node\native.js","0.08","7/11/2026 2:23:06 PM"
"NODE_MODULES","node_modules\uuid\dist\esm-node\nil.js","0.05","7/11/2026 2:23:06 PM"
"NODE_MODULES","node_modules\uuid\dist\esm-node\parse.js","1.08","7/11/2026 2:23:06 PM"
"NODE_MODULES","node_modules\uuid\dist\esm-node\regex.js","0.13","7/11/2026 2:23:06 PM"
"NODE_MODULES","node_modules\uuid\dist\esm-node\rng.js","0.32","7/11/2026 2:23:06 PM"
"NODE_MODULES","node_modules\uuid\dist\esm-node\sha1.js","0.28","7/11/2026 2:23:06 PM"
"NODE_MODULES","node_modules\uuid\dist\esm-node\stringify.js","1.43","7/11/2026 2:23:06 PM"
"NODE_MODULES","node_modules\uuid\dist\esm-node\v1.js","3.24","7/11/2026 2:23:06 PM"
"NODE_MODULES","node_modules\uuid\dist\esm-node\v3.js","0.1","7/11/2026 2:23:06 PM"
"NODE_MODULES","node_modules\uuid\dist\esm-node\v35.js","1.73","7/11/2026 2:23:06 PM"
"NODE_MODULES","node_modules\uuid\dist\esm-node\v4.js","0.66","7/11/2026 2:23:06 PM"
"NODE_MODULES","node_modules\uuid\dist\esm-node\v5.js","0.11","7/11/2026 2:23:06 PM"
"NODE_MODULES","node_modules\uuid\dist\esm-node\validate.js","0.14","7/11/2026 2:23:06 PM"
"NODE_MODULES","node_modules\uuid\dist\esm-node\version.js","0.2","7/11/2026 2:23:06 PM"
"NODE_MODULES","node_modules\google-logging-utils\build\src\colours.js","2.46","7/11/2026 2:23:02 PM"
"NODE_MODULES","node_modules\google-logging-utils\build\src\index.js","1.4","7/11/2026 2:23:04 PM"
"NODE_MODULES","node_modules\google-logging-utils\build\src\logging-utils.js","15.68","7/11/2026 2:23:04 PM"
"NODE_MODULES","node_modules\google-logging-utils\build\src\temporal.js","2.65","7/11/2026 2:23:04 PM"
"NODE_MODULES","node_modules\json-bigint\index.js","0.4","7/11/2026 2:23:02 PM"
"NODE_MODULES","node_modules\json-bigint\lib\parse.js","12.53","7/11/2026 2:23:02 PM"
"NODE_MODULES","node_modules\json-bigint\lib\stringify.js","13.18","7/11/2026 2:23:04 PM"
"NODE_MODULES","node_modules\bignumber.js\bignumber.js","87.58","7/11/2026 2:23:02 PM"
"NODE_MODULES","node_modules\jwa\index.js","6.64","7/11/2026 2:23:02 PM"
"NODE_MODULES","node_modules\buffer-equal-constant-time\index.js","1.02","7/11/2026 2:23:02 PM"
"NODE_MODULES","node_modules\buffer-equal-constant-time\test.js","0.99","7/11/2026 2:23:04 PM"
"NODE_MODULES","node_modules\whatwg-url\lib\URL-impl.js","3.71","7/11/2026 2:23:02 PM"
"NODE_MODULES","node_modules\whatwg-url\lib\URL.js","4.11","7/11/2026 2:23:04 PM"
"NODE_MODULES","node_modules\whatwg-url\lib\public-api.js","0.61","7/11/2026 2:23:04 PM"
"NODE_MODULES","node_modules\whatwg-url\lib\url-state-machine.js","32.79","7/11/2026 2:23:04 PM"
"NODE_MODULES","node_modules\whatwg-url\lib\utils.js","0.55","7/11/2026 2:23:04 PM"
"NODE_MODULES","node_modules\is-docker\cli.js","0.1","7/11/2026 2:23:02 PM"
"NODE_MODULES","node_modules\is-docker\index.js","0.44","7/11/2026 2:23:02 PM"
"NODE_MODULES","node_modules\is-wsl\index.js","0.54","7/11/2026 2:23:02 PM"
"NODE_MODULES","node_modules\tr46\index.js","7.39","7/11/2026 2:23:02 PM"
"NODE_MODULES","node_modules\webidl-conversions\lib\index.js","4.94","7/11/2026 2:23:02 PM"
"NODE_MODULES","node_modules\arrify\index.js","0.33","7/11/2026 2:23:02 PM"
"NODE_MODULES","node_modules\@google-cloud\local-auth\build\src\index.js","4.98","7/11/2026 2:23:02 PM"
"NODE_MODULES","node_modules\gaxios\node_modules\https-proxy-agent\dist\index.js","7.28","7/11/2026 2:23:02 PM"
"NODE_MODULES","node_modules\gaxios\node_modules\https-proxy-agent\dist\parse-proxy-response.js","3.82","7/11/2026 2:23:04 PM"
"NODE_MODULES","node_modules\gaxios\node_modules\agent-base\dist\helpers.js","2.26","7/11/2026 2:23:02 PM"
"NODE_MODULES","node_modules\gaxios\node_modules\agent-base\dist\index.js","7.15","7/11/2026 2:23:04 PM"
"NODE_MODULES","node_modules\gaxios\build\src\common.js","6.89","7/11/2026 2:23:02 PM"
"NODE_MODULES","node_modules\gaxios\build\src\gaxios.js","20.09","7/11/2026 2:23:04 PM"
"NODE_MODULES","node_modules\gaxios\build\src\index.js","2.07","7/11/2026 2:23:04 PM"
"NODE_MODULES","node_modules\gaxios\build\src\interceptor.js","0.92","7/11/2026 2:23:04 PM"
"NODE_MODULES","node_modules\gaxios\build\src\retry.js","6.28","7/11/2026 2:23:04 PM"
"NODE_MODULES","node_modules\gaxios\build\src\util.js","0.74","7/11/2026 2:23:04 PM"
"NODE_MODULES","node_modules\url-template\lib\url-template.js","5.42","7/11/2026 2:24:44 PM"
"NODE_MODULES","node_modules\url-template\test\uritemplate-test.js","0.89","7/11/2026 2:24:46 PM"
"NODE_MODULES","node_modules\url-template\test\url-template-test.js","12.24","7/11/2026 2:24:48 PM"
"NODE_MODULES","node_modules\rimraf\dist\commonjs\default-tmp.js","2.42","7/11/2026 2:24:40 PM"
"NODE_MODULES","node_modules\rimraf\dist\commonjs\fix-eperm.js","1.42","7/11/2026 2:24:44 PM"
"NODE_MODULES","node_modules\rimraf\dist\commonjs\fs.js","3.09","7/11/2026 2:24:48 PM"
"NODE_MODULES","node_modules\rimraf\dist\commonjs\ignore-enoent.js","0.52","7/11/2026 2:24:50 PM"
"NODE_MODULES","node_modules\rimraf\dist\commonjs\index.js","4","7/11/2026 2:24:50 PM"
"NODE_MODULES","node_modules\rimraf\dist\commonjs\opt-arg.js","1.75","7/11/2026 2:24:50 PM"
"NODE_MODULES","node_modules\rimraf\dist\commonjs\path-arg.js","1.92","7/11/2026 2:24:52 PM"
"NODE_MODULES","node_modules\rimraf\dist\commonjs\platform.js","0.19","7/11/2026 2:24:52 PM"
"NODE_MODULES","node_modules\rimraf\dist\commonjs\readdir-or-error.js","0.64","7/11/2026 2:24:52 PM"
"NODE_MODULES","node_modules\rimraf\dist\commonjs\retry-busy.js","2.28","7/11/2026 2:24:54 PM"
"NODE_MODULES","node_modules\rimraf\dist\commonjs\rimraf-manual.js","0.74","7/11/2026 2:24:54 PM"
"NODE_MODULES","node_modules\rimraf\dist\commonjs\rimraf-move-remove.js","6.5","7/11/2026 2:24:54 PM"
"NODE_MODULES","node_modules\rimraf\dist\commonjs\rimraf-native.js","0.63","7/11/2026 2:24:54 PM"
"NODE_MODULES","node_modules\rimraf\dist\commonjs\rimraf-posix.js","4.21","7/11/2026 2:24:56 PM"
"NODE_MODULES","node_modules\rimraf\dist\commonjs\rimraf-windows.js","6.47","7/11/2026 2:24:56 PM"
"NODE_MODULES","node_modules\rimraf\dist\commonjs\use-native.js","1.06","7/11/2026 2:24:56 PM"
"NODE_MODULES","node_modules\rimraf\dist\esm\default-tmp.js","2.01","7/11/2026 2:24:44 PM"
"NODE_MODULES","node_modules\rimraf\dist\esm\fix-eperm.js","1.23","7/11/2026 2:24:48 PM"
"NODE_MODULES","node_modules\rimraf\dist\esm\fs.js","1.75","7/11/2026 2:24:48 PM"
"NODE_MODULES","node_modules\rimraf\dist\esm\ignore-enoent.js","0.32","7/11/2026 2:24:50 PM"
"NODE_MODULES","node_modules\rimraf\dist\esm\index.js","2.62","7/11/2026 2:24:50 PM"
"NODE_MODULES","node_modules\rimraf\dist\esm\opt-arg.js","1.42","7/11/2026 2:24:50 PM"
"NODE_MODULES","node_modules\rimraf\dist\esm\path-arg.js","1.62","7/11/2026 2:24:52 PM"
"NODE_MODULES","node_modules\rimraf\dist\esm\platform.js","0.11","7/11/2026 2:24:52 PM"
"NODE_MODULES","node_modules\rimraf\dist\esm\readdir-or-error.js","0.42","7/11/2026 2:24:52 PM"
"NODE_MODULES","node_modules\rimraf\dist\esm\retry-busy.js","2","7/11/2026 2:24:54 PM"
"NODE_MODULES","node_modules\rimraf\dist\esm\rimraf-manual.js","0.38","7/11/2026 2:24:54 PM"
"NODE_MODULES","node_modules\rimraf\dist\esm\rimraf-move-remove.js","6.04","7/11/2026 2:24:54 PM"
"NODE_MODULES","node_modules\rimraf\dist\esm\rimraf-native.js","0.42","7/11/2026 2:24:54 PM"
"NODE_MODULES","node_modules\rimraf\dist\esm\rimraf-posix.js","3.84","7/11/2026 2:24:56 PM"
"NODE_MODULES","node_modules\rimraf\dist\esm\rimraf-windows.js","5.91","7/11/2026 2:24:56 PM"
"NODE_MODULES","node_modules\rimraf\dist\esm\use-native.js","0.75","7/11/2026 2:24:56 PM"
"NODE_MODULES","node_modules\glob\dist\commonjs\glob.js","8.35","7/11/2026 2:24:40 PM"
"NODE_MODULES","node_modules\glob\dist\commonjs\has-magic.js","1.03","7/11/2026 2:24:44 PM"
"NODE_MODULES","node_modules\glob\dist\commonjs\ignore.js","4.17","7/11/2026 2:24:48 PM"
"NODE_MODULES","node_modules\glob\dist\commonjs\index.js","2.81","7/11/2026 2:24:50 PM"
"NODE_MODULES","node_modules\glob\dist\commonjs\pattern.js","7.13","7/11/2026 2:24:50 PM"
"NODE_MODULES","node_modules\glob\dist\commonjs\processor.js","10.51","7/11/2026 2:24:50 PM"
"NODE_MODULES","node_modules\glob\dist\commonjs\walker.js","12.57","7/11/2026 2:24:52 PM"
"NODE_MODULES","node_modules\glob\dist\esm\glob.js","8.14","7/11/2026 2:24:44 PM"
"NODE_MODULES","node_modules\glob\dist\esm\has-magic.js","0.9","7/11/2026 2:24:48 PM"
"NODE_MODULES","node_modules\glob\dist\esm\ignore.js","4","7/11/2026 2:24:50 PM"
"NODE_MODULES","node_modules\glob\dist\esm\index.js","1.61","7/11/2026 2:24:50 PM"
"NODE_MODULES","node_modules\glob\dist\esm\pattern.js","6.99","7/11/2026 2:24:50 PM"
"NODE_MODULES","node_modules\glob\dist\esm\processor.js","10.21","7/11/2026 2:24:52 PM"
"NODE_MODULES","node_modules\glob\dist\esm\walker.js","12.27","7/11/2026 2:24:52 PM"
"NODE_MODULES","node_modules\foreground-child\dist\commonjs\all-signals.js","1.52","7/11/2026 2:24:38 PM"
"NODE_MODULES","node_modules\foreground-child\dist\commonjs\index.js","3.98","7/11/2026 2:24:44 PM"
"NODE_MODULES","node_modules\foreground-child\dist\commonjs\proxy-signals.js","1.13","7/11/2026 2:24:48 PM"
"NODE_MODULES","node_modules\foreground-child\dist\commonjs\watchdog.js","1.54","7/11/2026 2:24:50 PM"
"NODE_MODULES","node_modules\foreground-child\dist\esm\all-signals.js","1.24","7/11/2026 2:24:44 PM"
"NODE_MODULES","node_modules\foreground-child\dist\esm\index.js","3.53","7/11/2026 2:24:48 PM"
"NODE_MODULES","node_modules\foreground-child\dist\esm\proxy-signals.js","0.97","7/11/2026 2:24:48 PM"
"NODE_MODULES","node_modules\foreground-child\dist\esm\watchdog.js","1.38","7/11/2026 2:24:50 PM"
"NODE_MODULES","node_modules\jackspeak\dist\commonjs\index.js","35.64","7/11/2026 2:24:38 PM"
"NODE_MODULES","node_modules\jackspeak\dist\commonjs\parse-args.js","1.73","7/11/2026 2:24:44 PM"
"NODE_MODULES","node_modules\jackspeak\dist\esm\index.js","35.08","7/11/2026 2:24:44 PM"
"NODE_MODULES","node_modules\jackspeak\dist\esm\parse-args.js","0.71","7/11/2026 2:24:48 PM"
"NODE_MODULES","node_modules\minipass\dist\commonjs\index.js","33.25","7/11/2026 2:24:38 PM"
"NODE_MODULES","node_modules\minipass\dist\esm\index.js","32.55","7/11/2026 2:24:44 PM"
"NODE_MODULES","node_modules\minimatch\dist\commonjs\assert-valid-pattern.js","0.48","7/11/2026 2:24:38 PM"
"NODE_MODULES","node_modules\minimatch\dist\commonjs\ast.js","27.14","7/11/2026 2:24:44 PM"
"NODE_MODULES","node_modules\minimatch\dist\commonjs\brace-expressions.js","5.63","7/11/2026 2:24:48 PM"
"NODE_MODULES","node_modules\minimatch\dist\commonjs\escape.js","0.95","7/11/2026 2:24:50 PM"
"NODE_MODULES","node_modules\minimatch\dist\commonjs\index.js","38.92","7/11/2026 2:24:50 PM"
"NODE_MODULES","node_modules\minimatch\dist\commonjs\unescape.js","0.95","7/11/2026 2:24:50 PM"
"NODE_MODULES","node_modules\minimatch\dist\esm\assert-valid-pattern.js","0.33","7/11/2026 2:24:44 PM"
"NODE_MODULES","node_modules\minimatch\dist\esm\ast.js","26.91","7/11/2026 2:24:48 PM"
"NODE_MODULES","node_modules\minimatch\dist\esm\brace-expressions.js","5.5","7/11/2026 2:24:50 PM"
"NODE_MODULES","node_modules\minimatch\dist\esm\escape.js","0.83","7/11/2026 2:24:50 PM"
"NODE_MODULES","node_modules\minimatch\dist\esm\index.js","37.46","7/11/2026 2:24:50 PM"
"NODE_MODULES","node_modules\minimatch\dist\esm\unescape.js","0.83","7/11/2026 2:24:52 PM"
"NODE_MODULES","node_modules\package-json-from-dist\dist\commonjs\index.js","4.9","7/11/2026 2:24:32 PM"
"NODE_MODULES","node_modules\package-json-from-dist\dist\esm\index.js","4.46","7/11/2026 2:24:40 PM"
"NODE_MODULES","node_modules\path-scurry\dist\commonjs\index.js","64.57","7/11/2026 2:24:38 PM"
"NODE_MODULES","node_modules\path-scurry\dist\esm\index.js","62.81","7/11/2026 2:24:44 PM"
"NODE_MODULES","node_modules\cross-spawn\index.js","1.16","7/11/2026 2:24:44 PM"
"NODE_MODULES","node_modules\cross-spawn\lib\enoent.js","1.44","7/11/2026 2:24:38 PM"
"NODE_MODULES","node_modules\cross-spawn\lib\parse.js","2.99","7/11/2026 2:24:44 PM"
"NODE_MODULES","node_modules\cross-spawn\lib\util\escape.js","1.35","7/11/2026 2:24:42 PM"
"NODE_MODULES","node_modules\cross-spawn\lib\util\readShebang.js","0.54","7/11/2026 2:24:48 PM"
"NODE_MODULES","node_modules\cross-spawn\lib\util\resolveCommand.js","1.52","7/11/2026 2:24:48 PM"
"NODE_MODULES","node_modules\path-key\index.js","0.41","7/11/2026 2:24:38 PM"
"NODE_MODULES","node_modules\signal-exit\dist\cjs\browser.js","0.31","7/11/2026 2:24:32 PM"
"NODE_MODULES","node_modules\signal-exit\dist\cjs\index.js","9.21","7/11/2026 2:24:44 PM"
"NODE_MODULES","node_modules\signal-exit\dist\cjs\signals.js","1.52","7/11/2026 2:24:48 PM"
"NODE_MODULES","node_modules\signal-exit\dist\mjs\browser.js","0.13","7/11/2026 2:24:40 PM"
"NODE_MODULES","node_modules\signal-exit\dist\mjs\index.js","8.88","7/11/2026 2:24:46 PM"
"NODE_MODULES","node_modules\signal-exit\dist\mjs\signals.js","1.4","7/11/2026 2:24:48 PM"
"NODE_MODULES","node_modules\shebang-command\index.js","0.38","7/11/2026 2:24:36 PM"
"NODE_MODULES","node_modules\which\which.js","3.09","7/11/2026 2:24:40 PM"
"NODE_MODULES","node_modules\string-width\index.js","1.04","7/11/2026 2:24:36 PM"
"NODE_MODULES","node_modules\strip-ansi\index.js","0.61","7/11/2026 2:24:36 PM"
"NODE_MODULES","node_modules\wrap-ansi\index.js","5.64","7/11/2026 2:24:36 PM"
"NODE_MODULES","node_modules\brace-expansion\index.js","5.67","7/11/2026 2:24:46 PM"
"NODE_MODULES","node_modules\brace-expansion\dist\commonjs\index.js","9.8","7/11/2026 2:24:42 PM"
"NODE_MODULES","node_modules\brace-expansion\dist\esm\index.js","9.59","7/11/2026 2:24:44 PM"
"NODE_MODULES","node_modules\balanced-match\index.js","1.19","7/11/2026 2:24:30 PM"
"NODE_MODULES","node_modules\lru-cache\dist\commonjs\index.js","53.73","7/11/2026 2:24:40 PM"
"NODE_MODULES","node_modules\lru-cache\dist\commonjs\index.min.js","16.68","7/11/2026 2:24:46 PM"
"NODE_MODULES","node_modules\lru-cache\dist\esm\index.js","53.61","7/11/2026 2:24:44 PM"
"NODE_MODULES","node_modules\lru-cache\dist\esm\index.min.js","16.6","7/11/2026 2:24:48 PM"
"NODE_MODULES","node_modules\shebang-regex\index.js","0.04","7/11/2026 2:24:40 PM"
"NODE_MODULES","node_modules\eastasianwidth\eastasianwidth.js","11.78","7/11/2026 2:24:36 PM"
"NODE_MODULES","node_modules\emoji-regex\index.js","15.37","7/11/2026 2:24:40 PM"
"NODE_MODULES","node_modules\emoji-regex\RGI_Emoji.js","12.67","7/11/2026 2:24:44 PM"
"NODE_MODULES","node_modules\emoji-regex\text.js","14.13","7/11/2026 2:24:48 PM"
"NODE_MODULES","node_modules\emoji-regex\es2015\index.js","17","7/11/2026 2:24:32 PM"
"NODE_MODULES","node_modules\emoji-regex\es2015\RGI_Emoji.js","13.7","7/11/2026 2:24:42 PM"
"NODE_MODULES","node_modules\emoji-regex\es2015\text.js","15.43","7/11/2026 2:24:46 PM"
"NODE_MODULES","node_modules\is-fullwidth-code-point\index.js","1.71","7/11/2026 2:24:40 PM"
"NODE_MODULES","node_modules\ansi-regex\index.js","0.58","7/11/2026 2:24:36 PM"
"NODE_MODULES","node_modules\isexe\windows.js","0.87","7/11/2026 2:24:44 PM"
"NODE_MODULES","node_modules\isexe\index.js","1.16","7/11/2026 2:24:44 PM"
"NODE_MODULES","node_modules\isexe\mode.js","0.89","7/11/2026 2:24:46 PM"
"NODE_MODULES","node_modules\isexe\test\basic.js","4.88","7/11/2026 2:24:48 PM"
"NODE_MODULES","node_modules\ansi-styles\index.js","5.13","7/11/2026 2:24:36 PM"
"NODE_MODULES","node_modules\data-uri-to-buffer\dist\index.js","1.81","7/11/2026 2:24:32 PM"
"NODE_MODULES","node_modules\fetch-blob\file.js","1.2","7/11/2026 2:24:40 PM"
"NODE_MODULES","node_modules\fetch-blob\from.js","2.59","7/11/2026 2:24:42 PM"
"NODE_MODULES","node_modules\fetch-blob\index.js","7.26","7/11/2026 2:24:44 PM"
"NODE_MODULES","node_modules\formdata-polyfill\esm.min.js","2.32","7/11/2026 2:24:36 PM"
"NODE_MODULES","node_modules\formdata-polyfill\formdata-to-blob.js","1.27","7/11/2026 2:24:40 PM"
"NODE_MODULES","node_modules\formdata-polyfill\FormData.js","11.6","7/11/2026 2:24:42 PM"
"NODE_MODULES","node_modules\formdata-polyfill\formdata.min.js","8.68","7/11/2026 2:24:44 PM"
"NODE_MODULES","node_modules\node-domexception\index.js","0.45","7/11/2026 2:24:52 PM"
"NODE_MODULES","node_modules\node-domexception\.history\index_20210527203842.js","0","7/11/2026 2:24:35 PM"
"NODE_MODULES","node_modules\node-domexception\.history\index_20210527203947.js","0.26","7/11/2026 2:24:42 PM"
"NODE_MODULES","node_modules\node-domexception\.history\index_20210527204259.js","0.27","7/11/2026 2:24:44 PM"
"NODE_MODULES","node_modules\node-domexception\.history\index_20210527204418.js","0.3","7/11/2026 2:24:44 PM"
"NODE_MODULES","node_modules\node-domexception\.history\index_20210527204756.js","0.38","7/11/2026 2:24:46 PM"
"NODE_MODULES","node_modules\node-domexception\.history\index_20210527204833.js","0.39","7/11/2026 2:24:48 PM"
"NODE_MODULES","node_modules\node-domexception\.history\index_20210527211208.js","0.44","7/11/2026 2:24:48 PM"
"NODE_MODULES","node_modules\node-domexception\.history\index_20210527211248.js","0.44","7/11/2026 2:24:48 PM"
"NODE_MODULES","node_modules\node-domexception\.history\index_20210527212722.js","0.76","7/11/2026 2:24:50 PM"
"NODE_MODULES","node_modules\node-domexception\.history\index_20210527212731.js","0.76","7/11/2026 2:24:50 PM"
"NODE_MODULES","node_modules\node-domexception\.history\index_20210527212746.js","0.44","7/11/2026 2:24:50 PM"
"NODE_MODULES","node_modules\node-domexception\.history\index_20210527212900.js","0.46","7/11/2026 2:24:50 PM"
"NODE_MODULES","node_modules\node-domexception\.history\index_20210527213022.js","0.49","7/11/2026 2:24:50 PM"
"NODE_MODULES","node_modules\node-domexception\.history\index_20210527213822.js","0.49","7/11/2026 2:24:50 PM"
"NODE_MODULES","node_modules\node-domexception\.history\index_20210527213843.js","0.5","7/11/2026 2:24:50 PM"
"NODE_MODULES","node_modules\node-domexception\.history\index_20210527213852.js","0.5","7/11/2026 2:24:50 PM"
"NODE_MODULES","node_modules\node-domexception\.history\index_20210527213910.js","0.45","7/11/2026 2:24:52 PM"
"NODE_MODULES","node_modules\node-domexception\.history\index_20210527214034.js","0.45","7/11/2026 2:24:52 PM"
"NODE_MODULES","node_modules\node-domexception\.history\index_20210527214643.js","1.16","7/11/2026 2:24:52 PM"
"NODE_MODULES","node_modules\node-domexception\.history\index_20210527214654.js","1.16","7/11/2026 2:24:52 PM"
"NODE_MODULES","node_modules\node-domexception\.history\index_20210527214700.js","0.45","7/11/2026 2:24:52 PM"
"NODE_MODULES","node_modules\node-domexception\.history\test_20210527205603.js","0","7/11/2026 2:24:51 PM"
"NODE_MODULES","node_modules\node-domexception\.history\test_20210527205957.js","0.06","7/11/2026 2:24:52 PM"
"NODE_MODULES","node_modules\node-domexception\.history\test_20210527210021.js","0.06","7/11/2026 2:24:52 PM"
"NODE_MODULES","node_modules\web-streams-polyfill\dist\polyfill.es2018.js","208.13","7/11/2026 2:24:44 PM"
"NODE_MODULES","node_modules\web-streams-polyfill\dist\polyfill.es2018.min.js","62.63","7/11/2026 2:24:46 PM"
"NODE_MODULES","node_modules\web-streams-polyfill\dist\polyfill.es6.js","212.25","7/11/2026 2:24:50 PM"
"NODE_MODULES","node_modules\web-streams-polyfill\dist\polyfill.es6.min.js","64.3","7/11/2026 2:24:50 PM"
"NODE_MODULES","node_modules\web-streams-polyfill\dist\polyfill.js","226.75","7/11/2026 2:24:50 PM"
"NODE_MODULES","node_modules\web-streams-polyfill\dist\polyfill.min.js","69.8","7/11/2026 2:24:50 PM"
"NODE_MODULES","node_modules\web-streams-polyfill\dist\ponyfill.es2018.js","207.27","7/11/2026 2:24:52 PM"
"NODE_MODULES","node_modules\web-streams-polyfill\dist\ponyfill.es6.js","211.38","7/11/2026 2:24:52 PM"
"NODE_MODULES","node_modules\web-streams-polyfill\dist\ponyfill.js","225.56","7/11/2026 2:24:52 PM"
"NODE_MODULES","node_modules\color-convert\conversions.js","16.64","7/11/2026 2:24:40 PM"
"NODE_MODULES","node_modules\color-convert\index.js","1.67","7/11/2026 2:24:42 PM"
"NODE_MODULES","node_modules\color-convert\route.js","2.2","7/11/2026 2:24:46 PM"
"NODE_MODULES","node_modules\color-name\index.js","4.51","7/11/2026 2:24:36 PM"
"NODE_MODULES","node_modules\googleapis\node_modules\google-logging-utils\build\src\colours.js","2.56","7/11/2026 2:24:40 PM"
"NODE_MODULES","node_modules\googleapis\node_modules\google-logging-utils\build\src\index.js","1.4","7/11/2026 2:24:44 PM"
"NODE_MODULES","node_modules\googleapis\node_modules\google-logging-utils\build\src\logging-utils.js","16.66","7/11/2026 2:24:46 PM"
"NODE_MODULES","node_modules\googleapis\node_modules\google-logging-utils\build\src\temporal.js","2.65","7/11/2026 2:24:48 PM"
"NODE_MODULES","node_modules\googleapis\node_modules\gcp-metadata\build\src\gcp-residency.js","4.32","7/11/2026 2:24:40 PM"
"NODE_MODULES","node_modules\googleapis\node_modules\gcp-metadata\build\src\index.js","14.37","7/11/2026 2:24:44 PM"
"NODE_MODULES","node_modules\googleapis\node_modules\https-proxy-agent\dist\index.js","7.28","7/11/2026 2:24:44 PM"
"NODE_MODULES","node_modules\googleapis\node_modules\https-proxy-agent\dist\parse-proxy-response.js","3.82","7/11/2026 2:24:44 PM"
"NODE_MODULES","node_modules\googleapis\node_modules\node-fetch\src\body.js","9.62","7/11/2026 2:24:44 PM"
"NODE_MODULES","node_modules\googleapis\node_modules\node-fetch\src\headers.js","6.77","7/11/2026 2:24:48 PM"
"NODE_MODULES","node_modules\googleapis\node_modules\node-fetch\src\index.js","12.61","7/11/2026 2:24:48 PM"
"NODE_MODULES","node_modules\googleapis\node_modules\node-fetch\src\request.js","8.42","7/11/2026 2:24:50 PM"
"NODE_MODULES","node_modules\googleapis\node_modules\node-fetch\src\response.js","3.35","7/11/2026 2:24:52 PM"
"NODE_MODULES","node_modules\googleapis\node_modules\node-fetch\src\errors\abort-error.js","0.21","7/11/2026 2:24:34 PM"
"NODE_MODULES","node_modules\googleapis\node_modules\node-fetch\src\errors\base.js","0.34","7/11/2026 2:24:42 PM"
"NODE_MODULES","node_modules\googleapis\node_modules\node-fetch\src\errors\fetch-error.js","0.85","7/11/2026 2:24:46 PM"
"NODE_MODULES","node_modules\googleapis\node_modules\node-fetch\src\utils\get-search.js","0.29","7/11/2026 2:24:48 PM"
"NODE_MODULES","node_modules\googleapis\node_modules\node-fetch\src\utils\is-redirect.js","0.22","7/11/2026 2:24:50 PM"
"NODE_MODULES","node_modules\googleapis\node_modules\node-fetch\src\utils\is.js","2.19","7/11/2026 2:24:50 PM"
"NODE_MODULES","node_modules\googleapis\node_modules\node-fetch\src\utils\multipart-parser.js","9.42","7/11/2026 2:24:50 PM"
"NODE_MODULES","node_modules\googleapis\node_modules\node-fetch\src\utils\referrer.js","11.57","7/11/2026 2:24:50 PM"
"NODE_MODULES","node_modules\googleapis\node_modules\agent-base\dist\helpers.js","2.26","7/11/2026 2:24:38 PM"
"NODE_MODULES","node_modules\googleapis\node_modules\agent-base\dist\index.js","7.15","7/11/2026 2:24:44 PM"
"NODE_MODULES","node_modules\googleapis\node_modules\google-auth-library\build\src\index.js","7.41","7/11/2026 2:24:56 PM"
"NODE_MODULES","node_modules\googleapis\node_modules\google-auth-library\build\src\util.js","5.26","7/11/2026 2:24:58 PM"
"NODE_MODULES","node_modules\googleapis\node_modules\google-auth-library\build\src\auth\authclient.js","10.98","7/11/2026 2:24:46 PM"
"NODE_MODULES","node_modules\googleapis\node_modules\google-auth-library\build\src\auth\awsclient.js","7.38","7/11/2026 2:24:48 PM"
"NODE_MODULES","node_modules\googleapis\node_modules\google-auth-library\build\src\auth\awsrequestsigner.js","9.22","7/11/2026 2:24:48 PM"
"NODE_MODULES","node_modules\googleapis\node_modules\google-auth-library\build\src\auth\baseexternalclient.js","20.37","7/11/2026 2:24:50 PM"
"NODE_MODULES","node_modules\googleapis\node_modules\google-auth-library\build\src\auth\certificatesubjecttokensupplier.js","10.37","7/11/2026 2:24:50 PM"
"NODE_MODULES","node_modules\googleapis\node_modules\google-auth-library\build\src\auth\computeclient.js","4.39","7/11/2026 2:24:50 PM"
"NODE_MODULES","node_modules\googleapis\node_modules\google-auth-library\build\src\auth\credentials.js","0.69","7/11/2026 2:24:50 PM"
"NODE_MODULES","node_modules\googleapis\node_modules\google-auth-library\build\src\auth\defaultawssecuritycredentialssupplier.js","9.11","7/11/2026 2:24:52 PM"
"NODE_MODULES","node_modules\googleapis\node_modules\google-auth-library\build\src\auth\downscopedclient.js","12.06","7/11/2026 2:24:52 PM"
"NODE_MODULES","node_modules\googleapis\node_modules\google-auth-library\build\src\auth\envDetect.js","2.76","7/11/2026 2:24:54 PM"
"NODE_MODULES","node_modules\googleapis\node_modules\google-auth-library\build\src\auth\executable-response.js","7.34","7/11/2026 2:24:54 PM"
"NODE_MODULES","node_modules\googleapis\node_modules\google-auth-library\build\src\auth\externalAccountAuthorizedUserClient.js","9.77","7/11/2026 2:24:54 PM"
"NODE_MODULES","node_modules\googleapis\node_modules\google-auth-library\build\src\auth\externalclient.js","2.98","7/11/2026 2:24:54 PM"
"NODE_MODULES","node_modules\googleapis\node_modules\google-auth-library\build\src\auth\filesubjecttokensupplier.js","3.43","7/11/2026 2:24:54 PM"
"NODE_MODULES","node_modules\googleapis\node_modules\google-auth-library\build\src\auth\gdchclient.js","12.36","7/11/2026 2:24:56 PM"
"NODE_MODULES","node_modules\googleapis\node_modules\google-auth-library\build\src\auth\googleauth.js","36.38","7/11/2026 2:24:56 PM"
"NODE_MODULES","node_modules\googleapis\node_modules\google-auth-library\build\src\auth\iam.js","1.34","7/11/2026 2:24:56 PM"
"NODE_MODULES","node_modules\googleapis\node_modules\google-auth-library\build\src\auth\identitypoolclient.js","6.62","7/11/2026 2:24:56 PM"
"NODE_MODULES","node_modules\googleapis\node_modules\google-auth-library\build\src\auth\idtokenclient.js","2.06","7/11/2026 2:24:56 PM"
"NODE_MODULES","node_modules\googleapis\node_modules\google-auth-library\build\src\auth\impersonated.js","8.45","7/11/2026 2:24:56 PM"
"NODE_MODULES","node_modules\googleapis\node_modules\google-auth-library\build\src\auth\jwtaccess.js","7.04","7/11/2026 2:24:56 PM"
"NODE_MODULES","node_modules\googleapis\node_modules\google-auth-library\build\src\auth\jwtclient.js","10.99","7/11/2026 2:24:58 PM"
"NODE_MODULES","node_modules\googleapis\node_modules\google-auth-library\build\src\auth\loginticket.js","1.75","7/11/2026 2:24:58 PM"
"NODE_MODULES","node_modules\googleapis\node_modules\google-auth-library\build\src\auth\oauth2client.js","32.87","7/11/2026 2:24:58 PM"
"NODE_MODULES","node_modules\googleapis\node_modules\google-auth-library\build\src\auth\oauth2common.js","7.89","7/11/2026 2:24:58 PM"
"NODE_MODULES","node_modules\googleapis\node_modules\google-auth-library\build\src\auth\passthrough.js","1.8","7/11/2026 2:24:58 PM"
"NODE_MODULES","node_modules\googleapis\node_modules\google-auth-library\build\src\auth\pluggable-auth-client.js","9.77","7/11/2026 2:24:58 PM"
"NODE_MODULES","node_modules\googleapis\node_modules\google-auth-library\build\src\auth\pluggable-auth-handler.js","7.09","7/11/2026 2:24:58 PM"
"NODE_MODULES","node_modules\googleapis\node_modules\google-auth-library\build\src\auth\refreshclient.js","6.49","7/11/2026 2:24:58 PM"
"NODE_MODULES","node_modules\googleapis\node_modules\google-auth-library\build\src\auth\stscredentials.js","4.63","7/11/2026 2:24:58 PM"
"NODE_MODULES","node_modules\googleapis\node_modules\google-auth-library\build\src\auth\urlsubjecttokensupplier.js","2.79","7/11/2026 2:24:58 PM"
"NODE_MODULES","node_modules\googleapis\node_modules\google-auth-library\build\src\crypto\crypto.js","2.28","7/11/2026 2:24:52 PM"
"NODE_MODULES","node_modules\googleapis\node_modules\google-auth-library\build\src\crypto\shared.js","1.21","7/11/2026 2:24:58 PM"
"NODE_MODULES","node_modules\googleapis\node_modules\google-auth-library\build\src\crypto\browser\crypto.js","5.33","7/11/2026 2:24:52 PM"
"NODE_MODULES","node_modules\googleapis\node_modules\google-auth-library\build\src\crypto\node\crypto.js","3.19","7/11/2026 2:24:52 PM"
"NODE_MODULES","node_modules\googleapis\node_modules\google-auth-library\build\src\gtoken\errorWithCode.js","0.89","7/11/2026 2:24:54 PM"
"NODE_MODULES","node_modules\googleapis\node_modules\google-auth-library\build\src\gtoken\getCredentials.js","4.75","7/11/2026 2:24:56 PM"
"NODE_MODULES","node_modules\googleapis\node_modules\google-auth-library\build\src\gtoken\getToken.js","2.33","7/11/2026 2:24:56 PM"
"NODE_MODULES","node_modules\googleapis\node_modules\google-auth-library\build\src\gtoken\googleToken.js","4.34","7/11/2026 2:24:56 PM"
"NODE_MODULES","node_modules\googleapis\node_modules\google-auth-library\build\src\gtoken\jwsSign.js","1.81","7/11/2026 2:24:56 PM"
"NODE_MODULES","node_modules\googleapis\node_modules\google-auth-library\build\src\gtoken\revokeToken.js","1.38","7/11/2026 2:24:58 PM"
"NODE_MODULES","node_modules\googleapis\node_modules\google-auth-library\build\src\gtoken\tokenHandler.js","3.52","7/11/2026 2:24:58 PM"
"NODE_MODULES","node_modules\googleapis\node_modules\google-auth-library\build\src\gtoken\tokenOptions.js","0.69","7/11/2026 2:24:58 PM"
"NODE_MODULES","node_modules\googleapis\node_modules\gaxios\build\cjs\src\common.js","11.41","7/11/2026 2:24:50 PM"
"NODE_MODULES","node_modules\googleapis\node_modules\gaxios\build\cjs\src\gaxios.js","21.92","7/11/2026 2:24:50 PM"
"NODE_MODULES","node_modules\googleapis\node_modules\gaxios\build\cjs\src\index.js","2.09","7/11/2026 2:24:52 PM"
"NODE_MODULES","node_modules\googleapis\node_modules\gaxios\build\cjs\src\interceptor.js","0.92","7/11/2026 2:24:52 PM"
"NODE_MODULES","node_modules\googleapis\node_modules\gaxios\build\cjs\src\retry.js","6.11","7/11/2026 2:24:54 PM"
"NODE_MODULES","node_modules\googleapis\node_modules\gaxios\build\cjs\browser-test\browser-test-runner.js","4.11","7/11/2026 2:24:50 PM"
"NODE_MODULES","node_modules\googleapis\node_modules\gaxios\build\cjs\browser-test\test.browser.js","3.45","7/11/2026 2:24:54 PM"
"NODE_MODULES","node_modules\googleapis\node_modules\gaxios\build\cjs\test\test.getch.js","69.04","7/11/2026 2:24:54 PM"
"NODE_MODULES","node_modules\googleapis\node_modules\gaxios\build\cjs\test\test.index.js","2.55","7/11/2026 2:24:56 PM"
"NODE_MODULES","node_modules\googleapis\node_modules\gaxios\build\cjs\test\test.retry.js","14.27","7/11/2026 2:24:56 PM"
"NODE_MODULES","node_modules\googleapis\node_modules\gaxios\build\cjs\system-test\test.install.js","4.84","7/11/2026 2:24:56 PM"
"NODE_MODULES","node_modules\googleapis\node_modules\gaxios\build\esm\src\common.js","10.96","7/11/2026 2:24:50 PM"
"NODE_MODULES","node_modules\googleapis\node_modules\gaxios\build\esm\src\gaxios.js","21.52","7/11/2026 2:24:52 PM"
"NODE_MODULES","node_modules\googleapis\node_modules\gaxios\build\esm\src\index.js","1.02","7/11/2026 2:24:52 PM"
"NODE_MODULES","node_modules\googleapis\node_modules\gaxios\build\esm\src\interceptor.js","0.75","7/11/2026 2:24:52 PM"
"NODE_MODULES","node_modules\googleapis\node_modules\gaxios\build\esm\src\retry.js","6","7/11/2026 2:24:54 PM"
"NODE_MODULES","node_modules\googleapis\node_modules\gaxios\build\esm\browser-test\browser-test-runner.js","2.45","7/11/2026 2:24:50 PM"
"NODE_MODULES","node_modules\googleapis\node_modules\gaxios\build\esm\browser-test\test.browser.js","3.02","7/11/2026 2:24:54 PM"
"NODE_MODULES","node_modules\googleapis\node_modules\gaxios\build\esm\test\test.getch.js","61.66","7/11/2026 2:24:56 PM"
"NODE_MODULES","node_modules\googleapis\node_modules\gaxios\build\esm\test\test.index.js","0.91","7/11/2026 2:24:56 PM"
"NODE_MODULES","node_modules\googleapis\node_modules\gaxios\build\esm\test\test.retry.js","12.61","7/11/2026 2:24:56 PM"
"NODE_MODULES","node_modules\googleapis\node_modules\gaxios\build\esm\system-test\test.install.js","4.14","7/11/2026 2:24:56 PM"
"NODE_MODULES","node_modules\googleapis\build\src\googleapis.js","3.4","7/11/2026 2:24:58 PM"
"NODE_MODULES","node_modules\googleapis\build\src\index.js","123.41","7/11/2026 2:25:42 PM"
"NODE_MODULES","node_modules\googleapis\build\src\apis\index.js","46.46","7/11/2026 2:25:22 PM"
"NODE_MODULES","node_modules\googleapis\build\src\apis\merchantapi\accounts_v1.js","104.73","7/11/2026 2:24:44 PM"
"NODE_MODULES","node_modules\googleapis\build\src\apis\merchantapi\accounts_v1beta.js","102.58","7/11/2026 2:24:48 PM"
"NODE_MODULES","node_modules\googleapis\build\src\apis\merchantapi\conversions_v1.js","9.81","7/11/2026 2:24:56 PM"
"NODE_MODULES","node_modules\googleapis\build\src\apis\merchantapi\conversions_v1beta.js","9.87","7/11/2026 2:24:56 PM"
"NODE_MODULES","node_modules\googleapis\build\src\apis\merchantapi\datasources_v1.js","11.36","7/11/2026 2:24:56 PM"
"NODE_MODULES","node_modules\googleapis\build\src\apis\merchantapi\datasources_v1beta.js","11.43","7/11/2026 2:24:56 PM"
"NODE_MODULES","node_modules\googleapis\build\src\apis\merchantapi\index.js","9.32","7/11/2026 2:25:24 PM"
"NODE_MODULES","node_modules\googleapis\build\src\apis\merchantapi\inventories_v1.js","10.73","7/11/2026 2:25:42 PM"
"NODE_MODULES","node_modules\googleapis\build\src\apis\merchantapi\inventories_v1beta.js","10.82","7/11/2026 2:25:42 PM"
"NODE_MODULES","node_modules\googleapis\build\src\apis\merchantapi\issueresolution_v1.js","7.83","7/11/2026 2:25:42 PM"
"NODE_MODULES","node_modules\googleapis\build\src\apis\merchantapi\issueresolution_v1beta.js","7.91","7/11/2026 2:25:42 PM"
"NODE_MODULES","node_modules\googleapis\build\src\apis\merchantapi\lfp_v1.js","11.89","7/11/2026 2:25:42 PM"
"NODE_MODULES","node_modules\googleapis\build\src\apis\merchantapi\lfp_v1beta.js","11.97","7/11/2026 2:25:42 PM"
"NODE_MODULES","node_modules\googleapis\build\src\apis\merchantapi\notifications_v1.js","8.71","7/11/2026 2:25:42 PM"
"NODE_MODULES","node_modules\googleapis\build\src\apis\merchantapi\notifications_v1beta.js","8.81","7/11/2026 2:25:42 PM"
"NODE_MODULES","node_modules\googleapis\build\src\apis\merchantapi\ordertracking_v1.js","3.64","7/11/2026 2:25:42 PM"
"NODE_MODULES","node_modules\googleapis\build\src\apis\merchantapi\ordertracking_v1beta.js","3.68","7/11/2026 2:25:42 PM"
"NODE_MODULES","node_modules\googleapis\build\src\apis\merchantapi\products_v1.js","8.8","7/11/2026 2:25:42 PM"
"NODE_MODULES","node_modules\googleapis\build\src\apis\merchantapi\products_v1beta.js","8.86","7/11/2026 2:25:42 PM"
"NODE_MODULES","node_modules\googleapis\build\src\apis\merchantapi\promotions_v1.js","6.03","7/11/2026 2:25:42 PM"
"NODE_MODULES","node_modules\googleapis\build\src\apis\merchantapi\promotions_v1beta.js","6.08","7/11/2026 2:25:42 PM"
"NODE_MODULES","node_modules\googleapis\build\src\apis\merchantapi\quota_v1.js","6.21","7/11/2026 2:25:42 PM"
"NODE_MODULES","node_modules\googleapis\build\src\apis\merchantapi\quota_v1beta.js","3.5","7/11/2026 2:25:42 PM"
"NODE_MODULES","node_modules\googleapis\build\src\apis\merchantapi\reports_v1.js","3.49","7/11/2026 2:25:42 PM"
"NODE_MODULES","node_modules\googleapis\build\src\apis\merchantapi\reports_v1beta.js","3.54","7/11/2026 2:25:42 PM"
"NODE_MODULES","node_modules\googleapis\build\src\apis\merchantapi\reviews_v1beta.js","12.65","7/11/2026 2:25:42 PM"
"NODE_MODULES","node_modules\googleapis\build\src\apis\compute\alpha.js","1596.79","7/11/2026 2:24:52 PM"
"NODE_MODULES","node_modules\googleapis\build\src\apis\compute\beta.js","1502.61","7/11/2026 2:24:56 PM"
"NODE_MODULES","node_modules\googleapis\build\src\apis\compute\index.js","1.85","7/11/2026 2:25:10 PM"
"NODE_MODULES","node_modules\googleapis\build\src\apis\compute\v1.js","1379.76","7/11/2026 2:25:44 PM"
"NODE_MODULES","node_modules\googleapis\build\src\apis\deploymentmanager\alpha.js","48.14","7/11/2026 2:24:54 PM"
"NODE_MODULES","node_modules\googleapis\build\src\apis\deploymentmanager\index.js","2.05","7/11/2026 2:25:14 PM"
"NODE_MODULES","node_modules\googleapis\build\src\apis\deploymentmanager\v2.js","27.24","7/11/2026 2:25:50 PM"
"NODE_MODULES","node_modules\googleapis\build\src\apis\deploymentmanager\v2beta.js","46.88","7/11/2026 2:25:52 PM"
"NODE_MODULES","node_modules\googleapis\build\src\apis\admin\datatransfer_v1.js","8.47","7/11/2026 2:24:56 PM"
"NODE_MODULES","node_modules\googleapis\build\src\apis\admin\directory_v1.js","175.53","7/11/2026 2:24:58 PM"
"NODE_MODULES","node_modules\googleapis\build\src\apis\admin\index.js","2.04","7/11/2026 2:25:00 PM"
"NODE_MODULES","node_modules\googleapis\build\src\apis\admin\reports_v1.js","10.94","7/11/2026 2:25:42 PM"
"NODE_MODULES","node_modules\googleapis\build\src\apis\abusiveexperiencereport\index.js","1.56","7/11/2026 2:24:58 PM"
"NODE_MODULES","node_modules\googleapis\build\src\apis\abusiveexperiencereport\v1.js","4.84","7/11/2026 2:25:42 PM"
"NODE_MODULES","node_modules\googleapis\build\src\apis\acceleratedmobilepageurl\index.js","1.57","7/11/2026 2:24:58 PM"
"NODE_MODULES","node_modules\googleapis\build\src\apis\acceleratedmobilepageurl\v1.js","3.31","7/11/2026 2:25:42 PM"
"NODE_MODULES","node_modules\googleapis\build\src\apis\accessapproval\index.js","1.75","7/11/2026 2:24:58 PM"
"NODE_MODULES","node_modules\googleapis\build\src\apis\accessapproval\v1.js","37.1","7/11/2026 2:25:42 PM"
"NODE_MODULES","node_modules\googleapis\build\src\apis\accessapproval\v1beta1.js","29.24","7/11/2026 2:25:48 PM"
"NODE_MODULES","node_modules\googleapis\build\src\apis\accesscontextmanager\index.js","1.82","7/11/2026 2:24:58 PM"
"NODE_MODULES","node_modules\googleapis\build\src\apis\accesscontextmanager\v1.js","55.21","7/11/2026 2:25:42 PM"
"NODE_MODULES","node_modules\googleapis\build\src\apis\accesscontextmanager\v1beta.js","22.41","7/11/2026 2:25:48 PM"
"NODE_MODULES","node_modules\googleapis\build\src\apis\acmedns\index.js","1.42","7/11/2026 2:24:58 PM"
"NODE_MODULES","node_modules\googleapis\build\src\apis\acmedns\v1.js","4.44","7/11/2026 2:25:42 PM"
"NODE_MODULES","node_modules\googleapis\build\src\apis\addressvalidation\index.js","1.5","7/11/2026 2:25:00 PM"
"NODE_MODULES","node_modules\googleapis\build\src\apis\addressvalidation\v1.js","4.6","7/11/2026 2:25:42 PM"
"NODE_MODULES","node_modules\googleapis\build\src\apis\adexchangebuyer\index.js","2.01","7/11/2026 2:25:00 PM"
"NODE_MODULES","node_modules\googleapis\build\src\apis\adexchangebuyer\v1.2.js","10.71","7/11/2026 2:25:42 PM"
"NODE_MODULES","node_modules\googleapis\build\src\apis\adexchangebuyer\v1.3.js","29.59","7/11/2026 2:25:42 PM"
"NODE_MODULES","node_modules\googleapis\build\src\apis\adexchangebuyer\v1.4.js","52.67","7/11/2026 2:25:42 PM"
"NODE_MODULES","node_modules\googleapis\build\src\apis\adexchangebuyer2\index.js","1.54","7/11/2026 2:25:00 PM"
"NODE_MODULES","node_modules\googleapis\build\src\apis\adexchangebuyer2\v2beta1.js","121.13","7/11/2026 2:25:52 PM"
"NODE_MODULES","node_modules\googleapis\build\src\apis\adexperiencereport\index.js","1.51","7/11/2026 2:25:00 PM"
"NODE_MODULES","node_modules\googleapis\build\src\apis\adexperiencereport\v1.js","4.74","7/11/2026 2:25:42 PM"
"NODE_MODULES","node_modules\googleapis\build\src\apis\admob\index.js","1.62","7/11/2026 2:25:00 PM"
"NODE_MODULES","node_modules\googleapis\build\src\apis\admob\v1.js","10.39","7/11/2026 2:25:42 PM"
"NODE_MODULES","node_modules\googleapis\build\src\apis\admob\v1beta.js","29.09","7/11/2026 2:25:48 PM"
"NODE_MODULES","node_modules\googleapis\build\src\apis\adsense\index.js","1.63","7/11/2026 2:25:00 PM"
"NODE_MODULES","node_modules\googleapis\build\src\apis\adsense\v1.4.js","57.98","7/11/2026 2:25:42 PM"
"NODE_MODULES","node_modules\googleapis\build\src\apis\adsense\v2.js","45.69","7/11/2026 2:25:50 PM"
"NODE_MODULES","node_modules\googleapis\build\src\apis\adsensehost\index.js","1.47","7/11/2026 2:25:00 PM"
"NODE_MODULES","node_modules\googleapis\build\src\apis\adsensehost\v4.1.js","37.99","7/11/2026 2:25:52 PM"
"NODE_MODULES","node_modules\googleapis\build\src\apis\adsenseplatform\index.js","1.76","7/11/2026 2:25:00 PM"
"NODE_MODULES","node_modules\googleapis\build\src\apis\adsenseplatform\v1.js","16.46","7/11/2026 2:25:42 PM"
"NODE_MODULES","node_modules\googleapis\build\src\apis\adsenseplatform\v1alpha.js","28.2","7/11/2026 2:25:48 PM"
"NODE_MODULES","node_modules\googleapis\build\src\apis\advisorynotifications\index.js","1.54","7/11/2026 2:25:00 PM"
"NODE_MODULES","node_modules\googleapis\build\src\apis\advisorynotifications\v1.js","13.71","7/11/2026 2:25:42 PM"
"NODE_MODULES","node_modules\googleapis\build\src\apis\agentregistry\index.js","1.51","7/11/2026 2:25:00 PM"
"NODE_MODULES","node_modules\googleapis\build\src\apis\agentregistry\v1alpha.js","35.43","7/11/2026 2:25:48 PM"
"NODE_MODULES","node_modules\googleapis\build\src\apis\aiplatform\index.js","1.69","7/11/2026 2:25:00 PM"
"NODE_MODULES","node_modules\googleapis\build\src\apis\aiplatform\v1.js","1345.94","7/11/2026 2:25:42 PM"
"NODE_MODULES","node_modules\googleapis\build\src\apis\aiplatform\v1beta1.js","1065.16","7/11/2026 2:25:48 PM"
"NODE_MODULES","node_modules\googleapis\build\src\apis\airquality\index.js","1.44","7/11/2026 2:25:02 PM"
"NODE_MODULES","node_modules\googleapis\build\src\apis\airquality\v1.js","7.93","7/11/2026 2:25:42 PM"
"NODE_MODULES","node_modules\googleapis\build\src\apis\alertcenter\index.js","1.5","7/11/2026 2:25:02 PM"
"NODE_MODULES","node_modules\googleapis\build\src\apis\alertcenter\v1beta1.js","16.14","7/11/2026 2:25:48 PM"
"NODE_MODULES","node_modules\googleapis\build\src\apis\alloydb\index.js","1.88","7/11/2026 2:25:02 PM"
"NODE_MODULES","node_modules\googleapis\build\src\apis\alloydb\v1.js","54.46","7/11/2026 2:25:42 PM"
"NODE_MODULES","node_modules\googleapis\build\src\apis\alloydb\v1alpha.js","61.23","7/11/2026 2:25:48 PM"
"NODE_MODULES","node_modules\googleapis\build\src\apis\alloydb\v1beta.js","61.17","7/11/2026 2:25:48 PM"
"NODE_MODULES","node_modules\googleapis\build\src\apis\analytics\index.js","1.43","7/11/2026 2:25:02 PM"
"NODE_MODULES","node_modules\googleapis\build\src\apis\analytics\v3.js","134.02","7/11/2026 2:25:52 PM"
"NODE_MODULES","node_modules\googleapis\build\src\apis\analyticsadmin\index.js","1.78","7/11/2026 2:25:02 PM"
"NODE_MODULES","node_modules\googleapis\build\src\apis\analyticsadmin\v1alpha.js","219.11","7/11/2026 2:25:48 PM"
"NODE_MODULES","node_modules\googleapis\build\src\apis\analyticsadmin\v1beta.js","74.09","7/11/2026 2:25:48 PM"
"NODE_MODULES","node_modules\googleapis\build\src\apis\analyticsdata\index.js","1.77","7/11/2026 2:25:02 PM"
"NODE_MODULES","node_modules\googleapis\build\src\apis\analyticsdata\v1alpha.js","9.51","7/11/2026 2:25:48 PM"
"NODE_MODULES","node_modules\googleapis\build\src\apis\analyticsdata\v1beta.js","16.5","7/11/2026 2:25:48 PM"
"NODE_MODULES","node_modules\googleapis\build\src\apis\analyticshub\index.js","1.72","7/11/2026 2:25:02 PM"
"NODE_MODULES","node_modules\googleapis\build\src\apis\analyticshub\v1.js","48.71","7/11/2026 2:25:42 PM"
"NODE_MODULES","node_modules\googleapis\build\src\apis\analyticshub\v1beta1.js","26.76","7/11/2026 2:25:48 PM"
"NODE_MODULES","node_modules\googleapis\build\src\apis\analyticsreporting\index.js","1.51","7/11/2026 2:25:02 PM"
"NODE_MODULES","node_modules\googleapis\build\src\apis\analyticsreporting\v4.js","4.68","7/11/2026 2:25:52 PM"
"NODE_MODULES","node_modules\googleapis\build\src\apis\androiddeviceprovisioning\index.js","1.57","7/11/2026 2:25:02 PM"
"NODE_MODULES","node_modules\googleapis\build\src\apis\androiddeviceprovisioning\v1.js","39.04","7/11/2026 2:25:42 PM"
"NODE_MODULES","node_modules\googleapis\build\src\apis\androidenterprise\index.js","1.5","7/11/2026 2:25:02 PM"
"NODE_MODULES","node_modules\googleapis\build\src\apis\androidenterprise\v1.js","112.09","7/11/2026 2:25:42 PM"
"NODE_MODULES","node_modules\googleapis\build\src\apis\androidmanagement\index.js","1.5","7/11/2026 2:25:02 PM"
"NODE_MODULES","node_modules\googleapis\build\src\apis\androidmanagement\v1.js","49.85","7/11/2026 2:25:42 PM"
"NODE_MODULES","node_modules\googleapis\build\src\apis\androidpublisher\index.js","2.23","7/11/2026 2:25:02 PM"
"NODE_MODULES","node_modules\googleapis\build\src\apis\androidpublisher\v1.1.js","3.54","7/11/2026 2:25:42 PM"
"NODE_MODULES","node_modules\googleapis\build\src\apis\androidpublisher\v1.js","1.51","7/11/2026 2:25:42 PM"
"NODE_MODULES","node_modules\googleapis\build\src\apis\androidpublisher\v2.js","5.43","7/11/2026 2:25:50 PM"
"NODE_MODULES","node_modules\googleapis\build\src\apis\androidpublisher\v3.js","204.58","7/11/2026 2:25:52 PM"
"NODE_MODULES","node_modules\googleapis\build\src\apis\apigateway\index.js","1.69","7/11/2026 2:25:02 PM"
"NODE_MODULES","node_modules\googleapis\build\src\apis\apigateway\v1.js","40.65","7/11/2026 2:25:42 PM"
"NODE_MODULES","node_modules\googleapis\build\src\apis\apigateway\v1beta.js","40.82","7/11/2026 2:25:48 PM"
"NODE_MODULES","node_modules\googleapis\build\src\apis\apigeeregistry\index.js","1.48","7/11/2026 2:25:04 PM"
"NODE_MODULES","node_modules\googleapis\build\src\apis\apigeeregistry\v1.js","133.91","7/11/2026 2:25:42 PM"
"NODE_MODULES","node_modules\googleapis\build\src\apis\apihub\index.js","1.41","7/11/2026 2:25:04 PM"
"NODE_MODULES","node_modules\googleapis\build\src\apis\apihub\v1.js","128.4","7/11/2026 2:25:42 PM"
"NODE_MODULES","node_modules\googleapis\build\src\apis\apikeys\index.js","1.42","7/11/2026 2:25:04 PM"
"NODE_MODULES","node_modules\googleapis\build\src\apis\apikeys\v2.js","13.93","7/11/2026 2:25:50 PM"
"NODE_MODULES","node_modules\googleapis\build\src\apis\apim\index.js","1.43","7/11/2026 2:25:04 PM"
"NODE_MODULES","node_modules\googleapis\build\src\apis\apim\v1alpha.js","32.88","7/11/2026 2:25:48 PM"
"NODE_MODULES","node_modules\googleapis\build\src\apis\appengine\index.js","1.92","7/11/2026 2:25:04 PM"
"NODE_MODULES","node_modules\googleapis\build\src\apis\appengine\v1.js","91.29","7/11/2026 2:25:42 PM"
"NODE_MODULES","node_modules\googleapis\build\src\apis\appengine\v1alpha.js","48.21","7/11/2026 2:25:48 PM"
"NODE_MODULES","node_modules\googleapis\build\src\apis\appengine\v1beta.js","97.35","7/11/2026 2:25:48 PM"
"NODE_MODULES","node_modules\googleapis\build\src\apis\apphub\index.js","1.64","7/11/2026 2:25:04 PM"
"NODE_MODULES","node_modules\googleapis\build\src\apis\apphub\v1.js","55.12","7/11/2026 2:25:42 PM"
"NODE_MODULES","node_modules\googleapis\build\src\apis\apphub\v1alpha.js","58.02","7/11/2026 2:25:48 PM"
"NODE_MODULES","node_modules\googleapis\build\src\apis\appsactivity\index.js","1.46","7/11/2026 2:25:04 PM"
"NODE_MODULES","node_modules\googleapis\build\src\apis\appsactivity\v1.js","3.24","7/11/2026 2:25:42 PM"
"NODE_MODULES","node_modules\googleapis\build\src\apis\appsmarket\index.js","1.44","7/11/2026 2:25:04 PM"
"NODE_MODULES","node_modules\googleapis\build\src\apis\appsmarket\v2.js","4.87","7/11/2026 2:25:50 PM"
"NODE_MODULES","node_modules\googleapis\build\src\apis\area120tables\index.js","1.52","7/11/2026 2:25:04 PM"
"NODE_MODULES","node_modules\googleapis\build\src\apis\area120tables\v1alpha1.js","17.21","7/11/2026 2:25:48 PM"
"NODE_MODULES","node_modules\googleapis\build\src\apis\areainsights\index.js","1.46","7/11/2026 2:25:04 PM"
"NODE_MODULES","node_modules\googleapis\build\src\apis\areainsights\v1.js","3.05","7/11/2026 2:25:42 PM"
"NODE_MODULES","node_modules\googleapis\build\src\apis\artifactregistry\index.js","2.06","7/11/2026 2:25:04 PM"
"NODE_MODULES","node_modules\googleapis\build\src\apis\artifactregistry\v1.js","92.15","7/11/2026 2:25:42 PM"
"NODE_MODULES","node_modules\googleapis\build\src\apis\artifactregistry\v1beta1.js","34.83","7/11/2026 2:25:48 PM"
"NODE_MODULES","node_modules\googleapis\build\src\apis\artifactregistry\v1beta2.js","38.62","7/11/2026 2:25:50 PM"
"NODE_MODULES","node_modules\googleapis\build\src\apis\assuredworkloads\index.js","1.78","7/11/2026 2:25:04 PM"
"NODE_MODULES","node_modules\googleapis\build\src\apis\assuredworkloads\v1.js","28.06","7/11/2026 2:25:42 PM"
"NODE_MODULES","node_modules\googleapis\build\src\apis\assuredworkloads\v1beta1.js","26.93","7/11/2026 2:25:48 PM"
"NODE_MODULES","node_modules\googleapis\build\src\apis\authorizedbuyersmarketplace\index.js","2.25","7/11/2026 2:25:04 PM"
"NODE_MODULES","node_modules\googleapis\build\src\apis\authorizedbuyersmarketplace\v1.js","56.23","7/11/2026 2:25:42 PM"
"NODE_MODULES","node_modules\googleapis\build\src\apis\authorizedbuyersmarketplace\v1alpha.js","74.32","7/11/2026 2:25:48 PM"
"NODE_MODULES","node_modules\googleapis\build\src\apis\authorizedbuyersmarketplace\v1beta.js","19.71","7/11/2026 2:25:48 PM"
"NODE_MODULES","node_modules\googleapis\build\src\apis\backupdr\index.js","1.42","7/11/2026 2:25:04 PM"
"NODE_MODULES","node_modules\googleapis\build\src\apis\backupdr\v1.js","85.19","7/11/2026 2:25:42 PM"
"NODE_MODULES","node_modules\googleapis\build\src\apis\baremetalsolution\index.js","2.04","7/11/2026 2:25:04 PM"
"NODE_MODULES","node_modules\googleapis\build\src\apis\baremetalsolution\v1.js","6.79","7/11/2026 2:25:42 PM"
"NODE_MODULES","node_modules\googleapis\build\src\apis\baremetalsolution\v1alpha1.js","5.32","7/11/2026 2:25:48 PM"
"NODE_MODULES","node_modules\googleapis\build\src\apis\baremetalsolution\v2.js","61.04","7/11/2026 2:25:50 PM"
"NODE_MODULES","node_modules\googleapis\build\src\apis\batch\index.js","1.4","7/11/2026 2:25:04 PM"
"NODE_MODULES","node_modules\googleapis\build\src\apis\batch\v1.js","20.98","7/11/2026 2:25:42 PM"
"NODE_MODULES","node_modules\googleapis\build\src\apis\beyondcorp\index.js","1.69","7/11/2026 2:25:04 PM"
"NODE_MODULES","node_modules\googleapis\build\src\apis\beyondcorp\v1.js","70.75","7/11/2026 2:25:42 PM"
"NODE_MODULES","node_modules\googleapis\build\src\apis\beyondcorp\v1alpha.js","117.7","7/11/2026 2:25:48 PM"
"NODE_MODULES","node_modules\googleapis\build\src\apis\biglake\index.js","1.42","7/11/2026 2:25:04 PM"
"NODE_MODULES","node_modules\googleapis\build\src\apis\biglake\v1.js","34.38","7/11/2026 2:25:42 PM"
"NODE_MODULES","node_modules\googleapis\build\src\apis\bigquery\index.js","1.42","7/11/2026 2:25:04 PM"
"NODE_MODULES","node_modules\googleapis\build\src\apis\bigquery\v2.js","65.54","7/11/2026 2:25:50 PM"
"NODE_MODULES","node_modules\googleapis\build\src\apis\bigqueryconnection\index.js","1.8","7/11/2026 2:25:04 PM"
"NODE_MODULES","node_modules\googleapis\build\src\apis\bigqueryconnection\v1.js","12.7","7/11/2026 2:25:42 PM"
"NODE_MODULES","node_modules\googleapis\build\src\apis\bigqueryconnection\v1beta1.js","14.06","7/11/2026 2:25:48 PM"
"NODE_MODULES","node_modules\googleapis\build\src\apis\bigquerydatapolicy\index.js","1.76","7/11/2026 2:25:04 PM"
"NODE_MODULES","node_modules\googleapis\build\src\apis\bigquerydatapolicy\v1.js","13.92","7/11/2026 2:25:42 PM"
"NODE_MODULES","node_modules\googleapis\build\src\apis\bigquerydatapolicy\v2.js","15.26","7/11/2026 2:25:50 PM"
"NODE_MODULES","node_modules\googleapis\build\src\apis\bigquerydatatransfer\index.js","1.53","7/11/2026 2:25:04 PM"
"NODE_MODULES","node_modules\googleapis\build\src\apis\bigquerydatatransfer\v1.js","52.67","7/11/2026 2:25:42 PM"
"NODE_MODULES","node_modules\googleapis\build\src\apis\bigqueryreservation\index.js","2.12","7/11/2026 2:25:06 PM"
"NODE_MODULES","node_modules\googleapis\build\src\apis\bigqueryreservation\v1.js","44.32","7/11/2026 2:25:42 PM"
"NODE_MODULES","node_modules\googleapis\build\src\apis\bigqueryreservation\v1alpha2.js","22.17","7/11/2026 2:25:48 PM"
"NODE_MODULES","node_modules\googleapis\build\src\apis\bigqueryreservation\v1beta1.js","28.07","7/11/2026 2:25:48 PM"
"NODE_MODULES","node_modules\googleapis\build\src\apis\bigtableadmin\index.js","1.69","7/11/2026 2:25:06 PM"
"NODE_MODULES","node_modules\googleapis\build\src\apis\bigtableadmin\v1.js","1.32","7/11/2026 2:25:42 PM"
"NODE_MODULES","node_modules\googleapis\build\src\apis\bigtableadmin\v2.js","108.59","7/11/2026 2:25:50 PM"
"NODE_MODULES","node_modules\googleapis\build\src\apis\billingbudgets\index.js","1.75","7/11/2026 2:25:06 PM"
"NODE_MODULES","node_modules\googleapis\build\src\apis\billingbudgets\v1.js","8.54","7/11/2026 2:25:42 PM"
"NODE_MODULES","node_modules\googleapis\build\src\apis\billingbudgets\v1beta1.js","8.61","7/11/2026 2:25:48 PM"
"NODE_MODULES","node_modules\googleapis\build\src\apis\binaryauthorization\index.js","1.82","7/11/2026 2:25:06 PM"
"NODE_MODULES","node_modules\googleapis\build\src\apis\binaryauthorization\v1.js","30.67","7/11/2026 2:25:42 PM"
"NODE_MODULES","node_modules\googleapis\build\src\apis\binaryauthorization\v1beta1.js","22","7/11/2026 2:25:48 PM"
"NODE_MODULES","node_modules\googleapis\build\src\apis\blockchainnodeengine\index.js","1.53","7/11/2026 2:25:06 PM"
"NODE_MODULES","node_modules\googleapis\build\src\apis\blockchainnodeengine\v1.js","16.66","7/11/2026 2:25:42 PM"
"NODE_MODULES","node_modules\googleapis\build\src\apis\blogger\index.js","1.42","7/11/2026 2:25:06 PM"
"NODE_MODULES","node_modules\googleapis\build\src\apis\blogger\v3.js","45.05","7/11/2026 2:25:52 PM"
"NODE_MODULES","node_modules\googleapis\build\src\apis\books\index.js","1.4","7/11/2026 2:25:06 PM"
"NODE_MODULES","node_modules\googleapis\build\src\apis\books\v1.js","72.76","7/11/2026 2:25:42 PM"
"NODE_MODULES","node_modules\googleapis\build\src\apis\businessprofileperformance\index.js","1.58","7/11/2026 2:25:06 PM"
"NODE_MODULES","node_modules\googleapis\build\src\apis\businessprofileperformance\v1.js","7.31","7/11/2026 2:25:42 PM"
"NODE_MODULES","node_modules\googleapis\build\src\apis\calendar\index.js","1.42","7/11/2026 2:25:06 PM"
"NODE_MODULES","node_modules\googleapis\build\src\apis\calendar\v3.js","49.73","7/11/2026 2:25:52 PM"
"NODE_MODULES","node_modules\googleapis\build\src\apis\certificatemanager\index.js","1.51","7/11/2026 2:25:06 PM"
"NODE_MODULES","node_modules\googleapis\build\src\apis\certificatemanager\v1.js","50","7/11/2026 2:25:42 PM"
"NODE_MODULES","node_modules\googleapis\build\src\apis\ces\index.js","1.59","7/11/2026 2:25:06 PM"
"NODE_MODULES","node_modules\googleapis\build\src\apis\ces\v1.js","81.58","7/11/2026 2:25:42 PM"
"NODE_MODULES","node_modules\googleapis\build\src\apis\ces\v1beta.js","130.71","7/11/2026 2:25:48 PM"
"NODE_MODULES","node_modules\googleapis\build\src\apis\chat\index.js","1.39","7/11/2026 2:25:06 PM"
"NODE_MODULES","node_modules\googleapis\build\src\apis\chat\v1.js","60.72","7/11/2026 2:25:42 PM"
"NODE_MODULES","node_modules\googleapis\build\src\apis\checks\index.js","1.45","7/11/2026 2:25:06 PM"
"NODE_MODULES","node_modules\googleapis\build\src\apis\checks\v1alpha.js","22.85","7/11/2026 2:25:48 PM"
"NODE_MODULES","node_modules\googleapis\build\src\apis\chromemanagement\index.js","1.5","7/11/2026 2:25:06 PM"
"NODE_MODULES","node_modules\googleapis\build\src\apis\chromemanagement\v1.js","75.95","7/11/2026 2:25:44 PM"
"NODE_MODULES","node_modules\googleapis\build\src\apis\chromepolicy\index.js","1.46","7/11/2026 2:25:06 PM"
"NODE_MODULES","node_modules\googleapis\build\src\apis\chromepolicy\v1.js","21.95","7/11/2026 2:25:44 PM"
"NODE_MODULES","node_modules\googleapis\build\src\apis\chromeuxreport\index.js","1.48","7/11/2026 2:25:08 PM"
"NODE_MODULES","node_modules\googleapis\build\src\apis\chromeuxreport\v1.js","4.42","7/11/2026 2:25:44 PM"
"NODE_MODULES","node_modules\googleapis\build\src\apis\chromewebstore\index.js","1.72","7/11/2026 2:25:08 PM"
"NODE_MODULES","node_modules\googleapis\build\src\apis\chromewebstore\v1.1.js","7.13","7/11/2026 2:25:42 PM"
"NODE_MODULES","node_modules\googleapis\build\src\apis\chromewebstore\v2.js","8.88","7/11/2026 2:25:50 PM"
"NODE_MODULES","node_modules\googleapis\build\src\apis\civicinfo\index.js","1.43","7/11/2026 2:25:08 PM"
"NODE_MODULES","node_modules\googleapis\build\src\apis\civicinfo\v2.js","7.13","7/11/2026 2:25:50 PM"
"NODE_MODULES","node_modules\googleapis\build\src\apis\classroom\index.js","1.43","7/11/2026 2:25:08 PM"
"NODE_MODULES","node_modules\googleapis\build\src\apis\classroom\v1.js","145.36","7/11/2026 2:25:44 PM"
"NODE_MODULES","node_modules\googleapis\build\src\apis\cloudasset\index.js","2.77","7/11/2026 2:25:08 PM"
"NODE_MODULES","node_modules\googleapis\build\src\apis\cloudasset\v1.js","32.94","7/11/2026 2:25:44 PM"
"NODE_MODULES","node_modules\googleapis\build\src\apis\cloudasset\v1beta1.js","13.42","7/11/2026 2:25:48 PM"
"NODE_MODULES","node_modules\googleapis\build\src\apis\cloudasset\v1p1beta1.js","4.75","7/11/2026 2:25:50 PM"
"NODE_MODULES","node_modules\googleapis\build\src\apis\cloudasset\v1p4beta1.js","4.41","7/11/2026 2:25:50 PM"
"NODE_MODULES","node_modules\googleapis\build\src\apis\cloudasset\v1p5beta1.js","3.16","7/11/2026 2:25:50 PM"
"NODE_MODULES","node_modules\googleapis\build\src\apis\cloudasset\v1p7beta1.js","4.7","7/11/2026 2:25:50 PM"
"NODE_MODULES","node_modules\googleapis\build\src\apis\cloudbilling\index.js","1.71","7/11/2026 2:25:08 PM"
"NODE_MODULES","node_modules\googleapis\build\src\apis\cloudbilling\v1.js","26.41","7/11/2026 2:25:44 PM"
"NODE_MODULES","node_modules\googleapis\build\src\apis\cloudbilling\v1beta.js","26.48","7/11/2026 2:25:48 PM"
"NODE_MODULES","node_modules\googleapis\build\src\apis\cloudbuild\index.js","2.42","7/11/2026 2:25:08 PM"
"NODE_MODULES","node_modules\googleapis\build\src\apis\cloudbuild\v1.js","89.73","7/11/2026 2:25:44 PM"
"NODE_MODULES","node_modules\googleapis\build\src\apis\cloudbuild\v1alpha1.js","11.29","7/11/2026 2:25:48 PM"
"NODE_MODULES","node_modules\googleapis\build\src\apis\cloudbuild\v1alpha2.js","11.29","7/11/2026 2:25:48 PM"
"NODE_MODULES","node_modules\googleapis\build\src\apis\cloudbuild\v1beta1.js","11.31","7/11/2026 2:25:48 PM"
"NODE_MODULES","node_modules\googleapis\build\src\apis\cloudbuild\v2.js","30.9","7/11/2026 2:25:50 PM"
"NODE_MODULES","node_modules\googleapis\build\src\apis\cloudchannel\index.js","1.46","7/11/2026 2:25:08 PM"
"NODE_MODULES","node_modules\googleapis\build\src\apis\cloudchannel\v1.js","88.42","7/11/2026 2:25:44 PM"
"NODE_MODULES","node_modules\googleapis\build\src\apis\cloudcommerceprocurement\index.js","1.57","7/11/2026 2:25:08 PM"
"NODE_MODULES","node_modules\googleapis\build\src\apis\cloudcommerceprocurement\v1.js","18.92","7/11/2026 2:25:44 PM"
"NODE_MODULES","node_modules\googleapis\build\src\apis\cloudcontrolspartner\index.js","1.82","7/11/2026 2:25:08 PM"
"NODE_MODULES","node_modules\googleapis\build\src\apis\cloudcontrolspartner\v1.js","20.49","7/11/2026 2:25:44 PM"
"NODE_MODULES","node_modules\googleapis\build\src\apis\cloudcontrolspartner\v1beta.js","20.6","7/11/2026 2:25:48 PM"
"NODE_MODULES","node_modules\googleapis\build\src\apis\clouddebugger\index.js","1.47","7/11/2026 2:25:08 PM"
"NODE_MODULES","node_modules\googleapis\build\src\apis\clouddebugger\v2.js","13.57","7/11/2026 2:25:50 PM"
"NODE_MODULES","node_modules\googleapis\build\src\apis\clouddeploy\index.js","1.45","7/11/2026 2:25:08 PM"
"NODE_MODULES","node_modules\googleapis\build\src\apis\clouddeploy\v1.js","82.45","7/11/2026 2:25:44 PM"
"NODE_MODULES","node_modules\googleapis\build\src\apis\clouderrorreporting\index.js","1.57","7/11/2026 2:25:08 PM"
"NODE_MODULES","node_modules\googleapis\build\src\apis\clouderrorreporting\v1beta1.js","18.25","7/11/2026 2:25:48 PM"
"NODE_MODULES","node_modules\googleapis\build\src\apis\cloudfunctions\index.js","2.51","7/11/2026 2:25:08 PM"
"NODE_MODULES","node_modules\googleapis\build\src\apis\cloudfunctions\v1.js","20.32","7/11/2026 2:25:44 PM"
"NODE_MODULES","node_modules\googleapis\build\src\apis\cloudfunctions\v1beta2.js","16.38","7/11/2026 2:25:50 PM"
"NODE_MODULES","node_modules\googleapis\build\src\apis\cloudfunctions\v2.js","29.82","7/11/2026 2:25:50 PM"
"NODE_MODULES","node_modules\googleapis\build\src\apis\cloudfunctions\v2alpha.js","29.98","7/11/2026 2:25:50 PM"
"NODE_MODULES","node_modules\googleapis\build\src\apis\cloudfunctions\v2beta.js","29.95","7/11/2026 2:25:52 PM"
"NODE_MODULES","node_modules\googleapis\build\src\apis\cloudidentity\index.js","1.74","7/11/2026 2:25:08 PM"
"NODE_MODULES","node_modules\googleapis\build\src\apis\cloudidentity\v1.js","86.77","7/11/2026 2:25:44 PM"
"NODE_MODULES","node_modules\googleapis\build\src\apis\cloudidentity\v1beta1.js","89.06","7/11/2026 2:25:48 PM"
"NODE_MODULES","node_modules\googleapis\build\src\apis\cloudiot\index.js","1.42","7/11/2026 2:25:08 PM"
"NODE_MODULES","node_modules\googleapis\build\src\apis\cloudiot\v1.js","32.61","7/11/2026 2:25:44 PM"
"NODE_MODULES","node_modules\googleapis\build\src\apis\cloudkms\index.js","1.42","7/11/2026 2:25:10 PM"
"NODE_MODULES","node_modules\googleapis\build\src\apis\cloudkms\v1.js","111.02","7/11/2026 2:25:44 PM"
"NODE_MODULES","node_modules\googleapis\build\src\apis\cloudlocationfinder\index.js","1.82","7/11/2026 2:25:10 PM"
"NODE_MODULES","node_modules\googleapis\build\src\apis\cloudlocationfinder\v1.js","8.83","7/11/2026 2:25:44 PM"
"NODE_MODULES","node_modules\googleapis\build\src\apis\cloudlocationfinder\v1alpha.js","8.91","7/11/2026 2:25:48 PM"
"NODE_MODULES","node_modules\googleapis\build\src\apis\cloudnumberregistry\index.js","1.57","7/11/2026 2:25:10 PM"
"NODE_MODULES","node_modules\googleapis\build\src\apis\cloudnumberregistry\v1alpha.js","49.63","7/11/2026 2:25:48 PM"
"NODE_MODULES","node_modules\googleapis\build\src\apis\cloudprofiler\index.js","1.47","7/11/2026 2:25:10 PM"
"NODE_MODULES","node_modules\googleapis\build\src\apis\cloudprofiler\v2.js","7.16","7/11/2026 2:25:50 PM"
"NODE_MODULES","node_modules\googleapis\build\src\apis\cloudresourcemanager\index.js","2.65","7/11/2026 2:25:10 PM"
"NODE_MODULES","node_modules\googleapis\build\src\apis\cloudresourcemanager\v1.js","50.96","7/11/2026 2:25:44 PM"
"NODE_MODULES","node_modules\googleapis\build\src\apis\cloudresourcemanager\v1beta1.js","22.44","7/11/2026 2:25:48 PM"
"NODE_MODULES","node_modules\googleapis\build\src\apis\cloudresourcemanager\v2.js","17.04","7/11/2026 2:25:50 PM"
"NODE_MODULES","node_modules\googleapis\build\src\apis\cloudresourcemanager\v2beta1.js","17.09","7/11/2026 2:25:52 PM"
"NODE_MODULES","node_modules\googleapis\build\src\apis\cloudresourcemanager\v3.js","82.43","7/11/2026 2:25:52 PM"
"NODE_MODULES","node_modules\googleapis\build\src\apis\cloudscheduler\index.js","1.75","7/11/2026 2:25:10 PM"
"NODE_MODULES","node_modules\googleapis\build\src\apis\cloudscheduler\v1.js","22.6","7/11/2026 2:25:44 PM"
"NODE_MODULES","node_modules\googleapis\build\src\apis\cloudscheduler\v1beta1.js","20.26","7/11/2026 2:25:48 PM"
"NODE_MODULES","node_modules\googleapis\build\src\apis\cloudsearch\index.js","1.45","7/11/2026 2:25:10 PM"
"NODE_MODULES","node_modules\googleapis\build\src\apis\cloudsearch\v1.js","70.72","7/11/2026 2:25:44 PM"
"NODE_MODULES","node_modules\googleapis\build\src\apis\cloudshell\index.js","1.7","7/11/2026 2:25:10 PM"
"NODE_MODULES","node_modules\googleapis\build\src\apis\cloudshell\v1.js","14.82","7/11/2026 2:25:44 PM"
"NODE_MODULES","node_modules\googleapis\build\src\apis\cloudshell\v1alpha1.js","9.86","7/11/2026 2:25:48 PM"
"NODE_MODULES","node_modules\googleapis\build\src\apis\cloudsupport\index.js","1.71","7/11/2026 2:25:10 PM"
"NODE_MODULES","node_modules\googleapis\build\src\apis\cloudsupport\v2.js","21.54","7/11/2026 2:25:50 PM"
"NODE_MODULES","node_modules\googleapis\build\src\apis\cloudsupport\v2beta.js","22.85","7/11/2026 2:25:52 PM"
"NODE_MODULES","node_modules\googleapis\build\src\apis\cloudtasks\index.js","1.95","7/11/2026 2:25:10 PM"
"NODE_MODULES","node_modules\googleapis\build\src\apis\cloudtasks\v2.js","28.78","7/11/2026 2:25:50 PM"
"NODE_MODULES","node_modules\googleapis\build\src\apis\cloudtasks\v2beta2.js","35.69","7/11/2026 2:25:52 PM"
"NODE_MODULES","node_modules\googleapis\build\src\apis\cloudtasks\v2beta3.js","28.94","7/11/2026 2:25:52 PM"
"NODE_MODULES","node_modules\googleapis\build\src\apis\cloudtrace\index.js","1.9","7/11/2026 2:25:10 PM"
"NODE_MODULES","node_modules\googleapis\build\src\apis\cloudtrace\v1.js","6.23","7/11/2026 2:25:44 PM"
"NODE_MODULES","node_modules\googleapis\build\src\apis\cloudtrace\v2.js","5.22","7/11/2026 2:25:50 PM"
"NODE_MODULES","node_modules\googleapis\build\src\apis\cloudtrace\v2beta1.js","8.69","7/11/2026 2:25:52 PM"
"NODE_MODULES","node_modules\googleapis\build\src\apis\composer\index.js","1.67","7/11/2026 2:25:10 PM"
"NODE_MODULES","node_modules\googleapis\build\src\apis\composer\v1.js","40.97","7/11/2026 2:25:44 PM"
"NODE_MODULES","node_modules\googleapis\build\src\apis\composer\v1beta1.js","41.19","7/11/2026 2:25:48 PM"
"NODE_MODULES","node_modules\googleapis\build\src\apis\config\index.js","1.41","7/11/2026 2:25:10 PM"
"NODE_MODULES","node_modules\googleapis\build\src\apis\config\v1.js","64.35","7/11/2026 2:25:44 PM"
"NODE_MODULES","node_modules\googleapis\build\src\apis\connectors\index.js","1.65","7/11/2026 2:25:10 PM"
"NODE_MODULES","node_modules\googleapis\build\src\apis\connectors\v1.js","110.19","7/11/2026 2:25:44 PM"
"NODE_MODULES","node_modules\googleapis\build\src\apis\connectors\v2.js","31.12","7/11/2026 2:25:50 PM"
"NODE_MODULES","node_modules\googleapis\build\src\apis\contactcenteraiplatform\index.js","1.61","7/11/2026 2:25:10 PM"
"NODE_MODULES","node_modules\googleapis\build\src\apis\contactcenteraiplatform\v1alpha1.js","19.41","7/11/2026 2:25:48 PM"
"NODE_MODULES","node_modules\googleapis\build\src\apis\contactcenterinsights\index.js","1.54","7/11/2026 2:25:10 PM"
"NODE_MODULES","node_modules\googleapis\build\src\apis\contactcenterinsights\v1.js","258.54","7/11/2026 2:25:44 PM"
"NODE_MODULES","node_modules\googleapis\build\src\apis\container\index.js","1.68","7/11/2026 2:25:12 PM"
"NODE_MODULES","node_modules\googleapis\build\src\apis\container\v1.js","95.4","7/11/2026 2:25:44 PM"
"NODE_MODULES","node_modules\googleapis\build\src\apis\container\v1beta1.js","99.69","7/11/2026 2:25:48 PM"
"NODE_MODULES","node_modules\googleapis\build\src\apis\containeranalysis\index.js","2.08","7/11/2026 2:25:12 PM"
"NODE_MODULES","node_modules\googleapis\build\src\apis\containeranalysis\v1.js","60.29","7/11/2026 2:25:44 PM"
"NODE_MODULES","node_modules\googleapis\build\src\apis\containeranalysis\v1alpha1.js","46.09","7/11/2026 2:25:48 PM"
"NODE_MODULES","node_modules\googleapis\build\src\apis\containeranalysis\v1beta1.js","63.18","7/11/2026 2:25:48 PM"
"NODE_MODULES","node_modules\googleapis\build\src\apis\content\index.js","1.63","7/11/2026 2:25:12 PM"
"NODE_MODULES","node_modules\googleapis\build\src\apis\content\v2.1.js","173.37","7/11/2026 2:25:50 PM"
"NODE_MODULES","node_modules\googleapis\build\src\apis\content\v2.js","114.21","7/11/2026 2:25:50 PM"
"NODE_MODULES","node_modules\googleapis\build\src\apis\contentwarehouse\index.js","1.5","7/11/2026 2:25:12 PM"
"NODE_MODULES","node_modules\googleapis\build\src\apis\contentwarehouse\v1.js","49.62","7/11/2026 2:25:44 PM"
"NODE_MODULES","node_modules\googleapis\build\src\apis\css\index.js","1.38","7/11/2026 2:25:12 PM"
"NODE_MODULES","node_modules\googleapis\build\src\apis\css\v1.js","18.93","7/11/2026 2:25:44 PM"
"NODE_MODULES","node_modules\googleapis\build\src\apis\customsearch\index.js","1.46","7/11/2026 2:25:12 PM"
"NODE_MODULES","node_modules\googleapis\build\src\apis\customsearch\v1.js","4.58","7/11/2026 2:25:44 PM"
"NODE_MODULES","node_modules\googleapis\build\src\apis\datacatalog\index.js","1.71","7/11/2026 2:25:12 PM"
"NODE_MODULES","node_modules\googleapis\build\src\apis\datacatalog\v1.js","95.88","7/11/2026 2:25:44 PM"
"NODE_MODULES","node_modules\googleapis\build\src\apis\datacatalog\v1beta1.js","75.27","7/11/2026 2:25:48 PM"
"NODE_MODULES","node_modules\googleapis\build\src\apis\dataflow\index.js","1.44","7/11/2026 2:25:12 PM"
"NODE_MODULES","node_modules\googleapis\build\src\apis\dataflow\v1b3.js","62.53","7/11/2026 2:25:48 PM"
"NODE_MODULES","node_modules\googleapis\build\src\apis\dataform\index.js","1.67","7/11/2026 2:25:12 PM"
"NODE_MODULES","node_modules\googleapis\build\src\apis\dataform\v1.js","115.88","7/11/2026 2:25:44 PM"
"NODE_MODULES","node_modules\googleapis\build\src\apis\dataform\v1beta1.js","117.68","7/11/2026 2:25:48 PM"
"NODE_MODULES","node_modules\googleapis\build\src\apis\datafusion\index.js","1.69","7/11/2026 2:25:12 PM"
"NODE_MODULES","node_modules\googleapis\build\src\apis\datafusion\v1.js","27.54","7/11/2026 2:25:44 PM"
"NODE_MODULES","node_modules\googleapis\build\src\apis\datafusion\v1beta1.js","35.71","7/11/2026 2:25:50 PM"
"NODE_MODULES","node_modules\googleapis\build\src\apis\datalabeling\index.js","1.5","7/11/2026 2:25:12 PM"
"NODE_MODULES","node_modules\googleapis\build\src\apis\datalabeling\v1beta1.js","66.76","7/11/2026 2:25:50 PM"
"NODE_MODULES","node_modules\googleapis\build\src\apis\datalineage\index.js","1.45","7/11/2026 2:25:12 PM"
"NODE_MODULES","node_modules\googleapis\build\src\apis\datalineage\v1.js","27.66","7/11/2026 2:25:44 PM"
"NODE_MODULES","node_modules\googleapis\build\src\apis\datamanager\index.js","1.45","7/11/2026 2:25:12 PM"
"NODE_MODULES","node_modules\googleapis\build\src\apis\datamanager\v1.js","33.12","7/11/2026 2:25:44 PM"
"NODE_MODULES","node_modules\googleapis\build\src\apis\datamigration\index.js","1.74","7/11/2026 2:25:14 PM"
"NODE_MODULES","node_modules\googleapis\build\src\apis\datamigration\v1.js","89.54","7/11/2026 2:25:44 PM"
"NODE_MODULES","node_modules\googleapis\build\src\apis\datamigration\v1beta1.js","39.77","7/11/2026 2:25:50 PM"
"NODE_MODULES","node_modules\googleapis\build\src\apis\datapipelines\index.js","1.47","7/11/2026 2:25:14 PM"
"NODE_MODULES","node_modules\googleapis\build\src\apis\datapipelines\v1.js","12.81","7/11/2026 2:25:44 PM"
"NODE_MODULES","node_modules\googleapis\build\src\apis\dataplex\index.js","1.42","7/11/2026 2:25:14 PM"
"NODE_MODULES","node_modules\googleapis\build\src\apis\dataplex\v1.js","273.58","7/11/2026 2:25:44 PM"
"NODE_MODULES","node_modules\googleapis\build\src\apis\dataportability\index.js","1.75","7/11/2026 2:25:14 PM"
"NODE_MODULES","node_modules\googleapis\build\src\apis\dataportability\v1.js","10.41","7/11/2026 2:25:44 PM"
"NODE_MODULES","node_modules\googleapis\build\src\apis\dataportability\v1beta.js","10.48","7/11/2026 2:25:48 PM"
"NODE_MODULES","node_modules\googleapis\build\src\apis\dataproc\index.js","1.67","7/11/2026 2:25:14 PM"
"NODE_MODULES","node_modules\googleapis\build\src\apis\dataproc\v1.js","170.83","7/11/2026 2:25:44 PM"
"NODE_MODULES","node_modules\googleapis\build\src\apis\dataproc\v1beta2.js","86.16","7/11/2026 2:25:50 PM"
"NODE_MODULES","node_modules\googleapis\build\src\apis\datastore\index.js","1.93","7/11/2026 2:25:14 PM"
"NODE_MODULES","node_modules\googleapis\build\src\apis\datastore\v1.js","25.01","7/11/2026 2:25:44 PM"
"NODE_MODULES","node_modules\googleapis\build\src\apis\datastore\v1beta1.js","4.43","7/11/2026 2:25:50 PM"
"NODE_MODULES","node_modules\googleapis\build\src\apis\datastore\v1beta3.js","12.04","7/11/2026 2:25:50 PM"
"NODE_MODULES","node_modules\googleapis\build\src\apis\datastream\index.js","1.7","7/11/2026 2:25:14 PM"
"NODE_MODULES","node_modules\googleapis\build\src\apis\datastream\v1.js","44.16","7/11/2026 2:25:44 PM"
"NODE_MODULES","node_modules\googleapis\build\src\apis\datastream\v1alpha1.js","43.19","7/11/2026 2:25:48 PM"
"NODE_MODULES","node_modules\googleapis\build\src\apis\developerconnect\index.js","1.5","7/11/2026 2:25:14 PM"
"NODE_MODULES","node_modules\googleapis\build\src\apis\developerconnect\v1.js","62.11","7/11/2026 2:25:44 PM"
"NODE_MODULES","node_modules\googleapis\build\src\apis\developerknowledge\index.js","1.8","7/11/2026 2:25:14 PM"
"NODE_MODULES","node_modules\googleapis\build\src\apis\developerknowledge\v1.js","5.7","7/11/2026 2:25:44 PM"
"NODE_MODULES","node_modules\googleapis\build\src\apis\developerknowledge\v1alpha.js","7.26","7/11/2026 2:25:48 PM"
"NODE_MODULES","node_modules\googleapis\build\src\apis\dfareporting\index.js","2.39","7/11/2026 2:25:14 PM"
"NODE_MODULES","node_modules\googleapis\build\src\apis\dfareporting\v3.3.js","279.46","7/11/2026 2:25:52 PM"
"NODE_MODULES","node_modules\googleapis\build\src\apis\dfareporting\v3.4.js","281.03","7/11/2026 2:25:52 PM"
"NODE_MODULES","node_modules\googleapis\build\src\apis\dfareporting\v3.5.js","3.5","7/11/2026 2:25:52 PM"
"NODE_MODULES","node_modules\googleapis\build\src\apis\dfareporting\v4.js","314.95","7/11/2026 2:25:52 PM"
"NODE_MODULES","node_modules\googleapis\build\src\apis\dfareporting\v5.js","304.89","7/11/2026 2:25:52 PM"
"NODE_MODULES","node_modules\googleapis\build\src\apis\dialogflow\index.js","2.15","7/11/2026 2:25:14 PM"
"NODE_MODULES","node_modules\googleapis\build\src\apis\dialogflow\v2.js","375.07","7/11/2026 2:25:50 PM"
"NODE_MODULES","node_modules\googleapis\build\src\apis\dialogflow\v2beta1.js","358.75","7/11/2026 2:25:52 PM"
"NODE_MODULES","node_modules\googleapis\build\src\apis\dialogflow\v3.js","210.71","7/11/2026 2:25:52 PM"
"NODE_MODULES","node_modules\googleapis\build\src\apis\dialogflow\v3beta1.js","217.08","7/11/2026 2:25:52 PM"
"NODE_MODULES","node_modules\googleapis\build\src\apis\digitalassetlinks\index.js","1.5","7/11/2026 2:25:14 PM"
"NODE_MODULES","node_modules\googleapis\build\src\apis\digitalassetlinks\v1.js","5.92","7/11/2026 2:25:44 PM"
"NODE_MODULES","node_modules\googleapis\build\src\apis\discovery\index.js","1.43","7/11/2026 2:25:14 PM"
"NODE_MODULES","node_modules\googleapis\build\src\apis\discovery\v1.js","4.34","7/11/2026 2:25:44 PM"
"NODE_MODULES","node_modules\googleapis\build\src\apis\discoveryengine\index.js","2.03","7/11/2026 2:25:14 PM"
"NODE_MODULES","node_modules\googleapis\build\src\apis\discoveryengine\v1.js","381.4","7/11/2026 2:25:44 PM"
"NODE_MODULES","node_modules\googleapis\build\src\apis\discoveryengine\v1alpha.js","501.24","7/11/2026 2:25:48 PM"
"NODE_MODULES","node_modules\googleapis\build\src\apis\discoveryengine\v1beta.js","380.47","7/11/2026 2:25:48 PM"
"NODE_MODULES","node_modules\googleapis\build\src\apis\displayvideo\index.js","2.87","7/11/2026 2:25:16 PM"
"NODE_MODULES","node_modules\googleapis\build\src\apis\displayvideo\v1.js","212.51","7/11/2026 2:25:44 PM"
"NODE_MODULES","node_modules\googleapis\build\src\apis\displayvideo\v1beta.js","6.9","7/11/2026 2:25:48 PM"
"NODE_MODULES","node_modules\googleapis\build\src\apis\displayvideo\v1beta2.js","5.07","7/11/2026 2:25:50 PM"
"NODE_MODULES","node_modules\googleapis\build\src\apis\displayvideo\v1dev.js","5.05","7/11/2026 2:25:50 PM"
"NODE_MODULES","node_modules\googleapis\build\src\apis\displayvideo\v2.js","208.76","7/11/2026 2:25:50 PM"
"NODE_MODULES","node_modules\googleapis\build\src\apis\displayvideo\v3.js","225.41","7/11/2026 2:25:52 PM"
"NODE_MODULES","node_modules\googleapis\build\src\apis\displayvideo\v4.js","252.04","7/11/2026 2:25:52 PM"
"NODE_MODULES","node_modules\googleapis\build\src\apis\dlp\index.js","1.38","7/11/2026 2:25:16 PM"
"NODE_MODULES","node_modules\googleapis\build\src\apis\dlp\v2.js","195.76","7/11/2026 2:25:50 PM"
"NODE_MODULES","node_modules\googleapis\build\src\apis\dns\index.js","1.99","7/11/2026 2:25:16 PM"
"NODE_MODULES","node_modules\googleapis\build\src\apis\dns\v1.js","56.25","7/11/2026 2:25:44 PM"
"NODE_MODULES","node_modules\googleapis\build\src\apis\dns\v1beta2.js","56.62","7/11/2026 2:25:50 PM"
"NODE_MODULES","node_modules\googleapis\build\src\apis\dns\v2.js","53.97","7/11/2026 2:25:50 PM"
"NODE_MODULES","node_modules\googleapis\build\src\apis\dns\v2beta1.js","30.07","7/11/2026 2:25:52 PM"
"NODE_MODULES","node_modules\googleapis\build\src\apis\docs\index.js","1.39","7/11/2026 2:25:16 PM"
"NODE_MODULES","node_modules\googleapis\build\src\apis\docs\v1.js","5.45","7/11/2026 2:25:44 PM"
"NODE_MODULES","node_modules\googleapis\build\src\apis\documentai\index.js","1.95","7/11/2026 2:25:16 PM"
"NODE_MODULES","node_modules\googleapis\build\src\apis\documentai\v1.js","58.39","7/11/2026 2:25:44 PM"
"NODE_MODULES","node_modules\googleapis\build\src\apis\documentai\v1beta2.js","11.17","7/11/2026 2:25:50 PM"
"NODE_MODULES","node_modules\googleapis\build\src\apis\documentai\v1beta3.js","66.25","7/11/2026 2:25:50 PM"
"NODE_MODULES","node_modules\googleapis\build\src\apis\domains\index.js","1.9","7/11/2026 2:25:16 PM"
"NODE_MODULES","node_modules\googleapis\build\src\apis\domains\v1.js","38.52","7/11/2026 2:25:44 PM"
"NODE_MODULES","node_modules\googleapis\build\src\apis\domains\v1alpha2.js","38.77","7/11/2026 2:25:48 PM"
"NODE_MODULES","node_modules\googleapis\build\src\apis\domains\v1beta1.js","38.74","7/11/2026 2:25:50 PM"
"NODE_MODULES","node_modules\googleapis\build\src\apis\domainsrdap\index.js","1.45","7/11/2026 2:25:16 PM"
"NODE_MODULES","node_modules\googleapis\build\src\apis\domainsrdap\v1.js","15.28","7/11/2026 2:25:44 PM"
"NODE_MODULES","node_modules\googleapis\build\src\apis\doubleclickbidmanager\index.js","2.08","7/11/2026 2:25:16 PM"
"NODE_MODULES","node_modules\googleapis\build\src\apis\doubleclickbidmanager\v1.1.js","9.69","7/11/2026 2:25:42 PM"
"NODE_MODULES","node_modules\googleapis\build\src\apis\doubleclickbidmanager\v1.js","1.45","7/11/2026 2:25:44 PM"
"NODE_MODULES","node_modules\googleapis\build\src\apis\doubleclickbidmanager\v2.js","10.99","7/11/2026 2:25:50 PM"
"NODE_MODULES","node_modules\googleapis\build\src\apis\doubleclicksearch\index.js","1.5","7/11/2026 2:25:16 PM"
"NODE_MODULES","node_modules\googleapis\build\src\apis\doubleclicksearch\v2.js","17.14","7/11/2026 2:25:50 PM"
"NODE_MODULES","node_modules\googleapis\build\src\apis\drive\index.js","1.58","7/11/2026 2:25:16 PM"
"NODE_MODULES","node_modules\googleapis\build\src\apis\drive\v2.js","98.42","7/11/2026 2:25:50 PM"
"NODE_MODULES","node_modules\googleapis\build\src\apis\drive\v3.js","85.02","7/11/2026 2:25:52 PM"
"NODE_MODULES","node_modules\googleapis\build\src\apis\driveactivity\index.js","1.47","7/11/2026 2:25:16 PM"
"NODE_MODULES","node_modules\googleapis\build\src\apis\driveactivity\v2.js","3.1","7/11/2026 2:25:50 PM"
"NODE_MODULES","node_modules\googleapis\build\src\apis\drivelabels\index.js","1.7","7/11/2026 2:25:16 PM"
"NODE_MODULES","node_modules\googleapis\build\src\apis\drivelabels\v2.js","35.95","7/11/2026 2:25:50 PM"
"NODE_MODULES","node_modules\googleapis\build\src\apis\drivelabels\v2beta.js","36.11","7/11/2026 2:25:52 PM"
"NODE_MODULES","node_modules\googleapis\build\src\apis\essentialcontacts\index.js","1.5","7/11/2026 2:25:16 PM"
"NODE_MODULES","node_modules\googleapis\build\src\apis\essentialcontacts\v1.js","29.51","7/11/2026 2:25:44 PM"
"NODE_MODULES","node_modules\googleapis\build\src\apis\eventarc\index.js","1.67","7/11/2026 2:25:16 PM"
"NODE_MODULES","node_modules\googleapis\build\src\apis\eventarc\v1.js","87.52","7/11/2026 2:25:44 PM"
"NODE_MODULES","node_modules\googleapis\build\src\apis\eventarc\v1beta1.js","20.21","7/11/2026 2:25:50 PM"
"NODE_MODULES","node_modules\googleapis\build\src\apis\factchecktools\index.js","1.53","7/11/2026 2:25:16 PM"
"NODE_MODULES","node_modules\googleapis\build\src\apis\factchecktools\v1alpha1.js","10.66","7/11/2026 2:25:48 PM"
"NODE_MODULES","node_modules\googleapis\build\src\apis\fcm\index.js","1.38","7/11/2026 2:25:18 PM"
"NODE_MODULES","node_modules\googleapis\build\src\apis\fcm\v1.js","3.34","7/11/2026 2:25:44 PM"
"NODE_MODULES","node_modules\googleapis\build\src\apis\fcmdata\index.js","1.46","7/11/2026 2:25:18 PM"
"NODE_MODULES","node_modules\googleapis\build\src\apis\fcmdata\v1beta1.js","3.85","7/11/2026 2:25:50 PM"
"NODE_MODULES","node_modules\googleapis\build\src\apis\file\index.js","1.61","7/11/2026 2:25:18 PM"
"NODE_MODULES","node_modules\googleapis\build\src\apis\file\v1.js","35.48","7/11/2026 2:25:44 PM"
"NODE_MODULES","node_modules\googleapis\build\src\apis\file\v1beta1.js","42.23","7/11/2026 2:25:50 PM"
"NODE_MODULES","node_modules\googleapis\build\src\apis\firebase\index.js","1.47","7/11/2026 2:25:18 PM"
"NODE_MODULES","node_modules\googleapis\build\src\apis\firebase\v1beta1.js","50.14","7/11/2026 2:25:50 PM"
"NODE_MODULES","node_modules\googleapis\build\src\apis\firebaseappcheck\index.js","1.77","7/11/2026 2:25:18 PM"
"NODE_MODULES","node_modules\googleapis\build\src\apis\firebaseappcheck\v1.js","67.64","7/11/2026 2:25:44 PM"
"NODE_MODULES","node_modules\googleapis\build\src\apis\firebaseappcheck\v1beta.js","74.56","7/11/2026 2:25:48 PM"
"NODE_MODULES","node_modules\googleapis\build\src\apis\firebaseappdistribution\index.js","1.87","7/11/2026 2:25:18 PM"
"NODE_MODULES","node_modules\googleapis\build\src\apis\firebaseappdistribution\v1.js","36.78","7/11/2026 2:25:44 PM"
"NODE_MODULES","node_modules\googleapis\build\src\apis\firebaseappdistribution\v1alpha.js","34.82","7/11/2026 2:25:48 PM"
"NODE_MODULES","node_modules\googleapis\build\src\apis\firebaseapphosting\index.js","1.79","7/11/2026 2:25:18 PM"
"NODE_MODULES","node_modules\googleapis\build\src\apis\firebaseapphosting\v1.js","35.94","7/11/2026 2:25:44 PM"
"NODE_MODULES","node_modules\googleapis\build\src\apis\firebaseapphosting\v1beta.js","37.79","7/11/2026 2:25:48 PM"
"NODE_MODULES","node_modules\googleapis\build\src\apis\firebasedatabase\index.js","1.53","7/11/2026 2:25:18 PM"
"NODE_MODULES","node_modules\googleapis\build\src\apis\firebasedatabase\v1beta.js","11.41","7/11/2026 2:25:48 PM"
"NODE_MODULES","node_modules\googleapis\build\src\apis\firebasedataconnect\index.js","1.81","7/11/2026 2:25:18 PM"
"NODE_MODULES","node_modules\googleapis\build\src\apis\firebasedataconnect\v1.js","41.63","7/11/2026 2:25:44 PM"
"NODE_MODULES","node_modules\googleapis\build\src\apis\firebasedataconnect\v1beta.js","41.81","7/11/2026 2:25:48 PM"
"NODE_MODULES","node_modules\googleapis\build\src\apis\firebasedynamiclinks\index.js","1.53","7/11/2026 2:25:18 PM"
"NODE_MODULES","node_modules\googleapis\build\src\apis\firebasedynamiclinks\v1.js","8.78","7/11/2026 2:25:44 PM"
"NODE_MODULES","node_modules\googleapis\build\src\apis\firebasehosting\index.js","1.76","7/11/2026 2:25:18 PM"
"NODE_MODULES","node_modules\googleapis\build\src\apis\firebasehosting\v1.js","9.62","7/11/2026 2:25:44 PM"
"NODE_MODULES","node_modules\googleapis\build\src\apis\firebasehosting\v1beta1.js","89.51","7/11/2026 2:25:50 PM"
"NODE_MODULES","node_modules\googleapis\build\src\apis\firebaseml\index.js","1.94","7/11/2026 2:25:18 PM"
"NODE_MODULES","node_modules\googleapis\build\src\apis\firebaseml\v1.js","5.54","7/11/2026 2:25:44 PM"
"NODE_MODULES","node_modules\googleapis\build\src\apis\firebaseml\v1beta2.js","11.14","7/11/2026 2:25:50 PM"
"NODE_MODULES","node_modules\googleapis\build\src\apis\firebaseml\v2beta.js","6.77","7/11/2026 2:25:52 PM"
"NODE_MODULES","node_modules\googleapis\build\src\apis\firebaserules\index.js","1.47","7/11/2026 2:25:18 PM"
"NODE_MODULES","node_modules\googleapis\build\src\apis\firebaserules\v1.js","16.07","7/11/2026 2:25:44 PM"
"NODE_MODULES","node_modules\googleapis\build\src\apis\firebasestorage\index.js","1.52","7/11/2026 2:25:18 PM"
"NODE_MODULES","node_modules\googleapis\build\src\apis\firebasestorage\v1beta.js","11.4","7/11/2026 2:25:48 PM"
"NODE_MODULES","node_modules\googleapis\build\src\apis\firestore\index.js","1.93","7/11/2026 2:25:18 PM"
"NODE_MODULES","node_modules\googleapis\build\src\apis\firestore\v1.js","75.1","7/11/2026 2:25:44 PM"
"NODE_MODULES","node_modules\googleapis\build\src\apis\firestore\v1beta1.js","33.18","7/11/2026 2:25:50 PM"
"NODE_MODULES","node_modules\googleapis\build\src\apis\firestore\v1beta2.js","14.71","7/11/2026 2:25:50 PM"
"NODE_MODULES","node_modules\googleapis\build\src\apis\fitness\index.js","1.42","7/11/2026 2:25:20 PM"
"NODE_MODULES","node_modules\googleapis\build\src\apis\fitness\v1.js","20.27","7/11/2026 2:25:44 PM"
"NODE_MODULES","node_modules\googleapis\build\src\apis\forms\index.js","1.4","7/11/2026 2:25:20 PM"
"NODE_MODULES","node_modules\googleapis\build\src\apis\forms\v1.js","14.76","7/11/2026 2:25:44 PM"
"NODE_MODULES","node_modules\googleapis\build\src\apis\games\index.js","1.4","7/11/2026 2:25:20 PM"
"NODE_MODULES","node_modules\googleapis\build\src\apis\games\v1.js","54.1","7/11/2026 2:25:44 PM"
"NODE_MODULES","node_modules\googleapis\build\src\apis\gamesConfiguration\index.js","1.63","7/11/2026 2:25:20 PM"
"NODE_MODULES","node_modules\googleapis\build\src\apis\gamesConfiguration\v1configuration.js","15.65","7/11/2026 2:25:50 PM"
"NODE_MODULES","node_modules\googleapis\build\src\apis\gameservices\index.js","1.71","7/11/2026 2:25:20 PM"
"NODE_MODULES","node_modules\googleapis\build\src\apis\gameservices\v1.js","13.88","7/11/2026 2:25:44 PM"
"NODE_MODULES","node_modules\googleapis\build\src\apis\gameservices\v1beta.js","13.97","7/11/2026 2:25:48 PM"
"NODE_MODULES","node_modules\googleapis\build\src\apis\gamesManagement\index.js","1.57","7/11/2026 2:25:20 PM"
"NODE_MODULES","node_modules\googleapis\build\src\apis\gamesManagement\v1management.js","26.41","7/11/2026 2:25:50 PM"
"NODE_MODULES","node_modules\googleapis\build\src\apis\genomics\index.js","1.93","7/11/2026 2:25:20 PM"
"NODE_MODULES","node_modules\googleapis\build\src\apis\genomics\v1.js","1.26","7/11/2026 2:25:44 PM"
"NODE_MODULES","node_modules\googleapis\build\src\apis\genomics\v1alpha2.js","14.11","7/11/2026 2:25:48 PM"
"NODE_MODULES","node_modules\googleapis\build\src\apis\genomics\v2alpha1.js","10.17","7/11/2026 2:25:52 PM"
"NODE_MODULES","node_modules\googleapis\build\src\apis\gkebackup\index.js","1.43","7/11/2026 2:25:20 PM"
"NODE_MODULES","node_modules\googleapis\build\src\apis\gkebackup\v1.js","90.28","7/11/2026 2:25:44 PM"
"NODE_MODULES","node_modules\googleapis\build\src\apis\gkehub\index.js","2.98","7/11/2026 2:25:20 PM"
"NODE_MODULES","node_modules\googleapis\build\src\apis\gkehub\v1.js","80.79","7/11/2026 2:25:44 PM"
"NODE_MODULES","node_modules\googleapis\build\src\apis\gkehub\v1alpha.js","96.99","7/11/2026 2:25:48 PM"
"NODE_MODULES","node_modules\googleapis\build\src\apis\gkehub\v1alpha2.js","22.89","7/11/2026 2:25:48 PM"
"NODE_MODULES","node_modules\googleapis\build\src\apis\gkehub\v1beta.js","91.78","7/11/2026 2:25:48 PM"
"NODE_MODULES","node_modules\googleapis\build\src\apis\gkehub\v1beta1.js","24.02","7/11/2026 2:25:50 PM"
"NODE_MODULES","node_modules\googleapis\build\src\apis\gkehub\v2.js","15.46","7/11/2026 2:25:50 PM"
"NODE_MODULES","node_modules\googleapis\build\src\apis\gkehub\v2alpha.js","15.57","7/11/2026 2:25:50 PM"
"NODE_MODULES","node_modules\googleapis\build\src\apis\gkehub\v2beta.js","15.55","7/11/2026 2:25:52 PM"
"NODE_MODULES","node_modules\googleapis\build\src\apis\gkeonprem\index.js","1.43","7/11/2026 2:25:20 PM"
"NODE_MODULES","node_modules\googleapis\build\src\apis\gkeonprem\v1.js","106.98","7/11/2026 2:25:44 PM"
"NODE_MODULES","node_modules\googleapis\build\src\apis\gmail\index.js","1.4","7/11/2026 2:25:20 PM"
"NODE_MODULES","node_modules\googleapis\build\src\apis\gmail\v1.js","107.78","7/11/2026 2:25:44 PM"
"NODE_MODULES","node_modules\googleapis\build\src\apis\gmailpostmastertools\index.js","2.09","7/11/2026 2:25:20 PM"
"NODE_MODULES","node_modules\googleapis\build\src\apis\gmailpostmastertools\v1.js","7.37","7/11/2026 2:25:44 PM"
"NODE_MODULES","node_modules\googleapis\build\src\apis\gmailpostmastertools\v1beta1.js","7.43","7/11/2026 2:25:50 PM"
"NODE_MODULES","node_modules\googleapis\build\src\apis\gmailpostmastertools\v2.js","8.91","7/11/2026 2:25:50 PM"
"NODE_MODULES","node_modules\googleapis\build\src\apis\groupsmigration\index.js","1.49","7/11/2026 2:25:20 PM"
"NODE_MODULES","node_modules\googleapis\build\src\apis\groupsmigration\v1.js","3.31","7/11/2026 2:25:44 PM"
"NODE_MODULES","node_modules\googleapis\build\src\apis\groupssettings\index.js","1.48","7/11/2026 2:25:20 PM"
"NODE_MODULES","node_modules\googleapis\build\src\apis\groupssettings\v1.js","5.62","7/11/2026 2:25:44 PM"
"NODE_MODULES","node_modules\googleapis\build\src\apis\health\index.js","1.41","7/11/2026 2:25:22 PM"
"NODE_MODULES","node_modules\googleapis\build\src\apis\health\v4.js","34.54","7/11/2026 2:25:52 PM"
"NODE_MODULES","node_modules\googleapis\build\src\apis\healthcare\index.js","1.69","7/11/2026 2:25:22 PM"
"NODE_MODULES","node_modules\googleapis\build\src\apis\healthcare\v1.js","205.18","7/11/2026 2:25:44 PM"
"NODE_MODULES","node_modules\googleapis\build\src\apis\healthcare\v1beta1.js","240.53","7/11/2026 2:25:50 PM"
"NODE_MODULES","node_modules\googleapis\build\src\apis\homegraph\index.js","1.43","7/11/2026 2:25:22 PM"
"NODE_MODULES","node_modules\googleapis\build\src\apis\homegraph\v1.js","8.19","7/11/2026 2:25:44 PM"
"NODE_MODULES","node_modules\googleapis\build\src\apis\hypercomputecluster\index.js","1.52","7/11/2026 2:25:22 PM"
"NODE_MODULES","node_modules\googleapis\build\src\apis\hypercomputecluster\v1.js","16.65","7/11/2026 2:25:44 PM"
"NODE_MODULES","node_modules\googleapis\build\src\apis\iam\index.js","1.76","7/11/2026 2:25:22 PM"
"NODE_MODULES","node_modules\googleapis\build\src\apis\iam\v1.js","180.26","7/11/2026 2:25:44 PM"
"NODE_MODULES","node_modules\googleapis\build\src\apis\iam\v2.js","9.67","7/11/2026 2:25:50 PM"
"NODE_MODULES","node_modules\googleapis\build\src\apis\iam\v2beta.js","9.73","7/11/2026 2:25:52 PM"
"NODE_MODULES","node_modules\googleapis\build\src\apis\iamcredentials\index.js","1.48","7/11/2026 2:25:22 PM"
"NODE_MODULES","node_modules\googleapis\build\src\apis\iamcredentials\v1.js","12.6","7/11/2026 2:25:44 PM"
"NODE_MODULES","node_modules\googleapis\build\src\apis\iap\index.js","1.6","7/11/2026 2:25:22 PM"
"NODE_MODULES","node_modules\googleapis\build\src\apis\iap\v1.js","27.36","7/11/2026 2:25:44 PM"
"NODE_MODULES","node_modules\googleapis\build\src\apis\iap\v1beta1.js","5.61","7/11/2026 2:25:50 PM"
"NODE_MODULES","node_modules\googleapis\build\src\apis\ideahub\index.js","1.69","7/11/2026 2:25:22 PM"
"NODE_MODULES","node_modules\googleapis\build\src\apis\ideahub\v1alpha.js","11.36","7/11/2026 2:25:48 PM"
"NODE_MODULES","node_modules\googleapis\build\src\apis\ideahub\v1beta.js","9.93","7/11/2026 2:25:48 PM"
"NODE_MODULES","node_modules\googleapis\build\src\apis\identitytoolkit\index.js","1.72","7/11/2026 2:25:22 PM"
"NODE_MODULES","node_modules\googleapis\build\src\apis\identitytoolkit\v2.js","68.64","7/11/2026 2:25:50 PM"
"NODE_MODULES","node_modules\googleapis\build\src\apis\identitytoolkit\v3.js","26.98","7/11/2026 2:25:52 PM"
"NODE_MODULES","node_modules\googleapis\build\src\apis\ids\index.js","1.38","7/11/2026 2:25:22 PM"
"NODE_MODULES","node_modules\googleapis\build\src\apis\ids\v1.js","16.44","7/11/2026 2:25:44 PM"
"NODE_MODULES","node_modules\googleapis\build\src\apis\indexing\index.js","1.42","7/11/2026 2:25:22 PM"
"NODE_MODULES","node_modules\googleapis\build\src\apis\indexing\v3.js","4.35","7/11/2026 2:25:52 PM"
"NODE_MODULES","node_modules\googleapis\build\src\apis\integrations\index.js","1.5","7/11/2026 2:25:22 PM"
"NODE_MODULES","node_modules\googleapis\build\src\apis\integrations\v1alpha.js","116.31","7/11/2026 2:25:48 PM"
"NODE_MODULES","node_modules\googleapis\build\src\apis\jobs\index.js","1.99","7/11/2026 2:25:22 PM"
"NODE_MODULES","node_modules\googleapis\build\src\apis\jobs\v2.js","22.52","7/11/2026 2:25:50 PM"
"NODE_MODULES","node_modules\googleapis\build\src\apis\jobs\v3.js","21.18","7/11/2026 2:25:52 PM"
"NODE_MODULES","node_modules\googleapis\build\src\apis\jobs\v3p1beta1.js","22.9","7/11/2026 2:25:52 PM"
"NODE_MODULES","node_modules\googleapis\build\src\apis\jobs\v4.js","31.7","7/11/2026 2:25:52 PM"
"NODE_MODULES","node_modules\googleapis\build\src\apis\keep\index.js","1.39","7/11/2026 2:25:22 PM"
"NODE_MODULES","node_modules\googleapis\build\src\apis\keep\v1.js","10.87","7/11/2026 2:25:44 PM"
"NODE_MODULES","node_modules\googleapis\build\src\apis\kgsearch\index.js","1.42","7/11/2026 2:25:22 PM"
"NODE_MODULES","node_modules\googleapis\build\src\apis\kgsearch\v1.js","3.04","7/11/2026 2:25:44 PM"
"NODE_MODULES","node_modules\googleapis\build\src\apis\kmsinventory\index.js","1.46","7/11/2026 2:25:24 PM"
"NODE_MODULES","node_modules\googleapis\build\src\apis\kmsinventory\v1.js","9.25","7/11/2026 2:25:44 PM"
"NODE_MODULES","node_modules\googleapis\build\src\apis\language\index.js","2.11","7/11/2026 2:25:24 PM"
"NODE_MODULES","node_modules\googleapis\build\src\apis\language\v1.js","10.61","7/11/2026 2:25:44 PM"
"NODE_MODULES","node_modules\googleapis\build\src\apis\language\v1beta1.js","6.82","7/11/2026 2:25:50 PM"
"NODE_MODULES","node_modules\googleapis\build\src\apis\language\v1beta2.js","10.69","7/11/2026 2:25:50 PM"
"NODE_MODULES","node_modules\googleapis\build\src\apis\language\v2.js","8.13","7/11/2026 2:25:50 PM"
"NODE_MODULES","node_modules\googleapis\build\src\apis\libraryagent\index.js","1.46","7/11/2026 2:25:24 PM"
"NODE_MODULES","node_modules\googleapis\build\src\apis\libraryagent\v1.js","9.46","7/11/2026 2:25:44 PM"
"NODE_MODULES","node_modules\googleapis\build\src\apis\licensing\index.js","1.43","7/11/2026 2:25:24 PM"
"NODE_MODULES","node_modules\googleapis\build\src\apis\licensing\v1.js","11.32","7/11/2026 2:25:44 PM"
"NODE_MODULES","node_modules\googleapis\build\src\apis\localservices\index.js","1.47","7/11/2026 2:25:24 PM"
"NODE_MODULES","node_modules\googleapis\build\src\apis\localservices\v1.js","4.67","7/11/2026 2:25:44 PM"
"NODE_MODULES","node_modules\googleapis\build\src\apis\logging\index.js","1.42","7/11/2026 2:25:24 PM"
"NODE_MODULES","node_modules\googleapis\build\src\apis\logging\v2.js","335.11","7/11/2026 2:25:50 PM"
"NODE_MODULES","node_modules\googleapis\build\src\apis\looker\index.js","1.41","7/11/2026 2:25:24 PM"
"NODE_MODULES","node_modules\googleapis\build\src\apis\looker\v1.js","26.45","7/11/2026 2:25:44 PM"
"NODE_MODULES","node_modules\googleapis\build\src\apis\managedidentities\index.js","2.08","7/11/2026 2:25:24 PM"
"NODE_MODULES","node_modules\googleapis\build\src\apis\managedidentities\v1.js","61.47","7/11/2026 2:25:44 PM"
"NODE_MODULES","node_modules\googleapis\build\src\apis\managedidentities\v1alpha1.js","61.84","7/11/2026 2:25:48 PM"
"NODE_MODULES","node_modules\googleapis\build\src\apis\managedidentities\v1beta1.js","61.77","7/11/2026 2:25:50 PM"
"NODE_MODULES","node_modules\googleapis\build\src\apis\managedkafka\index.js","1.46","7/11/2026 2:25:24 PM"
"NODE_MODULES","node_modules\googleapis\build\src\apis\managedkafka\v1.js","125.61","7/11/2026 2:25:44 PM"
"NODE_MODULES","node_modules\googleapis\build\src\apis\manufacturers\index.js","1.47","7/11/2026 2:25:24 PM"
"NODE_MODULES","node_modules\googleapis\build\src\apis\manufacturers\v1.js","12.98","7/11/2026 2:25:44 PM"
"NODE_MODULES","node_modules\googleapis\build\src\apis\marketingplatformadmin\index.js","1.59","7/11/2026 2:25:24 PM"
"NODE_MODULES","node_modules\googleapis\build\src\apis\marketingplatformadmin\v1alpha.js","13.1","7/11/2026 2:25:48 PM"
"NODE_MODULES","node_modules\googleapis\build\src\apis\meet\index.js","1.39","7/11/2026 2:25:24 PM"
"NODE_MODULES","node_modules\googleapis\build\src\apis\meet\v2.js","26.3","7/11/2026 2:25:50 PM"
"NODE_MODULES","node_modules\googleapis\build\src\apis\memcache\index.js","1.67","7/11/2026 2:25:24 PM"
"NODE_MODULES","node_modules\googleapis\build\src\apis\memcache\v1.js","23.89","7/11/2026 2:25:44 PM"
"NODE_MODULES","node_modules\googleapis\build\src\apis\memcache\v1beta2.js","22.85","7/11/2026 2:25:50 PM"
"NODE_MODULES","node_modules\googleapis\build\src\apis\metastore\index.js","2.61","7/11/2026 2:25:26 PM"
"NODE_MODULES","node_modules\googleapis\build\src\apis\metastore\v1.js","65.3","7/11/2026 2:25:44 PM"
"NODE_MODULES","node_modules\googleapis\build\src\apis\metastore\v1alpha.js","70.78","7/11/2026 2:25:48 PM"
"NODE_MODULES","node_modules\googleapis\build\src\apis\metastore\v1beta.js","70.71","7/11/2026 2:25:48 PM"
"NODE_MODULES","node_modules\googleapis\build\src\apis\metastore\v2.js","22.88","7/11/2026 2:25:50 PM"
"NODE_MODULES","node_modules\googleapis\build\src\apis\metastore\v2alpha.js","32.36","7/11/2026 2:25:50 PM"
"NODE_MODULES","node_modules\googleapis\build\src\apis\metastore\v2beta.js","32.33","7/11/2026 2:25:52 PM"
"NODE_MODULES","node_modules\googleapis\build\src\apis\migrationcenter\index.js","1.77","7/11/2026 2:25:26 PM"
"NODE_MODULES","node_modules\googleapis\build\src\apis\migrationcenter\v1.js","90.34","7/11/2026 2:25:44 PM"
"NODE_MODULES","node_modules\googleapis\build\src\apis\migrationcenter\v1alpha1.js","97.68","7/11/2026 2:25:48 PM"
"NODE_MODULES","node_modules\googleapis\build\src\apis\ml\index.js","1.37","7/11/2026 2:25:26 PM"
"NODE_MODULES","node_modules\googleapis\build\src\apis\ml\v1.js","60.78","7/11/2026 2:25:44 PM"
"NODE_MODULES","node_modules\googleapis\build\src\apis\monitoring\index.js","1.65","7/11/2026 2:25:26 PM"
"NODE_MODULES","node_modules\googleapis\build\src\apis\monitoring\v1.js","24.49","7/11/2026 2:25:44 PM"
"NODE_MODULES","node_modules\googleapis\build\src\apis\monitoring\v3.js","77.17","7/11/2026 2:25:52 PM"
"NODE_MODULES","node_modules\googleapis\build\src\apis\mybusinessaccountmanagement\index.js","1.59","7/11/2026 2:25:26 PM"
"NODE_MODULES","node_modules\googleapis\build\src\apis\mybusinessaccountmanagement\v1.js","23.55","7/11/2026 2:25:44 PM"
"NODE_MODULES","node_modules\googleapis\build\src\apis\mybusinessbusinesscalls\index.js","1.56","7/11/2026 2:25:26 PM"
"NODE_MODULES","node_modules\googleapis\build\src\apis\mybusinessbusinesscalls\v1.js","6.96","7/11/2026 2:25:44 PM"
"NODE_MODULES","node_modules\googleapis\build\src\apis\mybusinessbusinessinformation\index.js","1.61","7/11/2026 2:25:26 PM"
"NODE_MODULES","node_modules\googleapis\build\src\apis\mybusinessbusinessinformation\v1.js","23.2","7/11/2026 2:25:44 PM"
"NODE_MODULES","node_modules\googleapis\build\src\apis\mybusinesslodging\index.js","1.5","7/11/2026 2:25:26 PM"
"NODE_MODULES","node_modules\googleapis\build\src\apis\mybusinesslodging\v1.js","6.11","7/11/2026 2:25:44 PM"
"NODE_MODULES","node_modules\googleapis\build\src\apis\mybusinessnotifications\index.js","1.56","7/11/2026 2:25:26 PM"
"NODE_MODULES","node_modules\googleapis\build\src\apis\mybusinessnotifications\v1.js","4.68","7/11/2026 2:25:44 PM"
"NODE_MODULES","node_modules\googleapis\build\src\apis\mybusinessplaceactions\index.js","1.55","7/11/2026 2:25:26 PM"
"NODE_MODULES","node_modules\googleapis\build\src\apis\mybusinessplaceactions\v1.js","10.35","7/11/2026 2:25:44 PM"
"NODE_MODULES","node_modules\googleapis\build\src\apis\mybusinessqanda\index.js","1.49","7/11/2026 2:25:26 PM"
"NODE_MODULES","node_modules\googleapis\build\src\apis\mybusinessqanda\v1.js","11.37","7/11/2026 2:25:44 PM"
"NODE_MODULES","node_modules\googleapis\build\src\apis\mybusinessverifications\index.js","1.56","7/11/2026 2:25:26 PM"
"NODE_MODULES","node_modules\googleapis\build\src\apis\mybusinessverifications\v1.js","10.31","7/11/2026 2:25:44 PM"
"NODE_MODULES","node_modules\googleapis\build\src\apis\netapp\index.js","1.64","7/11/2026 2:25:26 PM"
"NODE_MODULES","node_modules\googleapis\build\src\apis\netapp\v1.js","106.39","7/11/2026 2:25:44 PM"
"NODE_MODULES","node_modules\googleapis\build\src\apis\netapp\v1beta1.js","106.9","7/11/2026 2:25:50 PM"
"NODE_MODULES","node_modules\googleapis\build\src\apis\networkconnectivity\index.js","1.83","7/11/2026 2:25:26 PM"
"NODE_MODULES","node_modules\googleapis\build\src\apis\networkconnectivity\v1.js","142.03","7/11/2026 2:25:44 PM"
"NODE_MODULES","node_modules\googleapis\build\src\apis\networkconnectivity\v1alpha1.js","41.84","7/11/2026 2:25:48 PM"
"NODE_MODULES","node_modules\googleapis\build\src\apis\networkmanagement\index.js","1.79","7/11/2026 2:25:26 PM"
"NODE_MODULES","node_modules\googleapis\build\src\apis\networkmanagement\v1.js","68.41","7/11/2026 2:25:44 PM"
"NODE_MODULES","node_modules\googleapis\build\src\apis\networkmanagement\v1beta1.js","47.58","7/11/2026 2:25:50 PM"
"NODE_MODULES","node_modules\googleapis\build\src\apis\networksecurity\index.js","1.76","7/11/2026 2:25:26 PM"
"NODE_MODULES","node_modules\googleapis\build\src\apis\networksecurity\v1.js","240.82","7/11/2026 2:25:44 PM"
"NODE_MODULES","node_modules\googleapis\build\src\apis\networksecurity\v1beta1.js","241.9","7/11/2026 2:25:50 PM"
"NODE_MODULES","node_modules\googleapis\build\src\apis\networkservices\index.js","1.76","7/11/2026 2:25:26 PM"
"NODE_MODULES","node_modules\googleapis\build\src\apis\networkservices\v1.js","125.97","7/11/2026 2:25:44 PM"
"NODE_MODULES","node_modules\googleapis\build\src\apis\networkservices\v1beta1.js","127","7/11/2026 2:25:50 PM"
"NODE_MODULES","node_modules\googleapis\build\src\apis\notebooks\index.js","1.64","7/11/2026 2:25:28 PM"
"NODE_MODULES","node_modules\googleapis\build\src\apis\notebooks\v1.js","81.15","7/11/2026 2:25:44 PM"
"NODE_MODULES","node_modules\googleapis\build\src\apis\notebooks\v2.js","37.68","7/11/2026 2:25:50 PM"
"NODE_MODULES","node_modules\googleapis\build\src\apis\oauth2\index.js","1.41","7/11/2026 2:25:28 PM"
"NODE_MODULES","node_modules\googleapis\build\src\apis\oauth2\v2.js","5.95","7/11/2026 2:25:50 PM"
"NODE_MODULES","node_modules\googleapis\build\src\apis\observability\index.js","1.47","7/11/2026 2:25:28 PM"
"NODE_MODULES","node_modules\googleapis\build\src\apis\observability\v1.js","58.55","7/11/2026 2:25:44 PM"
"NODE_MODULES","node_modules\googleapis\build\src\apis\ondemandscanning\index.js","1.78","7/11/2026 2:25:28 PM"
"NODE_MODULES","node_modules\googleapis\build\src\apis\ondemandscanning\v1.js","12.05","7/11/2026 2:25:44 PM"
"NODE_MODULES","node_modules\googleapis\build\src\apis\ondemandscanning\v1beta1.js","12.15","7/11/2026 2:25:50 PM"
"NODE_MODULES","node_modules\googleapis\build\src\apis\oracledatabase\index.js","1.48","7/11/2026 2:25:28 PM"
"NODE_MODULES","node_modules\googleapis\build\src\apis\oracledatabase\v1.js","125.58","7/11/2026 2:25:46 PM"
"NODE_MODULES","node_modules\googleapis\build\src\apis\orgpolicy\index.js","1.43","7/11/2026 2:25:28 PM"
"NODE_MODULES","node_modules\googleapis\build\src\apis\orgpolicy\v2.js","36.78","7/11/2026 2:25:50 PM"
"NODE_MODULES","node_modules\googleapis\build\src\apis\osconfig\index.js","2.33","7/11/2026 2:25:28 PM"
"NODE_MODULES","node_modules\googleapis\build\src\apis\osconfig\v1.js","41.29","7/11/2026 2:25:46 PM"
"NODE_MODULES","node_modules\googleapis\build\src\apis\osconfig\v1alpha.js","25.8","7/11/2026 2:25:48 PM"
"NODE_MODULES","node_modules\googleapis\build\src\apis\osconfig\v1beta.js","26.19","7/11/2026 2:25:48 PM"
"NODE_MODULES","node_modules\googleapis\build\src\apis\osconfig\v2.js","40.25","7/11/2026 2:25:50 PM"
"NODE_MODULES","node_modules\googleapis\build\src\apis\osconfig\v2beta.js","40.45","7/11/2026 2:25:52 PM"
"NODE_MODULES","node_modules\googleapis\build\src\apis\oslogin\index.js","1.88","7/11/2026 2:25:28 PM"
"NODE_MODULES","node_modules\googleapis\build\src\apis\oslogin\v1.js","14.09","7/11/2026 2:25:46 PM"
"NODE_MODULES","node_modules\googleapis\build\src\apis\oslogin\v1alpha.js","17.37","7/11/2026 2:25:48 PM"
"NODE_MODULES","node_modules\googleapis\build\src\apis\oslogin\v1beta.js","17.35","7/11/2026 2:25:48 PM"
"NODE_MODULES","node_modules\googleapis\build\src\apis\pagespeedonline\index.js","1.49","7/11/2026 2:25:28 PM"
"NODE_MODULES","node_modules\googleapis\build\src\apis\pagespeedonline\v5.js","3.4","7/11/2026 2:25:52 PM"
"NODE_MODULES","node_modules\googleapis\build\src\apis\parallelstore\index.js","1.73","7/11/2026 2:25:28 PM"
"NODE_MODULES","node_modules\googleapis\build\src\apis\parallelstore\v1.js","18.87","7/11/2026 2:25:46 PM"
"NODE_MODULES","node_modules\googleapis\build\src\apis\parallelstore\v1beta.js","18.96","7/11/2026 2:25:48 PM"
"NODE_MODULES","node_modules\googleapis\build\src\apis\parametermanager\index.js","1.5","7/11/2026 2:25:28 PM"
"NODE_MODULES","node_modules\googleapis\build\src\apis\parametermanager\v1.js","19.35","7/11/2026 2:25:46 PM"
"NODE_MODULES","node_modules\googleapis\build\src\apis\paymentsresellersubscription\index.js","1.6","7/11/2026 2:25:28 PM"
"NODE_MODULES","node_modules\googleapis\build\src\apis\paymentsresellersubscription\v1.js","21.54","7/11/2026 2:25:46 PM"
"NODE_MODULES","node_modules\googleapis\build\src\apis\people\index.js","1.41","7/11/2026 2:25:28 PM"
"NODE_MODULES","node_modules\googleapis\build\src\apis\people\v1.js","32.8","7/11/2026 2:25:46 PM"
"NODE_MODULES","node_modules\googleapis\build\src\apis\places\index.js","1.41","7/11/2026 2:25:28 PM"
"NODE_MODULES","node_modules\googleapis\build\src\apis\places\v1.js","8.11","7/11/2026 2:25:46 PM"
"NODE_MODULES","node_modules\googleapis\build\src\apis\playablelocations\index.js","1.5","7/11/2026 2:25:30 PM"
"NODE_MODULES","node_modules\googleapis\build\src\apis\playablelocations\v3.js","5.54","7/11/2026 2:25:52 PM"
"NODE_MODULES","node_modules\googleapis\build\src\apis\playcustomapp\index.js","1.47","7/11/2026 2:25:30 PM"
"NODE_MODULES","node_modules\googleapis\build\src\apis\playcustomapp\v1.js","3.61","7/11/2026 2:25:46 PM"
"NODE_MODULES","node_modules\googleapis\build\src\apis\playdeveloperreporting\index.js","1.91","7/11/2026 2:25:30 PM"
"NODE_MODULES","node_modules\googleapis\build\src\apis\playdeveloperreporting\v1alpha1.js","32.4","7/11/2026 2:25:48 PM"
"NODE_MODULES","node_modules\googleapis\build\src\apis\playdeveloperreporting\v1beta1.js","32.36","7/11/2026 2:25:50 PM"
"NODE_MODULES","node_modules\googleapis\build\src\apis\playgrouping\index.js","1.51","7/11/2026 2:25:30 PM"
"NODE_MODULES","node_modules\googleapis\build\src\apis\playgrouping\v1alpha1.js","5.06","7/11/2026 2:25:48 PM"
"NODE_MODULES","node_modules\googleapis\build\src\apis\playintegrity\index.js","1.47","7/11/2026 2:25:30 PM"
"NODE_MODULES","node_modules\googleapis\build\src\apis\playintegrity\v1.js","6.17","7/11/2026 2:25:46 PM"
"NODE_MODULES","node_modules\googleapis\build\src\apis\plus\index.js","1.39","7/11/2026 2:25:30 PM"
"NODE_MODULES","node_modules\googleapis\build\src\apis\plus\v1.js","13.29","7/11/2026 2:25:46 PM"
"NODE_MODULES","node_modules\googleapis\build\src\apis\policyanalyzer\index.js","1.75","7/11/2026 2:25:30 PM"
"NODE_MODULES","node_modules\googleapis\build\src\apis\policyanalyzer\v1.js","9.56","7/11/2026 2:25:46 PM"
"NODE_MODULES","node_modules\googleapis\build\src\apis\policyanalyzer\v1beta1.js","9.67","7/11/2026 2:25:50 PM"
"NODE_MODULES","node_modules\googleapis\build\src\apis\policysimulator\index.js","2.31","7/11/2026 2:25:30 PM"
"NODE_MODULES","node_modules\googleapis\build\src\apis\policysimulator\v1.js","47.18","7/11/2026 2:25:46 PM"
"NODE_MODULES","node_modules\googleapis\build\src\apis\policysimulator\v1alpha.js","22.6","7/11/2026 2:25:48 PM"
"NODE_MODULES","node_modules\googleapis\build\src\apis\policysimulator\v1beta.js","22.57","7/11/2026 2:25:48 PM"
"NODE_MODULES","node_modules\googleapis\build\src\apis\policysimulator\v1beta1.js","22.6","7/11/2026 2:25:50 PM"
"NODE_MODULES","node_modules\googleapis\build\src\apis\policytroubleshooter\index.js","2.37","7/11/2026 2:25:30 PM"
"NODE_MODULES","node_modules\googleapis\build\src\apis\policytroubleshooter\v1.js","3.13","7/11/2026 2:25:46 PM"
"NODE_MODULES","node_modules\googleapis\build\src\apis\policytroubleshooter\v1beta.js","3.17","7/11/2026 2:25:48 PM"
"NODE_MODULES","node_modules\googleapis\build\src\apis\policytroubleshooter\v3.js","3.13","7/11/2026 2:25:52 PM"
"NODE_MODULES","node_modules\googleapis\build\src\apis\policytroubleshooter\v3beta.js","3.17","7/11/2026 2:25:52 PM"
"NODE_MODULES","node_modules\googleapis\build\src\apis\pollen\index.js","1.41","7/11/2026 2:25:30 PM"
"NODE_MODULES","node_modules\googleapis\build\src\apis\pollen\v1.js","4.85","7/11/2026 2:25:46 PM"
"NODE_MODULES","node_modules\googleapis\build\src\apis\poly\index.js","1.39","7/11/2026 2:25:30 PM"
"NODE_MODULES","node_modules\googleapis\build\src\apis\poly\v1.js","7.49","7/11/2026 2:25:46 PM"
"NODE_MODULES","node_modules\googleapis\build\src\apis\privateca\index.js","1.68","7/11/2026 2:25:30 PM"
"NODE_MODULES","node_modules\googleapis\build\src\apis\privateca\v1.js","59.81","7/11/2026 2:25:46 PM"
"NODE_MODULES","node_modules\googleapis\build\src\apis\privateca\v1beta1.js","23.01","7/11/2026 2:25:50 PM"
"NODE_MODULES","node_modules\googleapis\build\src\apis\prod_tt_sasportal\index.js","1.56","7/11/2026 2:25:32 PM"
"NODE_MODULES","node_modules\googleapis\build\src\apis\prod_tt_sasportal\v1alpha1.js","109.85","7/11/2026 2:25:48 PM"
"NODE_MODULES","node_modules\googleapis\build\src\apis\publicca\index.js","1.92","7/11/2026 2:25:32 PM"
"NODE_MODULES","node_modules\googleapis\build\src\apis\publicca\v1.js","3.96","7/11/2026 2:25:46 PM"
"NODE_MODULES","node_modules\googleapis\build\src\apis\publicca\v1alpha1.js","4.03","7/11/2026 2:25:48 PM"
"NODE_MODULES","node_modules\googleapis\build\src\apis\publicca\v1beta1.js","4.02","7/11/2026 2:25:50 PM"
"NODE_MODULES","node_modules\googleapis\build\src\apis\pubsub\index.js","1.88","7/11/2026 2:25:32 PM"
"NODE_MODULES","node_modules\googleapis\build\src\apis\pubsub\v1.js","60.76","7/11/2026 2:25:46 PM"
"NODE_MODULES","node_modules\googleapis\build\src\apis\pubsub\v1beta1a.js","20.58","7/11/2026 2:25:50 PM"
"NODE_MODULES","node_modules\googleapis\build\src\apis\pubsub\v1beta2.js","27.84","7/11/2026 2:25:50 PM"
"NODE_MODULES","node_modules\googleapis\build\src\apis\pubsublite\index.js","1.44","7/11/2026 2:25:32 PM"
"NODE_MODULES","node_modules\googleapis\build\src\apis\pubsublite\v1.js","42.87","7/11/2026 2:25:46 PM"
"NODE_MODULES","node_modules\googleapis\build\src\apis\rapidmigrationassessment\index.js","1.57","7/11/2026 2:25:32 PM"
"NODE_MODULES","node_modules\googleapis\build\src\apis\rapidmigrationassessment\v1.js","23.38","7/11/2026 2:25:46 PM"
"NODE_MODULES","node_modules\googleapis\build\src\apis\readerrevenuesubscriptionlinking\index.js","1.64","7/11/2026 2:25:32 PM"
"NODE_MODULES","node_modules\googleapis\build\src\apis\readerrevenuesubscriptionlinking\v1.js","7.57","7/11/2026 2:25:46 PM"
"NODE_MODULES","node_modules\googleapis\build\src\apis\realtimebidding\index.js","1.76","7/11/2026 2:25:32 PM"
"NODE_MODULES","node_modules\googleapis\build\src\apis\realtimebidding\v1.js","51.83","7/11/2026 2:25:46 PM"
"NODE_MODULES","node_modules\googleapis\build\src\apis\realtimebidding\v1alpha.js","7.53","7/11/2026 2:25:48 PM"
"NODE_MODULES","node_modules\googleapis\build\src\apis\recaptchaenterprise\index.js","1.52","7/11/2026 2:25:32 PM"
"NODE_MODULES","node_modules\googleapis\build\src\apis\recaptchaenterprise\v1.js","31.7","7/11/2026 2:25:46 PM"
"NODE_MODULES","node_modules\googleapis\build\src\apis\recommendationengine\index.js","1.57","7/11/2026 2:25:32 PM"
"NODE_MODULES","node_modules\googleapis\build\src\apis\recommendationengine\v1beta1.js","34.19","7/11/2026 2:25:50 PM"
"NODE_MODULES","node_modules\googleapis\build\src\apis\recommender\index.js","1.71","7/11/2026 2:25:32 PM"
"NODE_MODULES","node_modules\googleapis\build\src\apis\recommender\v1.js","70.61","7/11/2026 2:25:46 PM"
"NODE_MODULES","node_modules\googleapis\build\src\apis\recommender\v1beta1.js","78.97","7/11/2026 2:25:50 PM"
"NODE_MODULES","node_modules\googleapis\build\src\apis\redis\index.js","1.63","7/11/2026 2:25:32 PM"
"NODE_MODULES","node_modules\googleapis\build\src\apis\redis\v1.js","60.79","7/11/2026 2:25:46 PM"
"NODE_MODULES","node_modules\googleapis\build\src\apis\redis\v1beta1.js","61.09","7/11/2026 2:25:50 PM"
"NODE_MODULES","node_modules\googleapis\build\src\apis\remotebuildexecution\index.js","2.09","7/11/2026 2:25:32 PM"
"NODE_MODULES","node_modules\googleapis\build\src\apis\remotebuildexecution\v1.js","10.23","7/11/2026 2:25:46 PM"
"NODE_MODULES","node_modules\googleapis\build\src\apis\remotebuildexecution\v1alpha.js","16.47","7/11/2026 2:25:48 PM"
"NODE_MODULES","node_modules\googleapis\build\src\apis\remotebuildexecution\v2.js","14.4","7/11/2026 2:25:50 PM"
"NODE_MODULES","node_modules\googleapis\build\src\apis\reseller\index.js","1.42","7/11/2026 2:25:32 PM"
"NODE_MODULES","node_modules\googleapis\build\src\apis\reseller\v1.js","24.64","7/11/2026 2:25:46 PM"
"NODE_MODULES","node_modules\googleapis\build\src\apis\resourcesettings\index.js","1.5","7/11/2026 2:25:32 PM"
"NODE_MODULES","node_modules\googleapis\build\src\apis\resourcesettings\v1.js","14.63","7/11/2026 2:25:46 PM"
"NODE_MODULES","node_modules\googleapis\build\src\apis\retail\index.js","1.86","7/11/2026 2:25:32 PM"
"NODE_MODULES","node_modules\googleapis\build\src\apis\retail\v2.js","97.92","7/11/2026 2:25:50 PM"
"NODE_MODULES","node_modules\googleapis\build\src\apis\retail\v2alpha.js","121.47","7/11/2026 2:25:52 PM"
"NODE_MODULES","node_modules\googleapis\build\src\apis\retail\v2beta.js","104.7","7/11/2026 2:25:52 PM"
"NODE_MODULES","node_modules\googleapis\build\src\apis\run\index.js","2","7/11/2026 2:25:32 PM"
"NODE_MODULES","node_modules\googleapis\build\src\apis\run\v1.js","104.25","7/11/2026 2:25:46 PM"
"NODE_MODULES","node_modules\googleapis\build\src\apis\run\v1alpha1.js","7.2","7/11/2026 2:25:48 PM"
"NODE_MODULES","node_modules\googleapis\build\src\apis\run\v1beta1.js","8.61","7/11/2026 2:25:50 PM"
"NODE_MODULES","node_modules\googleapis\build\src\apis\run\v2.js","77.55","7/11/2026 2:25:50 PM"
"NODE_MODULES","node_modules\googleapis\build\src\apis\runtimeconfig\index.js","1.74","7/11/2026 2:25:34 PM"
"NODE_MODULES","node_modules\googleapis\build\src\apis\runtimeconfig\v1.js","5.78","7/11/2026 2:25:46 PM"
"NODE_MODULES","node_modules\googleapis\build\src\apis\runtimeconfig\v1beta1.js","30.92","7/11/2026 2:25:50 PM"
"NODE_MODULES","node_modules\googleapis\build\src\apis\saasservicemgmt\index.js","1.76","7/11/2026 2:25:34 PM"
"NODE_MODULES","node_modules\googleapis\build\src\apis\saasservicemgmt\v1.js","56.79","7/11/2026 2:25:46 PM"
"NODE_MODULES","node_modules\googleapis\build\src\apis\saasservicemgmt\v1beta1.js","83.34","7/11/2026 2:25:50 PM"
"NODE_MODULES","node_modules\googleapis\build\src\apis\safebrowsing\index.js","1.68","7/11/2026 2:25:34 PM"
"NODE_MODULES","node_modules\googleapis\build\src\apis\safebrowsing\v4.js","12.58","7/11/2026 2:25:52 PM"
"NODE_MODULES","node_modules\googleapis\build\src\apis\safebrowsing\v5.js","8.98","7/11/2026 2:25:52 PM"
"NODE_MODULES","node_modules\googleapis\build\src\apis\sasportal\index.js","1.49","7/11/2026 2:25:34 PM"
"NODE_MODULES","node_modules\googleapis\build\src\apis\sasportal\v1alpha1.js","108.95","7/11/2026 2:25:48 PM"
"NODE_MODULES","node_modules\googleapis\build\src\apis\script\index.js","1.41","7/11/2026 2:25:34 PM"
"NODE_MODULES","node_modules\googleapis\build\src\apis\script\v1.js","22.92","7/11/2026 2:25:46 PM"
"NODE_MODULES","node_modules\googleapis\build\src\apis\searchads360\index.js","1.46","7/11/2026 2:25:34 PM"
"NODE_MODULES","node_modules\googleapis\build\src\apis\searchads360\v0.js","10.44","7/11/2026 2:25:42 PM"
"NODE_MODULES","node_modules\googleapis\build\src\apis\searchconsole\index.js","1.47","7/11/2026 2:25:34 PM"
"NODE_MODULES","node_modules\googleapis\build\src\apis\searchconsole\v1.js","17.57","7/11/2026 2:25:46 PM"
"NODE_MODULES","node_modules\googleapis\build\src\apis\secretmanager\index.js","2","7/11/2026 2:25:34 PM"
"NODE_MODULES","node_modules\googleapis\build\src\apis\secretmanager\v1.js","43.32","7/11/2026 2:25:46 PM"
"NODE_MODULES","node_modules\googleapis\build\src\apis\secretmanager\v1beta1.js","24.07","7/11/2026 2:25:50 PM"
"NODE_MODULES","node_modules\googleapis\build\src\apis\secretmanager\v1beta2.js","43.54","7/11/2026 2:25:50 PM"
"NODE_MODULES","node_modules\googleapis\build\src\apis\securesourcemanager\index.js","1.52","7/11/2026 2:25:34 PM"
"NODE_MODULES","node_modules\googleapis\build\src\apis\securesourcemanager\v1.js","82.79","7/11/2026 2:25:46 PM"
"NODE_MODULES","node_modules\googleapis\build\src\apis\securitycenter\index.js","2.61","7/11/2026 2:25:34 PM"
"NODE_MODULES","node_modules\googleapis\build\src\apis\securitycenter\v1.js","240.36","7/11/2026 2:25:46 PM"
"NODE_MODULES","node_modules\googleapis\build\src\apis\securitycenter\v1beta1.js","32.05","7/11/2026 2:25:50 PM"
"NODE_MODULES","node_modules\googleapis\build\src\apis\securitycenter\v1beta2.js","89.76","7/11/2026 2:25:50 PM"
"NODE_MODULES","node_modules\googleapis\build\src\apis\securitycenter\v1p1alpha1.js","7.42","7/11/2026 2:25:50 PM"
"NODE_MODULES","node_modules\googleapis\build\src\apis\securitycenter\v1p1beta1.js","37.93","7/11/2026 2:25:50 PM"
"NODE_MODULES","node_modules\googleapis\build\src\apis\securityposture\index.js","1.49","7/11/2026 2:25:34 PM"
"NODE_MODULES","node_modules\googleapis\build\src\apis\securityposture\v1.js","33.69","7/11/2026 2:25:46 PM"
"NODE_MODULES","node_modules\googleapis\build\src\apis\serviceconsumermanagement\index.js","1.9","7/11/2026 2:25:34 PM"
"NODE_MODULES","node_modules\googleapis\build\src\apis\serviceconsumermanagement\v1.js","20.18","7/11/2026 2:25:46 PM"
"NODE_MODULES","node_modules\googleapis\build\src\apis\serviceconsumermanagement\v1beta1.js","22.09","7/11/2026 2:25:50 PM"
"NODE_MODULES","node_modules\googleapis\build\src\apis\servicecontrol\index.js","1.71","7/11/2026 2:25:34 PM"
"NODE_MODULES","node_modules\googleapis\build\src\apis\servicecontrol\v1.js","5.73","7/11/2026 2:25:46 PM"
"NODE_MODULES","node_modules\googleapis\build\src\apis\servicecontrol\v2.js","4.45","7/11/2026 2:25:50 PM"
"NODE_MODULES","node_modules\googleapis\build\src\apis\servicedirectory\index.js","1.78","7/11/2026 2:25:34 PM"
"NODE_MODULES","node_modules\googleapis\build\src\apis\servicedirectory\v1.js","33.6","7/11/2026 2:25:46 PM"
"NODE_MODULES","node_modules\googleapis\build\src\apis\servicedirectory\v1beta1.js","38.04","7/11/2026 2:25:50 PM"
"NODE_MODULES","node_modules\googleapis\build\src\apis\servicemanagement\index.js","1.5","7/11/2026 2:25:34 PM"
"NODE_MODULES","node_modules\googleapis\build\src\apis\servicemanagement\v1.js","30.88","7/11/2026 2:25:46 PM"
"NODE_MODULES","node_modules\googleapis\build\src\apis\servicenetworking\index.js","1.78","7/11/2026 2:25:34 PM"
"NODE_MODULES","node_modules\googleapis\build\src\apis\servicenetworking\v1.js","41.68","7/11/2026 2:25:46 PM"
"NODE_MODULES","node_modules\googleapis\build\src\apis\servicenetworking\v1beta.js","10.12","7/11/2026 2:25:48 PM"
"NODE_MODULES","node_modules\googleapis\build\src\apis\serviceusage\index.js","1.72","7/11/2026 2:25:34 PM"
"NODE_MODULES","node_modules\googleapis\build\src\apis\serviceusage\v1.js","14.52","7/11/2026 2:25:46 PM"
"NODE_MODULES","node_modules\googleapis\build\src\apis\serviceusage\v1beta1.js","30.33","7/11/2026 2:25:50 PM"
"NODE_MODULES","node_modules\googleapis\build\src\apis\sheets\index.js","1.41","7/11/2026 2:25:36 PM"
"NODE_MODULES","node_modules\googleapis\build\src\apis\sheets\v4.js","24.76","7/11/2026 2:25:52 PM"
"NODE_MODULES","node_modules\googleapis\build\src\apis\siteVerification\index.js","1.5","7/11/2026 2:25:36 PM"
"NODE_MODULES","node_modules\googleapis\build\src\apis\siteVerification\v1.js","10.57","7/11/2026 2:25:46 PM"
"NODE_MODULES","node_modules\googleapis\build\src\apis\slides\index.js","1.41","7/11/2026 2:25:36 PM"
"NODE_MODULES","node_modules\googleapis\build\src\apis\slides\v1.js","8.56","7/11/2026 2:25:46 PM"
"NODE_MODULES","node_modules\googleapis\build\src\apis\smartdevicemanagement\index.js","1.54","7/11/2026 2:25:36 PM"
"NODE_MODULES","node_modules\googleapis\build\src\apis\smartdevicemanagement\v1.js","11.76","7/11/2026 2:25:46 PM"
"NODE_MODULES","node_modules\googleapis\build\src\apis\solar\index.js","1.4","7/11/2026 2:25:36 PM"
"NODE_MODULES","node_modules\googleapis\build\src\apis\solar\v1.js","5.93","7/11/2026 2:25:46 PM"
"NODE_MODULES","node_modules\googleapis\build\src\apis\sourcerepo\index.js","1.44","7/11/2026 2:25:36 PM"
"NODE_MODULES","node_modules\googleapis\build\src\apis\sourcerepo\v1.js","16.14","7/11/2026 2:25:46 PM"
"NODE_MODULES","node_modules\googleapis\build\src\apis\spanner\index.js","1.42","7/11/2026 2:25:36 PM"
"NODE_MODULES","node_modules\googleapis\build\src\apis\spanner\v1.js","132.77","7/11/2026 2:25:46 PM"
"NODE_MODULES","node_modules\googleapis\build\src\apis\speech\index.js","1.89","7/11/2026 2:25:36 PM"
"NODE_MODULES","node_modules\googleapis\build\src\apis\speech\v1.js","20.46","7/11/2026 2:25:46 PM"
"NODE_MODULES","node_modules\googleapis\build\src\apis\speech\v1p1beta1.js","20.66","7/11/2026 2:25:50 PM"
"NODE_MODULES","node_modules\googleapis\build\src\apis\speech\v2beta1.js","4.91","7/11/2026 2:25:52 PM"
"NODE_MODULES","node_modules\googleapis\build\src\apis\sql\index.js","1.42","7/11/2026 2:25:36 PM"
"NODE_MODULES","node_modules\googleapis\build\src\apis\sql\v1beta4.js","64.37","7/11/2026 2:25:50 PM"
"NODE_MODULES","node_modules\googleapis\build\src\apis\sqladmin\index.js","1.67","7/11/2026 2:25:36 PM"
"NODE_MODULES","node_modules\googleapis\build\src\apis\sqladmin\v1.js","100.88","7/11/2026 2:25:46 PM"
"NODE_MODULES","node_modules\googleapis\build\src\apis\sqladmin\v1beta4.js","102.1","7/11/2026 2:25:50 PM"
"NODE_MODULES","node_modules\googleapis\build\src\apis\storage\index.js","1.65","7/11/2026 2:25:36 PM"
"NODE_MODULES","node_modules\googleapis\build\src\apis\storage\v1.js","110.89","7/11/2026 2:25:46 PM"
"NODE_MODULES","node_modules\googleapis\build\src\apis\storage\v1beta2.js","45.74","7/11/2026 2:25:50 PM"
"NODE_MODULES","node_modules\googleapis\build\src\apis\storagebatchoperations\index.js","1.55","7/11/2026 2:25:36 PM"
"NODE_MODULES","node_modules\googleapis\build\src\apis\storagebatchoperations\v1.js","19.56","7/11/2026 2:25:46 PM"
"NODE_MODULES","node_modules\googleapis\build\src\apis\storagetransfer\index.js","1.49","7/11/2026 2:25:36 PM"
"NODE_MODULES","node_modules\googleapis\build\src\apis\storagetransfer\v1.js","24.29","7/11/2026 2:25:46 PM"
"NODE_MODULES","node_modules\googleapis\build\src\apis\streetviewpublish\index.js","1.5","7/11/2026 2:25:38 PM"
"NODE_MODULES","node_modules\googleapis\build\src\apis\streetviewpublish\v1.js","20.14","7/11/2026 2:25:46 PM"
"NODE_MODULES","node_modules\googleapis\build\src\apis\sts\index.js","1.59","7/11/2026 2:25:38 PM"
"NODE_MODULES","node_modules\googleapis\build\src\apis\sts\v1.js","3","7/11/2026 2:25:46 PM"
"NODE_MODULES","node_modules\googleapis\build\src\apis\sts\v1beta.js","3.07","7/11/2026 2:25:48 PM"
"NODE_MODULES","node_modules\googleapis\build\src\apis\tagmanager\index.js","1.65","7/11/2026 2:25:38 PM"
"NODE_MODULES","node_modules\googleapis\build\src\apis\tagmanager\v1.js","71.96","7/11/2026 2:25:46 PM"
"NODE_MODULES","node_modules\googleapis\build\src\apis\tagmanager\v2.js","141.17","7/11/2026 2:25:50 PM"
"NODE_MODULES","node_modules\googleapis\build\src\apis\tasks\index.js","1.4","7/11/2026 2:25:38 PM"
"NODE_MODULES","node_modules\googleapis\build\src\apis\tasks\v1.js","19.36","7/11/2026 2:25:46 PM"
"NODE_MODULES","node_modules\googleapis\build\src\apis\testing\index.js","1.42","7/11/2026 2:25:38 PM"
"NODE_MODULES","node_modules\googleapis\build\src\apis\testing\v1.js","15.76","7/11/2026 2:25:46 PM"
"NODE_MODULES","node_modules\googleapis\build\src\apis\texttospeech\index.js","1.72","7/11/2026 2:25:38 PM"
"NODE_MODULES","node_modules\googleapis\build\src\apis\texttospeech\v1.js","11.93","7/11/2026 2:25:46 PM"
"NODE_MODULES","node_modules\googleapis\build\src\apis\texttospeech\v1beta1.js","9.28","7/11/2026 2:25:50 PM"
"NODE_MODULES","node_modules\googleapis\build\src\apis\threatintelligence\index.js","1.55","7/11/2026 2:25:38 PM"
"NODE_MODULES","node_modules\googleapis\build\src\apis\threatintelligence\v1beta.js","29.87","7/11/2026 2:25:48 PM"
"NODE_MODULES","node_modules\googleapis\build\src\apis\toolresults\index.js","1.5","7/11/2026 2:25:38 PM"
"NODE_MODULES","node_modules\googleapis\build\src\apis\toolresults\v1beta3.js","48","7/11/2026 2:25:50 PM"
"NODE_MODULES","node_modules\googleapis\build\src\apis\tpu\index.js","2.01","7/11/2026 2:25:38 PM"
"NODE_MODULES","node_modules\googleapis\build\src\apis\tpu\v1.js","24.32","7/11/2026 2:25:46 PM"
"NODE_MODULES","node_modules\googleapis\build\src\apis\tpu\v1alpha1.js","24.5","7/11/2026 2:25:48 PM"
"NODE_MODULES","node_modules\googleapis\build\src\apis\tpu\v2.js","33.33","7/11/2026 2:25:50 PM"
"NODE_MODULES","node_modules\googleapis\build\src\apis\tpu\v2alpha1.js","40.28","7/11/2026 2:25:52 PM"
"NODE_MODULES","node_modules\googleapis\build\src\apis\trafficdirector\index.js","1.72","7/11/2026 2:25:38 PM"
"NODE_MODULES","node_modules\googleapis\build\src\apis\trafficdirector\v2.js","3.12","7/11/2026 2:25:50 PM"
"NODE_MODULES","node_modules\googleapis\build\src\apis\trafficdirector\v3.js","3.12","7/11/2026 2:25:52 PM"
"NODE_MODULES","node_modules\googleapis\build\src\apis\transcoder\index.js","1.69","7/11/2026 2:25:38 PM"
"NODE_MODULES","node_modules\googleapis\build\src\apis\transcoder\v1.js","12.75","7/11/2026 2:25:46 PM"
"NODE_MODULES","node_modules\googleapis\build\src\apis\transcoder\v1beta1.js","12.57","7/11/2026 2:25:50 PM"
"NODE_MODULES","node_modules\googleapis\build\src\apis\translate\index.js","1.88","7/11/2026 2:25:38 PM"
"NODE_MODULES","node_modules\googleapis\build\src\apis\translate\v2.js","8.61","7/11/2026 2:25:50 PM"
"NODE_MODULES","node_modules\googleapis\build\src\apis\translate\v3.js","69.78","7/11/2026 2:25:52 PM"
"NODE_MODULES","node_modules\googleapis\build\src\apis\translate\v3beta1.js","29.12","7/11/2026 2:25:52 PM"
"NODE_MODULES","node_modules\googleapis\build\src\apis\travelimpactmodel\index.js","1.5","7/11/2026 2:25:38 PM"
"NODE_MODULES","node_modules\googleapis\build\src\apis\travelimpactmodel\v1.js","5.76","7/11/2026 2:25:46 PM"
"NODE_MODULES","node_modules\googleapis\build\src\apis\vault\index.js","1.4","7/11/2026 2:25:38 PM"
"NODE_MODULES","node_modules\googleapis\build\src\apis\vault\v1.js","44.92","7/11/2026 2:25:46 PM"
"NODE_MODULES","node_modules\googleapis\build\src\apis\vectortile\index.js","1.44","7/11/2026 2:25:38 PM"
"NODE_MODULES","node_modules\googleapis\build\src\apis\vectortile\v1.js","4.56","7/11/2026 2:25:46 PM"
"NODE_MODULES","node_modules\googleapis\build\src\apis\verifiedaccess\index.js","1.71","7/11/2026 2:25:38 PM"
"NODE_MODULES","node_modules\googleapis\build\src\apis\verifiedaccess\v1.js","4.41","7/11/2026 2:25:46 PM"
"NODE_MODULES","node_modules\googleapis\build\src\apis\verifiedaccess\v2.js","4.44","7/11/2026 2:25:50 PM"
"NODE_MODULES","node_modules\googleapis\build\src\apis\versionhistory\index.js","1.48","7/11/2026 2:25:40 PM"
"NODE_MODULES","node_modules\googleapis\build\src\apis\versionhistory\v1.js","7.89","7/11/2026 2:25:46 PM"
"NODE_MODULES","node_modules\googleapis\build\src\apis\videointelligence\index.js","2.7","7/11/2026 2:25:40 PM"
"NODE_MODULES","node_modules\googleapis\build\src\apis\videointelligence\v1.js","14.3","7/11/2026 2:25:46 PM"
"NODE_MODULES","node_modules\googleapis\build\src\apis\videointelligence\v1beta2.js","3.34","7/11/2026 2:25:50 PM"
"NODE_MODULES","node_modules\googleapis\build\src\apis\videointelligence\v1p1beta1.js","3.36","7/11/2026 2:25:50 PM"
"NODE_MODULES","node_modules\googleapis\build\src\apis\videointelligence\v1p2beta1.js","3.36","7/11/2026 2:25:50 PM"
"NODE_MODULES","node_modules\googleapis\build\src\apis\videointelligence\v1p3beta1.js","3.36","7/11/2026 2:25:50 PM"
"NODE_MODULES","node_modules\googleapis\build\src\apis\vision\index.js","1.91","7/11/2026 2:25:40 PM"
"NODE_MODULES","node_modules\googleapis\build\src\apis\vision\v1.js","53.84","7/11/2026 2:25:46 PM"
"NODE_MODULES","node_modules\googleapis\build\src\apis\vision\v1p1beta1.js","19.05","7/11/2026 2:25:50 PM"
"NODE_MODULES","node_modules\googleapis\build\src\apis\vision\v1p2beta1.js","19.05","7/11/2026 2:25:50 PM"
"NODE_MODULES","node_modules\googleapis\build\src\apis\vmmigration\index.js","1.72","7/11/2026 2:25:40 PM"
"NODE_MODULES","node_modules\googleapis\build\src\apis\vmmigration\v1.js","92.46","7/11/2026 2:25:46 PM"
"NODE_MODULES","node_modules\googleapis\build\src\apis\vmmigration\v1alpha1.js","93","7/11/2026 2:25:48 PM"
"NODE_MODULES","node_modules\googleapis\build\src\apis\vmwareengine\index.js","1.46","7/11/2026 2:25:40 PM"
"NODE_MODULES","node_modules\googleapis\build\src\apis\vmwareengine\v1.js","138.72","7/11/2026 2:25:46 PM"
"NODE_MODULES","node_modules\googleapis\build\src\apis\vpcaccess\index.js","1.68","7/11/2026 2:25:40 PM"
"NODE_MODULES","node_modules\googleapis\build\src\apis\vpcaccess\v1.js","12.66","7/11/2026 2:25:46 PM"
"NODE_MODULES","node_modules\googleapis\build\src\apis\vpcaccess\v1beta1.js","12.76","7/11/2026 2:25:50 PM"
"NODE_MODULES","node_modules\googleapis\build\src\apis\walletobjects\index.js","1.47","7/11/2026 2:25:40 PM"
"NODE_MODULES","node_modules\googleapis\build\src\apis\walletobjects\v1.js","131.65","7/11/2026 2:25:46 PM"
"NODE_MODULES","node_modules\googleapis\build\src\apis\webcontentpublisher\index.js","1.52","7/11/2026 2:25:40 PM"
"NODE_MODULES","node_modules\googleapis\build\src\apis\webcontentpublisher\v1.js","3.28","7/11/2026 2:25:46 PM"
"NODE_MODULES","node_modules\googleapis\build\src\apis\webfonts\index.js","1.42","7/11/2026 2:25:40 PM"
"NODE_MODULES","node_modules\googleapis\build\src\apis\webfonts\v1.js","3.08","7/11/2026 2:25:46 PM"
"NODE_MODULES","node_modules\googleapis\build\src\apis\webmasters\index.js","1.44","7/11/2026 2:25:40 PM"
"NODE_MODULES","node_modules\googleapis\build\src\apis\webmasters\v3.js","13.32","7/11/2026 2:25:52 PM"
"NODE_MODULES","node_modules\googleapis\build\src\apis\webrisk\index.js","1.42","7/11/2026 2:25:40 PM"
"NODE_MODULES","node_modules\googleapis\build\src\apis\webrisk\v1.js","12.91","7/11/2026 2:25:46 PM"
"NODE_MODULES","node_modules\googleapis\build\src\apis\websecurityscanner\index.js","2.09","7/11/2026 2:25:40 PM"
"NODE_MODULES","node_modules\googleapis\build\src\apis\websecurityscanner\v1.js","20.08","7/11/2026 2:25:46 PM"
"NODE_MODULES","node_modules\googleapis\build\src\apis\websecurityscanner\v1alpha.js","20.21","7/11/2026 2:25:48 PM"
"NODE_MODULES","node_modules\googleapis\build\src\apis\websecurityscanner\v1beta.js","20.19","7/11/2026 2:25:48 PM"
"NODE_MODULES","node_modules\googleapis\build\src\apis\workflowexecutions\index.js","1.79","7/11/2026 2:25:40 PM"
"NODE_MODULES","node_modules\googleapis\build\src\apis\workflowexecutions\v1.js","16.6","7/11/2026 2:25:46 PM"
"NODE_MODULES","node_modules\googleapis\build\src\apis\workflowexecutions\v1beta.js","8.12","7/11/2026 2:25:48 PM"
"NODE_MODULES","node_modules\googleapis\build\src\apis\workflows\index.js","1.67","7/11/2026 2:25:42 PM"
"NODE_MODULES","node_modules\googleapis\build\src\apis\workflows\v1.js","16.41","7/11/2026 2:25:46 PM"
"NODE_MODULES","node_modules\googleapis\build\src\apis\workflows\v1beta.js","15.24","7/11/2026 2:25:48 PM"
"NODE_MODULES","node_modules\googleapis\build\src\apis\workloadmanager\index.js","1.49","7/11/2026 2:25:42 PM"
"NODE_MODULES","node_modules\googleapis\build\src\apis\workloadmanager\v1.js","45.22","7/11/2026 2:25:46 PM"
"NODE_MODULES","node_modules\googleapis\build\src\apis\workspaceevents\index.js","1.49","7/11/2026 2:25:42 PM"
"NODE_MODULES","node_modules\googleapis\build\src\apis\workspaceevents\v1.js","21.59","7/11/2026 2:25:46 PM"
"NODE_MODULES","node_modules\googleapis\build\src\apis\workstations\index.js","1.71","7/11/2026 2:25:42 PM"
"NODE_MODULES","node_modules\googleapis\build\src\apis\workstations\v1.js","44.21","7/11/2026 2:25:46 PM"
"NODE_MODULES","node_modules\googleapis\build\src\apis\workstations\v1beta.js","43.22","7/11/2026 2:25:48 PM"
"NODE_MODULES","node_modules\googleapis\build\src\apis\youtube\index.js","1.42","7/11/2026 2:25:42 PM"
"NODE_MODULES","node_modules\googleapis\build\src\apis\youtube\v3.js","114","7/11/2026 2:25:52 PM"
"NODE_MODULES","node_modules\googleapis\build\src\apis\youtubeAnalytics\index.js","1.73","7/11/2026 2:25:42 PM"
"NODE_MODULES","node_modules\googleapis\build\src\apis\youtubeAnalytics\v1.js","1.34","7/11/2026 2:25:46 PM"
"NODE_MODULES","node_modules\googleapis\build\src\apis\youtubeAnalytics\v2.js","12.11","7/11/2026 2:25:50 PM"
"NODE_MODULES","node_modules\googleapis\build\src\apis\youtubereporting\index.js","1.5","7/11/2026 2:25:42 PM"
"NODE_MODULES","node_modules\googleapis\build\src\apis\youtubereporting\v1.js","12.6","7/11/2026 2:25:46 PM"
"NODE_MODULES","node_modules\googleapis\build\src\generator\disclaimer.js","1.73","7/11/2026 2:24:58 PM"
"NODE_MODULES","node_modules\googleapis\build\src\generator\docs.js","2.62","7/11/2026 2:24:58 PM"
"NODE_MODULES","node_modules\googleapis\build\src\generator\download.js","9.27","7/11/2026 2:24:58 PM"
"NODE_MODULES","node_modules\googleapis\build\src\generator\filters.js","4.57","7/11/2026 2:24:58 PM"
"NODE_MODULES","node_modules\googleapis\build\src\generator\generator.js","13.5","7/11/2026 2:24:58 PM"
"NODE_MODULES","node_modules\googleapis\build\src\generator\samplegen.js","4.92","7/11/2026 2:25:42 PM"
"NODE_MODULES","node_modules\googleapis\build\src\generator\synth.js","7.71","7/11/2026 2:25:42 PM"
"NODE_MODULES","node_modules\googleapis-common\node_modules\google-logging-utils\build\src\colours.js","2.56","7/11/2026 2:24:40 PM"
"NODE_MODULES","node_modules\googleapis-common\node_modules\google-logging-utils\build\src\index.js","1.4","7/11/2026 2:24:44 PM"
"NODE_MODULES","node_modules\googleapis-common\node_modules\google-logging-utils\build\src\logging-utils.js","16.66","7/11/2026 2:24:46 PM"
"NODE_MODULES","node_modules\googleapis-common\node_modules\google-logging-utils\build\src\temporal.js","2.65","7/11/2026 2:24:48 PM"
"NODE_MODULES","node_modules\googleapis-common\node_modules\https-proxy-agent\dist\index.js","7.28","7/11/2026 2:24:44 PM"
"NODE_MODULES","node_modules\googleapis-common\node_modules\https-proxy-agent\dist\parse-proxy-response.js","3.82","7/11/2026 2:24:44 PM"
"NODE_MODULES","node_modules\googleapis-common\node_modules\node-fetch\src\body.js","9.62","7/11/2026 2:24:44 PM"
"NODE_MODULES","node_modules\googleapis-common\node_modules\node-fetch\src\headers.js","6.77","7/11/2026 2:24:48 PM"
"NODE_MODULES","node_modules\googleapis-common\node_modules\node-fetch\src\index.js","12.61","7/11/2026 2:24:48 PM"
"NODE_MODULES","node_modules\googleapis-common\node_modules\node-fetch\src\request.js","8.42","7/11/2026 2:24:50 PM"
"NODE_MODULES","node_modules\googleapis-common\node_modules\node-fetch\src\response.js","3.35","7/11/2026 2:24:50 PM"
"NODE_MODULES","node_modules\googleapis-common\node_modules\node-fetch\src\errors\abort-error.js","0.21","7/11/2026 2:24:34 PM"
"NODE_MODULES","node_modules\googleapis-common\node_modules\node-fetch\src\errors\base.js","0.34","7/11/2026 2:24:42 PM"
"NODE_MODULES","node_modules\googleapis-common\node_modules\node-fetch\src\errors\fetch-error.js","0.85","7/11/2026 2:24:46 PM"
"NODE_MODULES","node_modules\googleapis-common\node_modules\node-fetch\src\utils\get-search.js","0.29","7/11/2026 2:24:48 PM"
"NODE_MODULES","node_modules\googleapis-common\node_modules\node-fetch\src\utils\is-redirect.js","0.22","7/11/2026 2:24:50 PM"
"NODE_MODULES","node_modules\googleapis-common\node_modules\node-fetch\src\utils\is.js","2.19","7/11/2026 2:24:50 PM"
"NODE_MODULES","node_modules\googleapis-common\node_modules\node-fetch\src\utils\multipart-parser.js","9.42","7/11/2026 2:24:50 PM"
"NODE_MODULES","node_modules\googleapis-common\node_modules\node-fetch\src\utils\referrer.js","11.57","7/11/2026 2:24:50 PM"
"NODE_MODULES","node_modules\googleapis-common\node_modules\gcp-metadata\build\src\gcp-residency.js","4.32","7/11/2026 2:24:40 PM"
"NODE_MODULES","node_modules\googleapis-common\node_modules\gcp-metadata\build\src\index.js","15.01","7/11/2026 2:24:44 PM"
"NODE_MODULES","node_modules\googleapis-common\node_modules\gtoken\build\esm\src\index.js","8.77","7/11/2026 2:24:44 PM"
"NODE_MODULES","node_modules\googleapis-common\node_modules\agent-base\dist\helpers.js","2.26","7/11/2026 2:24:38 PM"
"NODE_MODULES","node_modules\googleapis-common\node_modules\agent-base\dist\index.js","7.15","7/11/2026 2:24:44 PM"
"NODE_MODULES","node_modules\googleapis-common\node_modules\gaxios\build\cjs\src\common.js","11.41","7/11/2026 2:24:50 PM"
"NODE_MODULES","node_modules\googleapis-common\node_modules\gaxios\build\cjs\src\gaxios.js","21.85","7/11/2026 2:24:50 PM"
"NODE_MODULES","node_modules\googleapis-common\node_modules\gaxios\build\cjs\src\index.js","2.09","7/11/2026 2:24:52 PM"
"NODE_MODULES","node_modules\googleapis-common\node_modules\gaxios\build\cjs\src\interceptor.js","0.92","7/11/2026 2:24:52 PM"
"NODE_MODULES","node_modules\googleapis-common\node_modules\gaxios\build\cjs\src\retry.js","6.11","7/11/2026 2:24:52 PM"
"NODE_MODULES","node_modules\googleapis-common\node_modules\gaxios\build\cjs\browser-test\browser-test-runner.js","4.11","7/11/2026 2:24:48 PM"
"NODE_MODULES","node_modules\googleapis-common\node_modules\gaxios\build\cjs\browser-test\test.browser.js","3.45","7/11/2026 2:24:54 PM"
"NODE_MODULES","node_modules\googleapis-common\node_modules\gaxios\build\cjs\test\test.getch.js","65.49","7/11/2026 2:24:54 PM"
"NODE_MODULES","node_modules\googleapis-common\node_modules\gaxios\build\cjs\test\test.index.js","2.55","7/11/2026 2:24:56 PM"
"NODE_MODULES","node_modules\googleapis-common\node_modules\gaxios\build\cjs\test\test.retry.js","14.27","7/11/2026 2:24:56 PM"
"NODE_MODULES","node_modules\googleapis-common\node_modules\gaxios\build\cjs\system-test\test.install.js","4.84","7/11/2026 2:24:56 PM"
"NODE_MODULES","node_modules\googleapis-common\node_modules\gaxios\build\esm\src\common.js","10.96","7/11/2026 2:24:50 PM"
"NODE_MODULES","node_modules\googleapis-common\node_modules\gaxios\build\esm\src\gaxios.js","21.45","7/11/2026 2:24:52 PM"
"NODE_MODULES","node_modules\googleapis-common\node_modules\gaxios\build\esm\src\index.js","1.02","7/11/2026 2:24:52 PM"
"NODE_MODULES","node_modules\googleapis-common\node_modules\gaxios\build\esm\src\interceptor.js","0.75","7/11/2026 2:24:52 PM"
"NODE_MODULES","node_modules\googleapis-common\node_modules\gaxios\build\esm\src\retry.js","6","7/11/2026 2:24:54 PM"
"NODE_MODULES","node_modules\googleapis-common\node_modules\gaxios\build\esm\browser-test\browser-test-runner.js","2.45","7/11/2026 2:24:50 PM"
"NODE_MODULES","node_modules\googleapis-common\node_modules\gaxios\build\esm\browser-test\test.browser.js","3.02","7/11/2026 2:24:54 PM"
"NODE_MODULES","node_modules\googleapis-common\node_modules\gaxios\build\esm\test\test.getch.js","58.37","7/11/2026 2:24:54 PM"
"NODE_MODULES","node_modules\googleapis-common\node_modules\gaxios\build\esm\test\test.index.js","0.91","7/11/2026 2:24:56 PM"
"NODE_MODULES","node_modules\googleapis-common\node_modules\gaxios\build\esm\test\test.retry.js","12.61","7/11/2026 2:24:56 PM"
"NODE_MODULES","node_modules\googleapis-common\node_modules\gaxios\build\esm\system-test\test.install.js","4.14","7/11/2026 2:24:56 PM"
"NODE_MODULES","node_modules\googleapis-common\node_modules\google-auth-library\build\src\index.js","6.32","7/11/2026 2:24:56 PM"
"NODE_MODULES","node_modules\googleapis-common\node_modules\google-auth-library\build\src\util.js","5.26","7/11/2026 2:24:58 PM"
"NODE_MODULES","node_modules\googleapis-common\node_modules\google-auth-library\build\src\auth\authclient.js","10.98","7/11/2026 2:24:46 PM"
"NODE_MODULES","node_modules\googleapis-common\node_modules\google-auth-library\build\src\auth\awsclient.js","7.38","7/11/2026 2:24:48 PM"
"NODE_MODULES","node_modules\googleapis-common\node_modules\google-auth-library\build\src\auth\awsrequestsigner.js","9.22","7/11/2026 2:24:48 PM"
"NODE_MODULES","node_modules\googleapis-common\node_modules\google-auth-library\build\src\auth\baseexternalclient.js","20.3","7/11/2026 2:24:50 PM"
"NODE_MODULES","node_modules\googleapis-common\node_modules\google-auth-library\build\src\auth\certificatesubjecttokensupplier.js","10.37","7/11/2026 2:24:50 PM"
"NODE_MODULES","node_modules\googleapis-common\node_modules\google-auth-library\build\src\auth\computeclient.js","4.39","7/11/2026 2:24:50 PM"
"NODE_MODULES","node_modules\googleapis-common\node_modules\google-auth-library\build\src\auth\credentials.js","0.69","7/11/2026 2:24:50 PM"
"NODE_MODULES","node_modules\googleapis-common\node_modules\google-auth-library\build\src\auth\defaultawssecuritycredentialssupplier.js","8.98","7/11/2026 2:24:52 PM"
"NODE_MODULES","node_modules\googleapis-common\node_modules\google-auth-library\build\src\auth\downscopedclient.js","12.06","7/11/2026 2:24:54 PM"
"NODE_MODULES","node_modules\googleapis-common\node_modules\google-auth-library\build\src\auth\envDetect.js","2.76","7/11/2026 2:24:54 PM"
"NODE_MODULES","node_modules\googleapis-common\node_modules\google-auth-library\build\src\auth\executable-response.js","7.34","7/11/2026 2:24:54 PM"
"NODE_MODULES","node_modules\googleapis-common\node_modules\google-auth-library\build\src\auth\externalAccountAuthorizedUserClient.js","9.74","7/11/2026 2:24:54 PM"
"NODE_MODULES","node_modules\googleapis-common\node_modules\google-auth-library\build\src\auth\externalclient.js","2.98","7/11/2026 2:24:54 PM"
"NODE_MODULES","node_modules\googleapis-common\node_modules\google-auth-library\build\src\auth\filesubjecttokensupplier.js","3.43","7/11/2026 2:24:54 PM"
"NODE_MODULES","node_modules\googleapis-common\node_modules\google-auth-library\build\src\auth\googleauth.js","35.52","7/11/2026 2:24:56 PM"
"NODE_MODULES","node_modules\googleapis-common\node_modules\google-auth-library\build\src\auth\iam.js","1.34","7/11/2026 2:24:56 PM"
"NODE_MODULES","node_modules\googleapis-common\node_modules\google-auth-library\build\src\auth\identitypoolclient.js","6.62","7/11/2026 2:24:56 PM"
"NODE_MODULES","node_modules\googleapis-common\node_modules\google-auth-library\build\src\auth\idtokenclient.js","2.06","7/11/2026 2:24:56 PM"
"NODE_MODULES","node_modules\googleapis-common\node_modules\google-auth-library\build\src\auth\impersonated.js","8.45","7/11/2026 2:24:56 PM"
"NODE_MODULES","node_modules\googleapis-common\node_modules\google-auth-library\build\src\auth\jwtaccess.js","7.04","7/11/2026 2:24:56 PM"
"NODE_MODULES","node_modules\googleapis-common\node_modules\google-auth-library\build\src\auth\jwtclient.js","10.85","7/11/2026 2:24:56 PM"
"NODE_MODULES","node_modules\googleapis-common\node_modules\google-auth-library\build\src\auth\loginticket.js","1.75","7/11/2026 2:24:56 PM"
"NODE_MODULES","node_modules\googleapis-common\node_modules\google-auth-library\build\src\auth\oauth2client.js","32.87","7/11/2026 2:24:56 PM"
"NODE_MODULES","node_modules\googleapis-common\node_modules\google-auth-library\build\src\auth\oauth2common.js","7.89","7/11/2026 2:24:56 PM"
"NODE_MODULES","node_modules\googleapis-common\node_modules\google-auth-library\build\src\auth\passthrough.js","1.8","7/11/2026 2:24:56 PM"
"NODE_MODULES","node_modules\googleapis-common\node_modules\google-auth-library\build\src\auth\pluggable-auth-client.js","9.77","7/11/2026 2:24:58 PM"
"NODE_MODULES","node_modules\googleapis-common\node_modules\google-auth-library\build\src\auth\pluggable-auth-handler.js","7.09","7/11/2026 2:24:58 PM"
"NODE_MODULES","node_modules\googleapis-common\node_modules\google-auth-library\build\src\auth\refreshclient.js","6.46","7/11/2026 2:24:58 PM"
"NODE_MODULES","node_modules\googleapis-common\node_modules\google-auth-library\build\src\auth\stscredentials.js","4.59","7/11/2026 2:24:58 PM"
"NODE_MODULES","node_modules\googleapis-common\node_modules\google-auth-library\build\src\auth\urlsubjecttokensupplier.js","2.75","7/11/2026 2:24:58 PM"
"NODE_MODULES","node_modules\googleapis-common\node_modules\google-auth-library\build\src\crypto\crypto.js","2.28","7/11/2026 2:24:52 PM"
"NODE_MODULES","node_modules\googleapis-common\node_modules\google-auth-library\build\src\crypto\shared.js","1.21","7/11/2026 2:24:58 PM"
"NODE_MODULES","node_modules\googleapis-common\node_modules\google-auth-library\build\src\crypto\browser\crypto.js","5.32","7/11/2026 2:24:52 PM"
"NODE_MODULES","node_modules\googleapis-common\node_modules\google-auth-library\build\src\crypto\node\crypto.js","3.1","7/11/2026 2:24:52 PM"
"NODE_MODULES","node_modules\googleapis-common\build\src\api.js","0.67","7/11/2026 2:24:40 PM"
"NODE_MODULES","node_modules\googleapis-common\build\src\apiIndex.js","1.37","7/11/2026 2:24:44 PM"
"NODE_MODULES","node_modules\googleapis-common\build\src\apirequest.js","14.15","7/11/2026 2:24:44 PM"
"NODE_MODULES","node_modules\googleapis-common\build\src\authplus.js","1.93","7/11/2026 2:24:48 PM"
"NODE_MODULES","node_modules\googleapis-common\build\src\discovery.js","5.26","7/11/2026 2:24:48 PM"
"NODE_MODULES","node_modules\googleapis-common\build\src\endpoint.js","5.23","7/11/2026 2:24:50 PM"
"NODE_MODULES","node_modules\googleapis-common\build\src\http2.js","8.81","7/11/2026 2:24:50 PM"
"NODE_MODULES","node_modules\googleapis-common\build\src\index.js","4.23","7/11/2026 2:24:50 PM"
"NODE_MODULES","node_modules\googleapis-common\build\src\isbrowser.js","0.78","7/11/2026 2:24:50 PM"
"NODE_MODULES","node_modules\googleapis-common\build\src\schema.js","0.78","7/11/2026 2:24:50 PM"
"NODE_MODULES","node_modules\googleapis-common\build\src\util.js","1.9","7/11/2026 2:24:50 PM"
"NODE_MODULES","node_modules\@isaacs\cliui\build\lib\index.js","9.86","7/11/2026 2:24:44 PM"
"NODE_MODULES","node_modules\@pkgjs\parseargs\index.js","12.63","7/11/2026 2:24:44 PM"
"NODE_MODULES","node_modules\@pkgjs\parseargs\utils.js","6.1","7/11/2026 2:24:50 PM"
"NODE_MODULES","node_modules\@pkgjs\parseargs\internal\errors.js","1.4","7/11/2026 2:24:40 PM"
"NODE_MODULES","node_modules\@pkgjs\parseargs\internal\primordials.js","11.67","7/11/2026 2:24:48 PM"
"NODE_MODULES","node_modules\@pkgjs\parseargs\internal\util.js","0.23","7/11/2026 2:24:50 PM"
"NODE_MODULES","node_modules\@pkgjs\parseargs\internal\validators.js","2.19","7/11/2026 2:24:50 PM"
"NODE_MODULES","node_modules\@pkgjs\parseargs\examples\is-default-value.js","0.75","7/11/2026 2:24:44 PM"
"NODE_MODULES","node_modules\@pkgjs\parseargs\examples\limit-long-syntax.js","1.05","7/11/2026 2:24:46 PM"
"NODE_MODULES","node_modules\@pkgjs\parseargs\examples\negate.js","1.28","7/11/2026 2:24:48 PM"
"NODE_MODULES","node_modules\@pkgjs\parseargs\examples\no-repeated-options.js","0.88","7/11/2026 2:24:48 PM"
"NODE_MODULES","node_modules\@pkgjs\parseargs\examples\simple-hard-coded.js","0.53","7/11/2026 2:24:50 PM"
"NODE_MODULES","node_modules\string-width-cjs\index.js","0.9","7/11/2026 2:24:36 PM"
"NODE_MODULES","node_modules\string-width-cjs\node_modules\ansi-regex\index.js","0.34","7/11/2026 2:24:38 PM"
"NODE_MODULES","node_modules\string-width-cjs\node_modules\emoji-regex\index.js","10.04","7/11/2026 2:24:40 PM"
"NODE_MODULES","node_modules\string-width-cjs\node_modules\emoji-regex\text.js","10.05","7/11/2026 2:24:44 PM"
"NODE_MODULES","node_modules\string-width-cjs\node_modules\emoji-regex\es2015\index.js","10.84","7/11/2026 2:24:46 PM"
"NODE_MODULES","node_modules\string-width-cjs\node_modules\emoji-regex\es2015\text.js","10.84","7/11/2026 2:24:48 PM"
"NODE_MODULES","node_modules\string-width-cjs\node_modules\strip-ansi\index.js","0.15","7/11/2026 2:24:38 PM"
"NODE_MODULES","node_modules\wrap-ansi-cjs\index.js","5.64","7/11/2026 2:24:36 PM"
"NODE_MODULES","node_modules\wrap-ansi-cjs\node_modules\strip-ansi\index.js","0.15","7/11/2026 2:24:38 PM"
"NODE_MODULES","node_modules\wrap-ansi-cjs\node_modules\emoji-regex\index.js","10.04","7/11/2026 2:24:40 PM"
"NODE_MODULES","node_modules\wrap-ansi-cjs\node_modules\emoji-regex\text.js","10.05","7/11/2026 2:24:44 PM"
"NODE_MODULES","node_modules\wrap-ansi-cjs\node_modules\emoji-regex\es2015\index.js","10.84","7/11/2026 2:24:46 PM"
"NODE_MODULES","node_modules\wrap-ansi-cjs\node_modules\emoji-regex\es2015\text.js","10.84","7/11/2026 2:24:48 PM"
"NODE_MODULES","node_modules\wrap-ansi-cjs\node_modules\ansi-regex\index.js","0.34","7/11/2026 2:24:38 PM"
"NODE_MODULES","node_modules\wrap-ansi-cjs\node_modules\string-width\index.js","0.9","7/11/2026 2:24:38 PM"
"NODE_MODULES","node_modules\wrap-ansi-cjs\node_modules\ansi-styles\index.js","4.04","7/11/2026 2:24:38 PM"
"NODE_MODULES","node_modules\strip-ansi-cjs\index.js","0.15","7/11/2026 2:24:36 PM"
"NODE_MODULES","node_modules\strip-ansi-cjs\node_modules\ansi-regex\index.js","0.34","7/11/2026 2:24:38 PM"
"LEGACY","_LEGACY_BUILDS\build006_patch\payload\StartMiles.js","3.75","6/30/2026 9:20:20 PM"
"LEGACY","_LEGACY_BUILDS\build006_patch\payload\SERVICES\OutboundService.js","17.95","6/30/2026 9:20:20 PM"
"LEGACY","_LEGACY_BUILDS\build006_patch\payload\TESTS\healthcheck.js","0.97","6/30/2026 9:20:20 PM"
"LEGACY","_LEGACY_BUILDS\build006_patch\payload\TESTS\outbound_audit.js","0.17","6/30/2026 9:20:20 PM"
"LEGACY","_LEGACY_BUILDS\BUILDER\ArchitectureDiscovery.js","10.81","7/3/2026 11:34:08 PM"
"LEGACY","_LEGACY_BUILDS\BUILDER\BuilderService.js","6.63","7/7/2026 11:13:20 AM"
"LEGACY","_LEGACY_BUILDS\BUILDER\BuilderService.previous.js","3.72","7/4/2026 2:09:34 AM"
"LEGACY","_LEGACY_BUILDS\BUILDER\BuildPlanner.js","1.25","6/29/2026 6:30:48 PM"
"LEGACY","_LEGACY_BUILDS\BUILDER\ConnectorBuilder.js","2.24","6/29/2026 6:38:40 PM"
"LEGACY","_LEGACY_BUILDS\BUILDER\FileEditor.js","0.76","6/29/2026 6:09:20 PM"
"LEGACY","_LEGACY_BUILDS\BUILDER\GitManager.js","0.7","6/29/2026 6:09:20 PM"
"LEGACY","_LEGACY_BUILDS\BUILDER\index.js","0.47","7/3/2026 6:27:00 PM"
"LEGACY","_LEGACY_BUILDS\BUILDER\ProjectAnalyzer.js","3.31","6/29/2026 6:12:34 PM"
"LEGACY","_LEGACY_BUILDS\BUILDER\ProjectScanner.js","1.68","6/29/2026 6:09:20 PM"
"LEGACY","_LEGACY_BUILDS\BUILDER\RuntimeController.js","0.55","6/29/2026 6:09:20 PM"
"LEGACY","_LEGACY_BUILDS\BUILD_007\SERVICES\SalesOperationsService.js","6.97","6/30/2026 9:40:34 PM"
"LEGACY","_LEGACY_BUILDS\BUILD_007\TESTS\sales_healthcheck.js","0.9","6/30/2026 9:40:34 PM"
"LEGACY","_LEGACY_BUILDS\BUILD_012\BUILD_012\SERVICES\AutonomousCOOLoopService.js","4.61","7/1/2026 1:26:16 AM"
"LEGACY","_LEGACY_BUILDS\BUILD_012\BUILD_012\SERVICES\WorkQueueService.js","10.94","7/1/2026 1:26:16 AM"
"LEGACY","_LEGACY_BUILDS\BUILD_012\BUILD_012\TESTS\test_autonomous_coo_loop.js","0.29","7/1/2026 1:26:16 AM"
"LEGACY","_LEGACY_BUILDS\BUILD_013\BUILD_013\SERVICES\AutonomousCOOLoopService.js","2.49","7/1/2026 1:31:42 AM"
"LEGACY","_LEGACY_BUILDS\BUILD_013\BUILD_013\SERVICES\COOOrchestratorService.js","4.51","7/1/2026 1:31:42 AM"
"LEGACY","_LEGACY_BUILDS\BUILD_013\BUILD_013\TESTS\test_autonomous_coo_loop.js","0.33","7/1/2026 1:31:42 AM"
"LEGACY","_LEGACY_BUILDS\BUILD_013\BUILD_013\TESTS\test_coo_orchestrator.js","0.63","7/1/2026 1:31:42 AM"
"LEGACY","_LEGACY_BUILDS\BUILD_014\BUILD_014\SERVICES\WorkQueueService.js","16.83","7/1/2026 1:48:16 AM"
"LEGACY","_LEGACY_BUILDS\BUILD_014\BUILD_014\TESTS\test_work_queue.js","0.78","7/1/2026 1:48:16 AM"
"LEGACY","_LEGACY_BUILDS\BUILD_015\BUILD_015\SERVICES\COOOrchestratorService.js","7.04","7/1/2026 1:55:52 AM"
"LEGACY","_LEGACY_BUILDS\BUILD_015\BUILD_015\TESTS\test_coo_orchestrator.js","0.65","7/1/2026 1:55:52 AM"
"LEGACY","_LEGACY_BUILDS\BUILD_036_CONTINUOUS_COO_LOOP\BUILD_036_CONTINUOUS_COO_LOOP\BUILDER\BuilderService.js","3.06","7/4/2026 1:29:10 AM"
"LEGACY","_LEGACY_BUILDS\BUILD_036_CONTINUOUS_COO_LOOP\BUILD_036_CONTINUOUS_COO_LOOP\SERVICES\ContinuousCOOLoopService.js","8.57","7/4/2026 1:30:00 AM"
"LEGACY","_LEGACY_BUILDS\BUILD_036_CONTINUOUS_COO_LOOP\BUILD_036_CONTINUOUS_COO_LOOP\SERVICES\HeartbeatService.js","1.2","7/4/2026 1:29:32 AM"
"LEGACY","_LEGACY_BUILDS\BUILD_036_CONTINUOUS_COO_LOOP\BUILD_036_CONTINUOUS_COO_LOOP\SERVICES\JsonFileService.js","1.09","7/4/2026 1:29:10 AM"
"LEGACY","_LEGACY_BUILDS\BUILD_036_CONTINUOUS_COO_LOOP\BUILD_036_CONTINUOUS_COO_LOOP\SERVICES\LoopSchedulerService.js","1.12","7/4/2026 1:30:00 AM"
"LEGACY","_LEGACY_BUILDS\BUILD_036_CONTINUOUS_COO_LOOP\BUILD_036_CONTINUOUS_COO_LOOP\SERVICES\QueueRecoveryService.js","4.92","7/4/2026 1:29:32 AM"
"LEGACY","_LEGACY_BUILDS\BUILD_036_CONTINUOUS_COO_LOOP\BUILD_036_CONTINUOUS_COO_LOOP\SERVICES\RestartGuardianService.js","1.54","7/4/2026 1:30:00 AM"
"LEGACY","_LEGACY_BUILDS\BUILD_036_CONTINUOUS_COO_LOOP\BUILD_036_CONTINUOUS_COO_LOOP\SERVICES\RuntimeHealthService.js","2.22","7/4/2026 1:29:32 AM"
"LEGACY","_LEGACY_BUILDS\BUILD_036_CONTINUOUS_COO_LOOP\BUILD_036_CONTINUOUS_COO_LOOP\SERVICES\TimeUtil.js","0.57","7/4/2026 1:29:10 AM"
"LEGACY","_LEGACY_BUILDS\BUILD_036_CONTINUOUS_COO_LOOP\BUILD_036_CONTINUOUS_COO_LOOP\VERIFY\VERIFY_COO_LOOP.js","1.87","7/4/2026 1:30:24 AM"
"LEGACY","_LEGACY_BUILDS\BUILD_037_EXECUTIVE_DASHBOARD\BUILD_037_EXECUTIVE_DASHBOARD\BUILDER\BuilderService.js","3.18","7/4/2026 1:48:50 AM"
"LEGACY","_LEGACY_BUILDS\BUILD_037_EXECUTIVE_DASHBOARD\BUILD_037_EXECUTIVE_DASHBOARD\SERVICES\DashboardDataService.js","16.61","7/4/2026 1:48:24 AM"
"LEGACY","_LEGACY_BUILDS\BUILD_037_EXECUTIVE_DASHBOARD\BUILD_037_EXECUTIVE_DASHBOARD\SERVICES\DashboardServerService.js","2.13","7/4/2026 1:48:24 AM"
"LEGACY","_LEGACY_BUILDS\BUILD_037_EXECUTIVE_DASHBOARD\BUILD_037_EXECUTIVE_DASHBOARD\SERVICES\ExecutiveDashboardService.js","12.29","7/4/2026 1:48:24 AM"
"LEGACY","_LEGACY_BUILDS\BUILD_038_SELF_LEARNING_LAYER\BUILD_038_SELF_LEARNING_LAYER\BUILDER\BuilderService.js","2.48","7/4/2026 1:55:46 AM"
"LEGACY","_LEGACY_BUILDS\BUILD_038_SELF_LEARNING_LAYER\BUILD_038_SELF_LEARNING_LAYER\SERVICES\ConfidenceScoringService.js","1.67","7/4/2026 1:55:46 AM"
"LEGACY","_LEGACY_BUILDS\BUILD_038_SELF_LEARNING_LAYER\BUILD_038_SELF_LEARNING_LAYER\SERVICES\DecisionLearningService.js","1.86","7/4/2026 1:55:46 AM"
"LEGACY","_LEGACY_BUILDS\BUILD_038_SELF_LEARNING_LAYER\BUILD_038_SELF_LEARNING_LAYER\SERVICES\FailureLearningService.js","1.96","7/4/2026 1:55:46 AM"
"LEGACY","_LEGACY_BUILDS\BUILD_038_SELF_LEARNING_LAYER\BUILD_038_SELF_LEARNING_LAYER\SERVICES\LearningDataService.js","2.75","7/4/2026 1:55:46 AM"
"LEGACY","_LEGACY_BUILDS\BUILD_038_SELF_LEARNING_LAYER\BUILD_038_SELF_LEARNING_LAYER\SERVICES\PriorityOptimizationService.js","1.61","7/4/2026 1:55:46 AM"
"LEGACY","_LEGACY_BUILDS\BUILD_038_SELF_LEARNING_LAYER\BUILD_038_SELF_LEARNING_LAYER\SERVICES\RecommendationEngineService.js","1.84","7/4/2026 1:55:46 AM"
"LEGACY","_LEGACY_BUILDS\BUILD_038_SELF_LEARNING_LAYER\BUILD_038_SELF_LEARNING_LAYER\SERVICES\RoutingLearningService.js","2.08","7/4/2026 1:55:46 AM"
"LEGACY","_LEGACY_BUILDS\BUILD_038_SELF_LEARNING_LAYER\BUILD_038_SELF_LEARNING_LAYER\SERVICES\SelfLearningService.js","5.11","7/4/2026 1:55:46 AM"
"LEGACY","_LEGACY_BUILDS\Drop in\CONNECTORS\GOOGLE\auth.js","2.17","6/29/2026 12:07:04 AM"
"LEGACY","_LEGACY_BUILDS\Drop in\CONNECTORS\GOOGLE\calendar.js","0.85","6/29/2026 12:07:04 AM"
"LEGACY","_LEGACY_BUILDS\Drop in\CONNECTORS\GOOGLE\config.js","0.66","6/29/2026 12:07:04 AM"
"LEGACY","_LEGACY_BUILDS\Drop in\CONNECTORS\GOOGLE\contacts.js","0.74","6/29/2026 12:07:04 AM"
"LEGACY","_LEGACY_BUILDS\Drop in\CONNECTORS\GOOGLE\drive.js","0.71","6/29/2026 12:07:04 AM"
"LEGACY","_LEGACY_BUILDS\Drop in\CONNECTORS\GOOGLE\gmail.js","0.96","6/29/2026 12:07:04 AM"
"LEGACY","_LEGACY_BUILDS\Drop in\CONNECTORS\GOOGLE\index.js","1.01","6/29/2026 12:07:04 AM"
"LEGACY","_LEGACY_BUILDS\event-bus\emitter.js","0.28","7/2/2026 9:34:26 PM"
"LEGACY","_LEGACY_BUILDS\EXEC_001_UNIFIED_ACTION_ENGINE\EXEC_001_UNIFIED_ACTION_ENGINE\BUILDER\BuilderService.js","3.72","7/4/2026 2:09:34 AM"
"LEGACY","_LEGACY_BUILDS\EXEC_001_UNIFIED_ACTION_ENGINE\EXEC_001_UNIFIED_ACTION_ENGINE\SERVICES\ActionAuditService.js","1.56","7/4/2026 2:09:10 AM"
"LEGACY","_LEGACY_BUILDS\EXEC_001_UNIFIED_ACTION_ENGINE\EXEC_001_UNIFIED_ACTION_ENGINE\SERVICES\ActionDispatcherService.js","3.99","7/4/2026 2:09:10 AM"
"LEGACY","_LEGACY_BUILDS\EXEC_001_UNIFIED_ACTION_ENGINE\EXEC_001_UNIFIED_ACTION_ENGINE\SERVICES\ActionEngineService.js","10.62","7/4/2026 2:09:10 AM"
"LEGACY","_LEGACY_BUILDS\EXEC_001_UNIFIED_ACTION_ENGINE\EXEC_001_UNIFIED_ACTION_ENGINE\SERVICES\ActionHistoryService.js","1.95","7/4/2026 2:09:10 AM"
"LEGACY","_LEGACY_BUILDS\EXEC_001_UNIFIED_ACTION_ENGINE\EXEC_001_UNIFIED_ACTION_ENGINE\SERVICES\ActionRetryService.js","0.94","7/4/2026 2:09:10 AM"
"LEGACY","_LEGACY_BUILDS\EXEC_001_UNIFIED_ACTION_ENGINE\EXEC_001_UNIFIED_ACTION_ENGINE\SERVICES\ActionVerificationService.js","2.25","7/4/2026 2:09:10 AM"
"LEGACY","_LEGACY_BUILDS\EXEC_001_UNIFIED_ACTION_ENGINE\EXEC_001_UNIFIED_ACTION_ENGINE\SERVICES\ProviderRegistryService.js","12.13","7/4/2026 2:09:10 AM"
"LEGACY","_LEGACY_BUILDS\EXEC_002_PROVIDER_CONTROLLERS\EXEC_002_PROVIDER_CONTROLLERS\BUILDER\BuilderService.js","1.66","7/4/2026 2:18:50 AM"
"LEGACY","_LEGACY_BUILDS\EXEC_002_PROVIDER_CONTROLLERS\EXEC_002_PROVIDER_CONTROLLERS\BUILDER\index.js","0.35","7/4/2026 2:18:50 AM"
"LEGACY","_LEGACY_BUILDS\EXEC_002_PROVIDER_CONTROLLERS\EXEC_002_PROVIDER_CONTROLLERS\SERVICES\BaseProviderController.js","3.82","7/4/2026 2:18:28 AM"
"LEGACY","_LEGACY_BUILDS\EXEC_002_PROVIDER_CONTROLLERS\EXEC_002_PROVIDER_CONTROLLERS\SERVICES\FileSystemProviderController.js","2.41","7/4/2026 2:18:28 AM"
"LEGACY","_LEGACY_BUILDS\EXEC_002_PROVIDER_CONTROLLERS\EXEC_002_PROVIDER_CONTROLLERS\SERVICES\GoogleWorkspaceProviderController.js","0.55","7/4/2026 2:18:28 AM"
"LEGACY","_LEGACY_BUILDS\EXEC_002_PROVIDER_CONTROLLERS\EXEC_002_PROVIDER_CONTROLLERS\SERVICES\InstantlyProviderController.js","0.71","7/4/2026 2:18:28 AM"
"LEGACY","_LEGACY_BUILDS\EXEC_002_PROVIDER_CONTROLLERS\EXEC_002_PROVIDER_CONTROLLERS\SERVICES\NamecheapProviderController.js","0.59","7/4/2026 2:18:28 AM"
"LEGACY","_LEGACY_BUILDS\EXEC_002_PROVIDER_CONTROLLERS\EXEC_002_PROVIDER_CONTROLLERS\SERVICES\OrionProviderController.js","0.48","7/4/2026 2:18:28 AM"
"LEGACY","_LEGACY_BUILDS\EXEC_002_PROVIDER_CONTROLLERS\EXEC_002_PROVIDER_CONTROLLERS\SERVICES\ProviderControllerExecutionService.js","2.06","7/4/2026 2:18:50 AM"
"LEGACY","_LEGACY_BUILDS\EXEC_002_PROVIDER_CONTROLLERS\EXEC_002_PROVIDER_CONTROLLERS\SERVICES\ProviderControllerHealthService.js","1.25","7/4/2026 2:18:50 AM"
"LEGACY","_LEGACY_BUILDS\EXEC_002_PROVIDER_CONTROLLERS\EXEC_002_PROVIDER_CONTROLLERS\SERVICES\ProviderControllerRegistryService.js","2.24","7/4/2026 2:18:50 AM"
"LEGACY","_LEGACY_BUILDS\EXEC_002_PROVIDER_CONTROLLERS\EXEC_002_PROVIDER_CONTROLLERS\SERVICES\WebsiteProviderController.js","0.49","7/4/2026 2:18:28 AM"
"LEGACY","_LEGACY_BUILDS\EXEC_003_INSTANTLY_LIVE_INTEGRATION\EXEC_003_INSTANTLY_LIVE_INTEGRATION\BUILDER\BuilderService.js","3.13","7/4/2026 2:27:12 AM"
"LEGACY","_LEGACY_BUILDS\EXEC_003_INSTANTLY_LIVE_INTEGRATION\EXEC_003_INSTANTLY_LIVE_INTEGRATION\SERVICES\InstantlyActionBridgeService.js","3.38","7/4/2026 2:26:50 AM"
"LEGACY","_LEGACY_BUILDS\EXEC_003_INSTANTLY_LIVE_INTEGRATION\EXEC_003_INSTANTLY_LIVE_INTEGRATION\SERVICES\InstantlyApiClient.js","3.48","7/4/2026 2:26:50 AM"
"LEGACY","_LEGACY_BUILDS\EXEC_003_INSTANTLY_LIVE_INTEGRATION\EXEC_003_INSTANTLY_LIVE_INTEGRATION\SERVICES\InstantlyLiveIntegrationService.js","2.59","7/4/2026 2:26:50 AM"
"LEGACY","_LEGACY_BUILDS\EXEC_003_INSTANTLY_LIVE_INTEGRATION\EXEC_003_INSTANTLY_LIVE_INTEGRATION\SERVICES\InstantlyLiveProviderController.js","7.51","7/4/2026 2:26:50 AM"
"LEGACY","_LEGACY_BUILDS\EXEC_004_CONTROLLED_WRITE_MODE\EXEC_004_CONTROLLED_WRITE_MODE\BUILDER\BuilderService.js","1.96","7/4/2026 2:44:14 AM"
"LEGACY","_LEGACY_BUILDS\EXEC_004_CONTROLLED_WRITE_MODE\EXEC_004_CONTROLLED_WRITE_MODE\BUILDER\index.js","0.54","7/4/2026 2:44:14 AM"
"LEGACY","_LEGACY_BUILDS\EXEC_004_CONTROLLED_WRITE_MODE\EXEC_004_CONTROLLED_WRITE_MODE\SERVICES\ControlledWriteAuditService.js","1.14","7/4/2026 2:44:14 AM"
"LEGACY","_LEGACY_BUILDS\EXEC_004_CONTROLLED_WRITE_MODE\EXEC_004_CONTROLLED_WRITE_MODE\SERVICES\ControlledWritePolicyService.js","4.59","7/4/2026 2:44:14 AM"
"LEGACY","_LEGACY_BUILDS\EXEC_004_CONTROLLED_WRITE_MODE\EXEC_004_CONTROLLED_WRITE_MODE\SERVICES\ControlledWriteService.js","2.5","7/4/2026 2:44:14 AM"
"LEGACY","_LEGACY_BUILDS\EXEC_004_CONTROLLED_WRITE_MODE\EXEC_004_CONTROLLED_WRITE_MODE\SERVICES\InstantlyControlledWriteService.js","6.52","7/4/2026 2:44:14 AM"
"LEGACY","_LEGACY_BUILDS\EXEC_005_BUSINESS_EXECUTION_ENGINE\EXEC_005_BUSINESS_EXECUTION_ENGINE\BUILDER\BuilderService.js","2.46","7/4/2026 2:49:28 AM"
"LEGACY","_LEGACY_BUILDS\EXEC_005_BUSINESS_EXECUTION_ENGINE\EXEC_005_BUSINESS_EXECUTION_ENGINE\BUILDER\index.js","0.46","7/4/2026 2:49:28 AM"
"LEGACY","_LEGACY_BUILDS\EXEC_005_BUSINESS_EXECUTION_ENGINE\EXEC_005_BUSINESS_EXECUTION_ENGINE\SERVICES\BusinessExecutionEngineService.js","4.12","7/4/2026 2:49:28 AM"
"LEGACY","_LEGACY_BUILDS\EXEC_005_BUSINESS_EXECUTION_ENGINE\EXEC_005_BUSINESS_EXECUTION_ENGINE\SERVICES\EscalationManagerService.js","0.81","7/4/2026 2:49:04 AM"
"LEGACY","_LEGACY_BUILDS\EXEC_005_BUSINESS_EXECUTION_ENGINE\EXEC_005_BUSINESS_EXECUTION_ENGINE\SERVICES\ExecutionAuditService.js","1.24","7/4/2026 2:49:04 AM"
"LEGACY","_LEGACY_BUILDS\EXEC_005_BUSINESS_EXECUTION_ENGINE\EXEC_005_BUSINESS_EXECUTION_ENGINE\SERVICES\ExecutionDispatcherService.js","2.73","7/4/2026 2:49:28 AM"
"LEGACY","_LEGACY_BUILDS\EXEC_005_BUSINESS_EXECUTION_ENGINE\EXEC_005_BUSINESS_EXECUTION_ENGINE\SERVICES\ExecutionMonitorService.js","0.87","7/4/2026 2:49:04 AM"
"LEGACY","_LEGACY_BUILDS\EXEC_005_BUSINESS_EXECUTION_ENGINE\EXEC_005_BUSINESS_EXECUTION_ENGINE\SERVICES\ExecutionPlannerService.js","4.35","7/4/2026 2:49:04 AM"
"LEGACY","_LEGACY_BUILDS\EXEC_005_BUSINESS_EXECUTION_ENGINE\EXEC_005_BUSINESS_EXECUTION_ENGINE\SERVICES\ExecutionSchedulerService.js","0.49","7/4/2026 2:49:04 AM"
"LEGACY","_LEGACY_BUILDS\EXEC_005_BUSINESS_EXECUTION_ENGINE\EXEC_005_BUSINESS_EXECUTION_ENGINE\SERVICES\RetryManagerService.js","0.61","7/4/2026 2:49:04 AM"
"LEGACY","_LEGACY_BUILDS\EXEC_006_PROVIDER_SYNCHRONIZATION\EXEC_006_PROVIDER_SYNCHRONIZATION\BUILDER\BuilderService.js","4.4","7/4/2026 2:58:54 AM"
"LEGACY","_LEGACY_BUILDS\EXEC_006_PROVIDER_SYNCHRONIZATION\EXEC_006_PROVIDER_SYNCHRONIZATION\SERVICES\InstantlyProviderCompatibilityService.js","5.04","7/4/2026 2:58:22 AM"
"LEGACY","_LEGACY_BUILDS\EXEC_006_PROVIDER_SYNCHRONIZATION\EXEC_006_PROVIDER_SYNCHRONIZATION\SERVICES\ProviderAuthorityRegistryService.js","8.94","7/4/2026 2:58:22 AM"
"LEGACY","_LEGACY_BUILDS\EXEC_006_PROVIDER_SYNCHRONIZATION\EXEC_006_PROVIDER_SYNCHRONIZATION\SERVICES\ProviderCapabilityBindingService.js","2.55","7/4/2026 2:58:22 AM"
"LEGACY","_LEGACY_BUILDS\EXEC_006_PROVIDER_SYNCHRONIZATION\EXEC_006_PROVIDER_SYNCHRONIZATION\SERVICES\ProviderInterfaceAdapterService.js","2.24","7/4/2026 2:58:22 AM"
"LEGACY","_LEGACY_BUILDS\EXEC_006_PROVIDER_SYNCHRONIZATION\EXEC_006_PROVIDER_SYNCHRONIZATION\SERVICES\ProviderSynchronizationService.js","4.92","7/4/2026 2:58:22 AM"
"LEGACY","_LEGACY_BUILDS\MILES_Automation_FastTrack_v0.4.0\miles_automation_fasttrack_v0_4_0\CORE\authority_gate.js","2.58","6/29/2026 6:27:32 PM"
"LEGACY","_LEGACY_BUILDS\MILES_Automation_FastTrack_v0.4.0\miles_automation_fasttrack_v0_4_0\CORE\autonomous_work_engine.js","10.72","6/29/2026 6:27:32 PM"
"LEGACY","_LEGACY_BUILDS\MILES_Automation_FastTrack_v0.4.0\miles_automation_fasttrack_v0_4_0\CORE\csv_utils.js","2","6/29/2026 6:27:32 PM"
"LEGACY","_LEGACY_BUILDS\MILES_Automation_FastTrack_v0.4.0\miles_automation_fasttrack_v0_4_0\EXECUTIVE\status_report.js","0.62","6/29/2026 6:27:32 PM"
"LEGACY","_LEGACY_BUILDS\MILES_AUTONOMOUS_COO_PATCH\miles_autonomous_patch\StartAutonomousCOO.js","2.48","7/2/2026 4:35:56 PM"
"LEGACY","_LEGACY_BUILDS\MILES_AUTONOMOUS_COO_PATCH\miles_autonomous_patch\CORE\Logger.js","0.08","7/2/2026 4:36:34 PM"
"LEGACY","_LEGACY_BUILDS\MILES_AUTONOMOUS_COO_PATCH\miles_autonomous_patch\SERVICES\AutonomousCOOLoopService.js","2.18","7/3/2026 4:18:58 PM"
"LEGACY","_LEGACY_BUILDS\MILES_AUTONOMOUS_COO_PATCH\miles_autonomous_patch\SERVICES\ExecutionService.js","5.88","7/2/2026 4:34:18 PM"
"LEGACY","_LEGACY_BUILDS\MILES_AUTONOMOUS_COO_PATCH\miles_autonomous_patch\SERVICES\ExecutiveIntelligenceService.js","2.86","7/2/2026 4:36:50 PM"
"LEGACY","_LEGACY_BUILDS\MILES_AUTONOMOUS_COO_PATCH\miles_autonomous_patch\SERVICES\WorkflowService.js","2.3","7/2/2026 4:34:18 PM"
"LEGACY","_LEGACY_BUILDS\MILES_AUTONOMOUS_COO_PATCH\miles_autonomous_patch\SERVICES\WorkforceExecutionService.js","18.53","7/2/2026 4:34:18 PM"
"LEGACY","_LEGACY_BUILDS\MILES_AUTONOMOUS_COO_PATCH\miles_autonomous_patch\SERVICES\Browser\Workers\InstantlyCampaignOperator.js","12.68","7/2/2026 4:34:18 PM"
"LEGACY","_LEGACY_BUILDS\miles_autonomous_patch\StartAutonomousCOO.js","2.48","7/2/2026 4:35:56 PM"
"LEGACY","_LEGACY_BUILDS\miles_autonomous_patch\CORE\Logger.js","0.08","7/2/2026 4:36:34 PM"
"LEGACY","_LEGACY_BUILDS\miles_autonomous_patch\SERVICES\AutonomousCOOLoopService.js","30.88","7/2/2026 4:37:16 PM"
"LEGACY","_LEGACY_BUILDS\miles_autonomous_patch\SERVICES\ExecutionService.js","5.88","7/2/2026 4:34:18 PM"
"LEGACY","_LEGACY_BUILDS\miles_autonomous_patch\SERVICES\ExecutiveIntelligenceService.js","2.86","7/2/2026 4:36:50 PM"
"LEGACY","_LEGACY_BUILDS\miles_autonomous_patch\SERVICES\WorkflowService.js","2.3","7/2/2026 4:34:18 PM"
"LEGACY","_LEGACY_BUILDS\miles_autonomous_patch\SERVICES\WorkforceExecutionService.js","18.53","7/2/2026 4:34:18 PM"
"LEGACY","_LEGACY_BUILDS\miles_autonomous_patch\SERVICES\Browser\Workers\InstantlyCampaignOperator.js","12.68","7/2/2026 4:34:18 PM"
"LEGACY","_LEGACY_BUILDS\miles_build005_exec_layer\miles_build005_exec_layer\StartMiles.js","11.65","6/30/2026 9:06:06 PM"
"LEGACY","_LEGACY_BUILDS\miles_build005_exec_layer\miles_build005_exec_layer\TESTS\healthcheck.js","1.21","6/30/2026 9:06:06 PM"
"LEGACY","_LEGACY_BUILDS\miles_build006_outbound_ops\build006_patch\payload\StartMiles.js","3.75","6/30/2026 9:20:20 PM"
"LEGACY","_LEGACY_BUILDS\miles_build006_outbound_ops\build006_patch\payload\SERVICES\OutboundService.js","17.95","6/30/2026 9:20:20 PM"
"LEGACY","_LEGACY_BUILDS\miles_build006_outbound_ops\build006_patch\payload\TESTS\healthcheck.js","0.97","6/30/2026 9:20:20 PM"
"LEGACY","_LEGACY_BUILDS\miles_build006_outbound_ops\build006_patch\payload\TESTS\outbound_audit.js","0.17","6/30/2026 9:20:20 PM"
"LEGACY","_LEGACY_BUILDS\miles_build007_sales_ops\BUILD_007\SERVICES\SalesOperationsService.js","6.97","6/30/2026 9:40:34 PM"
"LEGACY","_LEGACY_BUILDS\miles_build007_sales_ops\BUILD_007\TESTS\sales_healthcheck.js","0.9","6/30/2026 9:40:34 PM"
"LEGACY","_LEGACY_BUILDS\MILES_BUILDER_AUTONOMY_PATCH_v1\BUILDER\ArchitectureDiscovery.js","10.81","7/3/2026 11:34:08 PM"
"LEGACY","_LEGACY_BUILDS\MILES_BUILD_026_Instantly_COO_Patch\MILES_OS\SERVICES\Browser\Workers\InstantlyCampaignOperator.js","18.17","7/1/2026 11:18:30 PM"
"LEGACY","_LEGACY_BUILDS\MILES_BUILD_026_Instantly_COO_Patch\MILES_OS\TESTS\Test_InstantlyCampaignOperator.js","1.82","7/1/2026 11:18:30 PM"
"LEGACY","_LEGACY_BUILDS\MILES_BUILD_027_Instantly_COO_Live_Patch\MILES_OS\SERVICES\Browser\Workers\InstantlyCampaignOperator.js","14.28","7/1/2026 11:25:50 PM"
"LEGACY","_LEGACY_BUILDS\MILES_BUILD_027_Instantly_COO_Live_Patch\MILES_OS\TESTS\Test_InstantlyCampaignOperator.js","1.78","7/1/2026 11:25:50 PM"
"LEGACY","_LEGACY_BUILDS\MILES_BUILD_030_Minimum_Autonomous_COO_REAL_FIXED\MILES_OS\SERVICES\Browser\Workers\InstantlyCampaignOperator.js","15.13","7/2/2026 12:32:28 AM"
"LEGACY","_LEGACY_BUILDS\MILES_BUILD_030_Minimum_Autonomous_COO_REAL_FIXED\MILES_OS\TESTS\Test_Build030_MinimumAutonomousCOO.js","2.05","7/2/2026 12:32:28 AM"
"LEGACY","_LEGACY_BUILDS\MILES_BUILD_033_EXECUTIVE_BRAIN_FULL_SCRIPTS\BUILDER\BuilderService.js","2.77","7/4/2026 12:58:22 AM"
"LEGACY","_LEGACY_BUILDS\MILES_BUILD_033_EXECUTIVE_BRAIN_FULL_SCRIPTS\SERVICES\ExecutiveBrainService.js","7.36","7/4/2026 12:58:22 AM"
"LEGACY","_LEGACY_BUILDS\MILES_BUILD_034_COMPANY_STATE_FULL_SCRIPTS\BUILDER\BuilderService.js","2.66","7/4/2026 1:04:08 AM"
"LEGACY","_LEGACY_BUILDS\MILES_BUILD_034_COMPANY_STATE_FULL_SCRIPTS\SERVICES\CompanyStateService.js","14.51","7/4/2026 1:04:08 AM"
"LEGACY","_LEGACY_BUILDS\MILES_BUILD_035_TASK_ROUTER_FULL_SCRIPTS\BUILDER\BuilderService.js","2.75","7/4/2026 1:07:56 AM"
"LEGACY","_LEGACY_BUILDS\MILES_BUILD_035_TASK_ROUTER_FULL_SCRIPTS\SERVICES\TaskRouterService.js","9.94","7/4/2026 1:07:56 AM"
"LEGACY","_LEGACY_BUILDS\MILES_CAPABILITY_REGISTRY_FULL_SCRIPTS\BUILDER\BuilderService.js","2.65","7/4/2026 12:27:58 AM"
"LEGACY","_LEGACY_BUILDS\MILES_CAPABILITY_REGISTRY_FULL_SCRIPTS\SERVICES\CapabilityRegistryService.js","17.47","7/4/2026 12:27:58 AM"
"LEGACY","_LEGACY_BUILDS\miles_core_framework_dropin\miles_connector_health.js","0.41","6/29/2026 12:42:48 AM"
"LEGACY","_LEGACY_BUILDS\miles_core_framework_dropin\CONNECTORS\GOOGLE\index.js","0.81","6/29/2026 12:42:48 AM"
"LEGACY","_LEGACY_BUILDS\miles_core_framework_dropin\CORE\ConnectorManager.js","1.07","6/29/2026 12:42:48 AM"
"LEGACY","_LEGACY_BUILDS\miles_core_framework_dropin\CORE\EventBus.js","0.5","6/29/2026 12:42:48 AM"
"LEGACY","_LEGACY_BUILDS\miles_core_framework_dropin\CORE\HealthDashboard.js","0.88","6/29/2026 12:42:48 AM"
"LEGACY","_LEGACY_BUILDS\miles_core_framework_dropin\CORE\Logger.js","0.82","6/29/2026 12:42:48 AM"
"LEGACY","_LEGACY_BUILDS\miles_core_framework_dropin\CORE\TaskQueue.js","1.63","6/29/2026 12:42:48 AM"
"LEGACY","_LEGACY_BUILDS\miles_desktop_v2_build003\miles_desktop_v2\scripts\backup-runtime.js","0.44","6/30/2026 7:46:06 PM"
"LEGACY","_LEGACY_BUILDS\miles_desktop_v2_build003\miles_desktop_v2\scripts\run_build_043.js","0.63","7/4/2026 11:45:02 PM"
"LEGACY","_LEGACY_BUILDS\miles_desktop_v2_build003\miles_desktop_v2\scripts\smoke-test.js","0.78","6/30/2026 7:46:06 PM"
"LEGACY","_LEGACY_BUILDS\miles_desktop_v2_build003\miles_desktop_v2\src\main\main.js","1.61","6/30/2026 7:46:16 PM"
"LEGACY","_LEGACY_BUILDS\miles_desktop_v2_build003\miles_desktop_v2\src\main\preload.js","0.47","6/30/2026 7:46:06 PM"
"LEGACY","_LEGACY_BUILDS\miles_desktop_v2_build003\miles_desktop_v2\src\main\approvals\approvalQueue.js","0.89","6/30/2026 7:46:06 PM"
"LEGACY","_LEGACY_BUILDS\miles_desktop_v2_build003\miles_desktop_v2\src\main\connectors\connectorManager.js","1.32","6/30/2026 7:46:06 PM"
"LEGACY","_LEGACY_BUILDS\miles_desktop_v2_build003\miles_desktop_v2\src\main\executive\executiveBrain.js","1.32","6/30/2026 7:46:06 PM"
"LEGACY","_LEGACY_BUILDS\miles_desktop_v2_build003\miles_desktop_v2\src\main\logging\logger.js","0.19","7/2/2026 12:52:54 PM"
"LEGACY","_LEGACY_BUILDS\miles_desktop_v2_build003\miles_desktop_v2\src\main\notifications\notificationCenter.js","0.42","6/30/2026 7:46:06 PM"
"LEGACY","_LEGACY_BUILDS\miles_desktop_v2_build003\miles_desktop_v2\src\main\runtime\milesRuntime.js","2.98","6/30/2026 7:46:06 PM"
"LEGACY","_LEGACY_BUILDS\miles_desktop_v2_build003\miles_desktop_v2\src\main\runtime\taskQueue.js","1.16","6/30/2026 7:46:06 PM"
"LEGACY","_LEGACY_BUILDS\miles_desktop_v2_build003\miles_desktop_v2\src\main\scheduler\scheduler.js","0.45","6/30/2026 7:46:06 PM"
"LEGACY","_LEGACY_BUILDS\miles_desktop_v2_build003\miles_desktop_v2\src\main\supervisor\supervisor.js","0.22","6/30/2026 7:46:06 PM"
"LEGACY","_LEGACY_BUILDS\miles_desktop_v2_build003\miles_desktop_v2\src\main\workers\workerManager.js","1.02","6/30/2026 7:46:06 PM"
"LEGACY","_LEGACY_BUILDS\miles_desktop_v2_build003\miles_desktop_v2\src\renderer\app.js","2.23","6/30/2026 7:46:06 PM"
"LEGACY","_LEGACY_BUILDS\miles_desktop_v2_build003\miles_desktop_v2\src\runtime\runtimeHost.js","1.82","6/30/2026 6:35:34 PM"
"LEGACY","_LEGACY_BUILDS\miles_desktop_v2_build003\miles_desktop_v2\src\shared\state.js","0.75","6/30/2026 6:35:34 PM"
"LEGACY","_LEGACY_BUILDS\miles_desktop_v2_starter\miles_desktop_v2\scripts\backup-runtime.js","0.41","6/30/2026 6:35:34 PM"
"LEGACY","_LEGACY_BUILDS\miles_desktop_v2_starter\miles_desktop_v2\scripts\smoke-test.js","0.47","6/30/2026 6:35:34 PM"
"LEGACY","_LEGACY_BUILDS\miles_desktop_v2_starter\miles_desktop_v2\src\main\main.js","2.4","6/30/2026 6:35:34 PM"
"LEGACY","_LEGACY_BUILDS\miles_desktop_v2_starter\miles_desktop_v2\src\main\preload.js","0.46","6/30/2026 6:35:34 PM"
"LEGACY","_LEGACY_BUILDS\miles_desktop_v2_starter\miles_desktop_v2\src\renderer\app.js","3.75","6/30/2026 6:35:34 PM"
"LEGACY","_LEGACY_BUILDS\miles_desktop_v2_starter\miles_desktop_v2\src\runtime\runtimeHost.js","1.82","6/30/2026 6:35:34 PM"
"LEGACY","_LEGACY_BUILDS\miles_desktop_v2_starter\miles_desktop_v2\src\shared\state.js","0.75","6/30/2026 6:35:34 PM"
"LEGACY","_LEGACY_BUILDS\MILES_OS_patch_007\MILES_OS_patch_007\ui\src\lib\api.js","0.71","6/30/2026 10:14:14 PM"
"LEGACY","_LEGACY_BUILDS\MILES_REPOSITORY_REGISTRY_FULL_SCRIPTS\BUILDER\BuilderService.js","2.51","7/4/2026 12:18:54 AM"
"LEGACY","_LEGACY_BUILDS\MILES_REPOSITORY_REGISTRY_FULL_SCRIPTS\SERVICES\RepositoryRegistryService.js","20.54","7/4/2026 12:18:54 AM"
"LEGACY","_LEGACY_BUILDS\MILES_Sprint_Zero_Discovery_Package\MILES_Sprint_Zero_Discovery_Package\sprint-zero-discovery.js","12.39","7/3/2026 10:06:10 PM"
"LEGACY","_LEGACY_BUILDS\ROADMAP\SERVICES\operation_kernel\OperationExecutionKernel.js","5.64","7/5/2026 8:58:10 PM"
"LEGACY","_LEGACY_BUILDS\scripts\run_build_043.js","0.63","7/4/2026 11:45:02 PM"
"LEGACY","_LEGACY_BUILDS\scripts\run_build_044.js","0.61","7/5/2026 8:53:10 PM"
"LEGACY","_LEGACY_BUILDS\src\connectors\crmConnector.js","0","7/3/2026 4:05:02 PM"
"LEGACY","_LEGACY_BUILDS\VERIFY\VERIFY_COO_LOOP.js","1.87","7/4/2026 1:30:24 AM"
"LEGACY","_LEGACY_BUILDS\WEB\Dashboard.js","0","6/29/2026 2:43:06 PM"
"OTHER_ACTIVE_CANDIDATE","MIGRATIONS\migrate_upload_queue_to_canonical.js","3.72","7/8/2026 8:06:40 PM"
"ACTIVE_CORE","GOVERNANCE\ApprovalQueueEngine.js","5.31","7/8/2026 8:09:18 PM"
"ACTIVE_CORE","GOVERNANCE\RunApprovalQueue.js","0.35","7/8/2026 8:09:18 PM"
"ACTIVE_CORE","GOVERNANCE\ApprovalCommand.js","2.6","7/8/2026 8:14:50 PM"
"OTHER_ACTIVE_CANDIDATE","EXECUTION\MarketingExecutionEngine.js","1.9","7/8/2026 8:11:56 PM"
"OTHER_ACTIVE_CANDIDATE","EXECUTION\RunMarketingExecutionEngine.js","0.37","7/8/2026 8:11:56 PM"
"OTHER_ACTIVE_CANDIDATE","SCHEDULER\EnterpriseScheduler.js","3.03","7/8/2026 8:18:42 PM"
"OTHER_ACTIVE_CANDIDATE","SCHEDULER\RunSchedulerSmokeTest.js","0.65","7/8/2026 8:18:42 PM"
"OTHER_ACTIVE_CANDIDATE","SCHEDULER\MarketingWorkflow.js","0.69","7/8/2026 8:19:28 PM"
"OTHER_ACTIVE_CANDIDATE","SCHEDULER\RunMarketingWorkflow.js","0.78","7/8/2026 8:19:28 PM"
"OTHER_ACTIVE_CANDIDATE","SCHEDULER\EnterpriseJobRegistry.js","3.08","7/8/2026 8:22:04 PM"
"OTHER_ACTIVE_CANDIDATE","SCHEDULER\RunJobRegistrySeed.js","0.83","7/8/2026 8:22:04 PM"
"OTHER_ACTIVE_CANDIDATE","SCHEDULER\EnterpriseSchedulerLoader.js","1.6","7/8/2026 8:24:50 PM"
"OTHER_ACTIVE_CANDIDATE","SCHEDULER\RunDataDrivenScheduler.js","0.59","7/8/2026 8:24:50 PM"
"OTHER_ACTIVE_CANDIDATE","MONITORING\CampaignMonitoringEngine.js","2.37","7/8/2026 8:29:16 PM"
"OTHER_ACTIVE_CANDIDATE","MONITORING\RunCampaignMonitoring.js","0.49","7/8/2026 8:29:16 PM"
"OTHER_ACTIVE_CANDIDATE","DASHBOARDS\MarketingExecutiveDashboard.js","2.81","7/8/2026 8:44:02 PM"
"OTHER_ACTIVE_CANDIDATE","DASHBOARDS\RunMarketingExecutiveDashboard.js","1.84","7/8/2026 8:32:14 PM"
"OTHER_ACTIVE_CANDIDATE","EXECUTIVE\ExecutiveDecisionEngine.js","7.83","7/8/2026 8:51:46 PM"
"OTHER_ACTIVE_CANDIDATE","EXECUTIVE\RunExecutiveDecisionEngine.js","0.54","7/8/2026 8:37:44 PM"
"OTHER_ACTIVE_CANDIDATE","EXECUTIVE\ExecutiveDecisionExecutor.js","3.75","7/8/2026 8:40:40 PM"
"OTHER_ACTIVE_CANDIDATE","EXECUTIVE\RunExecutiveDecisionExecutor.js","0.58","7/8/2026 8:40:40 PM"
"OTHER_ACTIVE_CANDIDATE","INFRASTRUCTURE\EmailInfrastructureManager.js","4.79","7/8/2026 9:11:12 PM"
"OTHER_ACTIVE_CANDIDATE","INFRASTRUCTURE\RunEmailInfrastructureManager.js","0.93","7/8/2026 9:11:12 PM"
"OTHER_ACTIVE_CANDIDATE","INFRASTRUCTURE\InfrastructureRegistrySync.js","7.83","7/8/2026 9:18:24 PM"
"OTHER_ACTIVE_CANDIDATE","INFRASTRUCTURE\RunInfrastructureRegistrySync.js","0.69","7/8/2026 9:18:24 PM"
"OTHER_ACTIVE_CANDIDATE","event-bus\emitter.js","0.56","7/10/2026 1:18:52 PM"
"BACKUP_OR_ARCHIVE","BACKUPS\CAMPAIGN_REGISTRY_CONSOLIDATION_20260710_150636\MarketingCOOService.js","5.11","7/8/2026 5:00:06 PM"
"BACKUP_OR_ARCHIVE","BACKUPS\CAMPAIGN_REGISTRY_CONSOLIDATION_20260710_150636\InstantlyCOOWorker.js","28.37","7/5/2026 9:59:44 PM"
"BACKUP_OR_ARCHIVE","BACKUPS\CAMPAIGN_REGISTRY_CONSOLIDATION_20260710_150636\InstantlyConnector.js","1.45","7/9/2026 11:32:22 PM"
"OTHER_ACTIVE_CANDIDATE","MILES_Enterprise_Registry_Phase1_v1.0\BuildEnterpriseRegistry.js","2.07","7/10/2026 11:16:12 PM"
"TEST","MILES_Enterprise_Registry_Phase1_v1.0\TESTS\enterprise_registry.test.js","1.25","7/10/2026 11:16:12 PM"
"OTHER_ACTIVE_CANDIDATE","MILES_Enterprise_Registry_Phase1_v1.0\SERVICES\registry\EnterpriseComponentRegistryService.js","8.94","7/10/2026 11:16:12 PM"
"OTHER_ACTIVE_CANDIDATE","MILES_Enterprise_Registry_Phase1_v1.0\SERVICES\registry\EnterpriseCapabilityRegistryService.js","7.7","7/10/2026 11:16:12 PM"
"OTHER_ACTIVE_CANDIDATE","_REGISTRY_CONVERGENCE_20260710_192356\StartMilesProduction.js","5.44","7/6/2026 3:35:54 PM"
"OTHER_ACTIVE_CANDIDATE","_REGISTRY_CONVERGENCE_20260710_192356\StartProductionSystem.js","2.32","7/7/2026 5:40:56 PM"
"OTHER_ACTIVE_CANDIDATE","_REGISTRY_CONVERGENCE_20260710_192356\StartAutonomousCOO.js","3.46","7/6/2026 7:10:00 PM"
"OTHER_ACTIVE_CANDIDATE","_REGISTRY_CONVERGENCE_20260710_192356\BuildEnterpriseRegistry.js","2.07","7/10/2026 11:16:12 PM"
"OTHER_ACTIVE_CANDIDATE","_REGISTRY_CONVERGENCE_20260710_192356\SERVICES\StartProductionSystem.js","2.34","7/7/2026 5:32:56 PM"
"OTHER_ACTIVE_CANDIDATE","_REGISTRY_CONVERGENCE_20260710_192356\SERVICES\EnterpriseRuntimeManager.js","4.48","7/9/2026 8:37:08 PM"
"OTHER_ACTIVE_CANDIDATE","_REGISTRY_CONVERGENCE_20260710_192356\SERVICES\WorkerRegistry.js","0.46","7/9/2026 12:39:58 PM"
"OTHER_ACTIVE_CANDIDATE","_REGISTRY_CONVERGENCE_20260710_192356\SERVICES\CapabilityRegistry.js","1.43","7/9/2026 6:14:24 PM"
"OTHER_ACTIVE_CANDIDATE","_REGISTRY_CONVERGENCE_20260710_192356\SERVICES\CapabilityRegistryService.js","17.47","7/4/2026 12:27:58 AM"
"OTHER_ACTIVE_CANDIDATE","_REGISTRY_CONVERGENCE_20260710_192356\SERVICES\RepositoryRegistryService.js","20.54","7/4/2026 12:18:54 AM"
"OTHER_ACTIVE_CANDIDATE","_REGISTRY_CONVERGENCE_20260710_192356\SERVICES\ProviderRegistryService.js","12.13","7/4/2026 2:09:10 AM"
"OTHER_ACTIVE_CANDIDATE","_REGISTRY_CONVERGENCE_20260710_192356\SERVICES\ProviderAuthorityRegistryService.js","8.94","7/4/2026 2:58:22 AM"
"OTHER_ACTIVE_CANDIDATE","_REGISTRY_CONVERGENCE_20260710_192356\SERVICES\ProviderControllerRegistryService.js","2.24","7/4/2026 2:18:50 AM"
"OTHER_ACTIVE_CANDIDATE","_REGISTRY_CONVERGENCE_20260710_192356\SERVICES\worker_runtime\WorkerRuntime.js","7.99","7/8/2026 4:26:00 PM"
"OTHER_ACTIVE_CANDIDATE","_REGISTRY_CONVERGENCE_20260710_192356\SERVICES\worker_runtime\WorkerRuntimeManager.js","6.34","7/5/2026 9:15:02 PM"
"OTHER_ACTIVE_CANDIDATE","_REGISTRY_CONVERGENCE_20260710_192356\SERVICES\worker_runtime\WorkerRegistry.js","7.36","7/5/2026 11:02:40 PM"
"OTHER_ACTIVE_CANDIDATE","_REGISTRY_CONVERGENCE_20260710_192356\SERVICES\Planning\PlannerRegistry.js","0.89","7/1/2026 1:10:34 PM"
"OTHER_ACTIVE_CANDIDATE","_REGISTRY_CONVERGENCE_20260710_192356\SERVICES\digital_coo\DigitalCOORuntimeManager.js","16.31","7/5/2026 9:31:30 PM"
"OTHER_ACTIVE_CANDIDATE","_REGISTRY_CONVERGENCE_20260710_192356\SERVICES\digital_coo\MilesCommandCenter.js","14.77","7/7/2026 12:14:38 PM"
"OTHER_ACTIVE_CANDIDATE","_REGISTRY_CONVERGENCE_20260710_192356\CORE\DepartmentRegistry.js","1.6","7/8/2026 9:58:28 PM"
"OTHER_ACTIVE_CANDIDATE","_REGISTRY_CONVERGENCE_20260710_192356\CORE\Kernel\ServiceRegistry.js","5.39","7/9/2026 8:44:08 PM"
"OTHER_ACTIVE_CANDIDATE","_REGISTRY_CONVERGENCE_20260710_192356\CORE\CANONICAL\Registry.js","0.55","7/8/2026 6:47:00 PM"
"OTHER_ACTIVE_CANDIDATE","_REGISTRY_CONVERGENCE_20260710_192356\PROVIDERS\ProviderRegistry.js","0.59","7/8/2026 8:11:56 PM"
"OTHER_ACTIVE_CANDIDATE","_REGISTRY_CONVERGENCE_20260710_192356\PROVIDERS\registry\ProviderRegistry.js","2.24","6/30/2026 7:10:52 PM"
"OTHER_ACTIVE_CANDIDATE","_REGISTRY_CONVERGENCE_20260710_193412\StartMilesProduction.js","5.44","7/6/2026 3:35:54 PM"
"OTHER_ACTIVE_CANDIDATE","_REGISTRY_CONVERGENCE_20260710_193412\StartProductionSystem.js","2.32","7/7/2026 5:40:56 PM"
"OTHER_ACTIVE_CANDIDATE","_REGISTRY_CONVERGENCE_20260710_193412\StartAutonomousCOO.js","3.46","7/6/2026 7:10:00 PM"
"OTHER_ACTIVE_CANDIDATE","_REGISTRY_CONVERGENCE_20260710_193412\BuildEnterpriseRegistry.js","2.07","7/10/2026 11:16:12 PM"
"OTHER_ACTIVE_CANDIDATE","_REGISTRY_CONVERGENCE_20260710_193412\SERVICES\StartProductionSystem.js","2.34","7/7/2026 5:32:56 PM"
"OTHER_ACTIVE_CANDIDATE","_REGISTRY_CONVERGENCE_20260710_193412\SERVICES\EnterpriseRuntimeManager.js","4.48","7/9/2026 8:37:08 PM"
"OTHER_ACTIVE_CANDIDATE","_REGISTRY_CONVERGENCE_20260710_193412\SERVICES\WorkerRegistry.js","0.46","7/9/2026 12:39:58 PM"
"OTHER_ACTIVE_CANDIDATE","_REGISTRY_CONVERGENCE_20260710_193412\SERVICES\CapabilityRegistry.js","1.43","7/9/2026 6:14:24 PM"
"OTHER_ACTIVE_CANDIDATE","_REGISTRY_CONVERGENCE_20260710_193412\SERVICES\CapabilityRegistryService.js","17.47","7/4/2026 12:27:58 AM"
"OTHER_ACTIVE_CANDIDATE","_REGISTRY_CONVERGENCE_20260710_193412\SERVICES\RepositoryRegistryService.js","20.54","7/4/2026 12:18:54 AM"
"OTHER_ACTIVE_CANDIDATE","_REGISTRY_CONVERGENCE_20260710_193412\SERVICES\ProviderRegistryService.js","12.13","7/4/2026 2:09:10 AM"
"OTHER_ACTIVE_CANDIDATE","_REGISTRY_CONVERGENCE_20260710_193412\SERVICES\ProviderAuthorityRegistryService.js","8.94","7/4/2026 2:58:22 AM"
"OTHER_ACTIVE_CANDIDATE","_REGISTRY_CONVERGENCE_20260710_193412\SERVICES\ProviderControllerRegistryService.js","2.24","7/4/2026 2:18:50 AM"
"OTHER_ACTIVE_CANDIDATE","_REGISTRY_CONVERGENCE_20260710_193412\SERVICES\worker_runtime\WorkerRuntime.js","7.99","7/8/2026 4:26:00 PM"
"OTHER_ACTIVE_CANDIDATE","_REGISTRY_CONVERGENCE_20260710_193412\SERVICES\worker_runtime\WorkerRuntimeManager.js","6.34","7/5/2026 9:15:02 PM"
"OTHER_ACTIVE_CANDIDATE","_REGISTRY_CONVERGENCE_20260710_193412\SERVICES\worker_runtime\WorkerRegistry.js","7.36","7/5/2026 11:02:40 PM"
"OTHER_ACTIVE_CANDIDATE","_REGISTRY_CONVERGENCE_20260710_193412\SERVICES\Planning\PlannerRegistry.js","0.89","7/1/2026 1:10:34 PM"
"OTHER_ACTIVE_CANDIDATE","_REGISTRY_CONVERGENCE_20260710_193412\SERVICES\digital_coo\DigitalCOORuntimeManager.js","16.31","7/5/2026 9:31:30 PM"
"OTHER_ACTIVE_CANDIDATE","_REGISTRY_CONVERGENCE_20260710_193412\SERVICES\digital_coo\MilesCommandCenter.js","14.77","7/7/2026 12:14:38 PM"
"OTHER_ACTIVE_CANDIDATE","_REGISTRY_CONVERGENCE_20260710_193412\CORE\DepartmentRegistry.js","1.6","7/8/2026 9:58:28 PM"
"OTHER_ACTIVE_CANDIDATE","_REGISTRY_CONVERGENCE_20260710_193412\CORE\Kernel\ServiceRegistry.js","5.39","7/9/2026 8:44:08 PM"
"OTHER_ACTIVE_CANDIDATE","_REGISTRY_CONVERGENCE_20260710_193412\CORE\CANONICAL\Registry.js","0.55","7/8/2026 6:47:00 PM"
"OTHER_ACTIVE_CANDIDATE","_REGISTRY_CONVERGENCE_20260710_193412\PROVIDERS\ProviderRegistry.js","0.59","7/8/2026 8:11:56 PM"
"OTHER_ACTIVE_CANDIDATE","_REGISTRY_CONVERGENCE_20260710_193412\PROVIDERS\registry\ProviderRegistry.js","2.24","6/30/2026 7:10:52 PM"
"OTHER_ACTIVE_CANDIDATE","MILES_Runtime_Registry_Service_V2_v2.0\StartRuntimeRegistryService.js","1.2","7/10/2026 11:37:02 PM"
"OTHER_ACTIVE_CANDIDATE","MILES_Runtime_Registry_Service_V2_v2.0\EXAMPLE_SELF_REGISTRATION.js","0.93","7/10/2026 11:37:02 PM"
"TEST","MILES_Runtime_Registry_Service_V2_v2.0\TESTS\runtime_registry_v2.test.js","1.38","7/10/2026 11:37:02 PM"
"OTHER_ACTIVE_CANDIDATE","MILES_Runtime_Registry_Service_V2_v2.0\SERVICES\runtime_registry\RuntimeRegistryService.js","18.45","7/10/2026 11:37:02 PM"
"OTHER_ACTIVE_CANDIDATE","MILES_Runtime_Registry_Service_V2_v2.0\SERVICES\runtime_registry\RuntimeRegistryClient.js","2.24","7/10/2026 11:37:02 PM"
