"RelativePath","Line","SymbolType","SymbolName","Text"
"APPLY_BUILD_007.ps1","9","method_or_function","foreach","foreach ($i in $items) { $p = Join-Path $Root $i; if (Test-Path $p) { Copy-Item $p $Backup -Recurse -Force } }"
"APPLY_BUILD_007.ps1","13","method_or_function","if","if (Test-Path $pkgPath) {"
"APPLY_BUILD_007.ps1","15","method_or_function","if","if (-not $pkg.scripts) { $pkg | Add-Member -MemberType NoteProperty -Name scripts -Value ([pscustomobject]@{}) }"
"AutonomousCOOLoopService.js","6","class","AutonomousCOOLoopService","class AutonomousCOOLoopService {"
"AutonomousCOOLoopService.js","7","method_or_function","constructor","constructor(options = {}) {"
"AutonomousCOOLoopService.js","24","method_or_function","runOnce","async runOnce() {"
"AutonomousCOOLoopService.js","39","method_or_function","start","async start() {"
"AutonomousCOOLoopService.js","40","method_or_function","if","if (this.running) {"
"AutonomousCOOLoopService.js","49","method_or_function","while","while (this.running) {"
"AutonomousCOOLoopService.js","52","method_or_function","if","if (this.maxCycles && this.cyclesRun >= this.maxCycles) {"
"AutonomousCOOLoopService.js","67","method_or_function","stop","stop() {"
"AutonomousCOOLoopService.js","76","method_or_function","writeOutputs","writeOutputs(result) {"
"AutonomousCOOLoopService.js","100","method_or_function","sleep","sleep(ms) {"
"executive_dashboard.js","7","function","readJson","function readJson(fileName) {"
"executive_dashboard.js","18","function","icon","function icon(status) {"
"executive_dashboard.js","25","function","line","function line() {"
"executive_dashboard.js","29","function","section","function section(title) {"
"executive_dashboard.js","35","function","main","function main() {"
"executive_dashboard.js","47","method_or_function","if","if (health?.connectors?.length) {"
"executive_dashboard.js","57","method_or_function","if","if (instantly) {"
"executive_dashboard.js","81","method_or_function","if","if (instantly?.active_campaigns === 0) {"
"INSTALL_MILES_BUILDER.ps1","7","function","Write","function Write-File {"
"INSTALL_MILES_BUILDER.ps1","32","function","walk","function walk(dir, files = []) {"
"INSTALL_MILES_BUILDER.ps1","42","function","classify","function classify(file) {"
"INSTALL_MILES_BUILDER.ps1","52","function","scan","function scan() {"
"INSTALL_MILES_BUILDER.ps1","78","function","writeReport","function writeReport() {"
"INSTALL_MILES_BUILDER.ps1","96","function","safePath","function safePath(relativePath) {"
"INSTALL_MILES_BUILDER.ps1","104","function","read","function read(relativePath) {"
"INSTALL_MILES_BUILDER.ps1","109","function","write","function write(relativePath, content) {"
"INSTALL_MILES_BUILDER.ps1","116","function","exists","function exists(relativePath) {"
"INSTALL_MILES_BUILDER.ps1","129","function","run","function run(cmd) {"
"INSTALL_MILES_BUILDER.ps1","133","function","status","function status() {"
"INSTALL_MILES_BUILDER.ps1","135","method_or_function","catch","catch (e) { return e.message; }"
"INSTALL_MILES_BUILDER.ps1","138","function","currentBranch","function currentBranch() {"
"INSTALL_MILES_BUILDER.ps1","143","function","commit","function commit(message) {"
"INSTALL_MILES_BUILDER.ps1","159","function","smokeTest","function smokeTest() {"
"INSTALL_MILES_BUILDER.ps1","185","class","BuilderService","class BuilderService {"
"INSTALL_MILES_BUILDER.ps1","186","method_or_function","scanProject","scanProject() {"
"INSTALL_MILES_BUILDER.ps1","190","method_or_function","status","status() {"
"INSTALL_MILES_BUILDER.ps1","198","method_or_function","smokeTest","smokeTest() {"
"INSTALL_MILES_BUILDER.ps1","202","method_or_function","execute","async execute(task = {}) {"
"INSTALL_MILES_BUILDER.ps1","205","method_or_function","if","if (action === ""SCAN_PROJECT"") {"
"INSTALL_MILES_BUILDER.ps1","210","method_or_function","if","if (action === ""STATUS"") {"
"INSTALL_MILES_BUILDER.ps1","214","method_or_function","if","if (action === ""SMOKE_TEST"") {"
"INSTALL_MILES_BUILDER.ps1","228","async function","main","async function main() {"
"INSTALL_MILES_BUILDER.ps1","234","method_or_function","if","if (require.main === module) {"
"INSTALL_MILES_BUILDER.ps1","254","method_or_function","initialize","async initialize() {"
"INSTALL_MILES_BUILDER.ps1","258","method_or_function","healthCheck","async healthCheck() {"
"INSTALL_MILES_BUILDER.ps1","268","method_or_function","execute","async execute(task) {"
"INSTALL_MILES_BUILDER.ps1","273","method_or_function","shutdown","async shutdown() {"
"INSTALL_MILES_BUILDER.ps1","283","method_or_function","if","if ($kernel -notmatch ""milesConnector"") {"
"INSTALL_MILES_BUILDER.ps1","285","method_or_function","if","if ($kernel -notmatch ""milesConnector"") {"
"INSTALL_MILES_BUILDER_ANALYZER.ps1","7","function","Write","function Write-File {"
"INSTALL_MILES_BUILDER_ANALYZER.ps1","27","function","exists","function exists(rel) {"
"INSTALL_MILES_BUILDER_ANALYZER.ps1","31","function","groupByBasename","function groupByBasename(files) {"
"INSTALL_MILES_BUILDER_ANALYZER.ps1","33","method_or_function","for","for (const f of files) {"
"INSTALL_MILES_BUILDER_ANALYZER.ps1","43","function","analyze","function analyze() {"
"INSTALL_MILES_BUILDER_ANALYZER.ps1","90","method_or_function","if","if (emptyFiles.length) {"
"INSTALL_MILES_BUILDER_ANALYZER.ps1","117","function","writeReport","function writeReport() {"
"INSTALL_MILES_BUILDER_ANALYZER.ps1","133","method_or_function","if","if ($service -notmatch 'ProjectAnalyzer') {"
"INSTALL_MILES_BUILDER_ANALYZER.ps1","137","method_or_function","if","if ($service -notmatch 'ANALYZE_PROJECT') {"
"INSTALL_MILES_BUILDER_ANALYZER.ps1","140","method_or_function","if","if (action === ""ANALYZE_PROJECT"") {"
"INSTALL_MILES_LOCAL_AUTOMATION_AGENT.ps1","7","function","Write","function Write-Status($msg) {"
"INSTALL_MILES_LOCAL_AUTOMATION_AGENT.ps1","34","async function","main","async function main() {"
"INSTALL_MILES_LOCAL_AUTOMATION_AGENT.ps1","45","method_or_function","if","if (require.main === module) {"
"INSTALL_MILES_LOCAL_AUTOMATION_AGENT.ps1","58","function","now","function now() {"
"INSTALL_MILES_LOCAL_AUTOMATION_AGENT.ps1","62","function","ensureDir","function ensureDir(dir) {"
"INSTALL_MILES_LOCAL_AUTOMATION_AGENT.ps1","66","function","normalizePath","function normalizePath(root, target) {"
"INSTALL_MILES_LOCAL_AUTOMATION_AGENT.ps1","74","function","run","function run(cmd, cwd, timeoutMs = 120000) {"
"INSTALL_MILES_LOCAL_AUTOMATION_AGENT.ps1","84","class","LocalAutomationAgent","class LocalAutomationAgent {"
"INSTALL_MILES_LOCAL_AUTOMATION_AGENT.ps1","85","method_or_function","constructor","constructor(root) {"
"INSTALL_MILES_LOCAL_AUTOMATION_AGENT.ps1","100","method_or_function","log","log(entry) {"
"INSTALL_MILES_LOCAL_AUTOMATION_AGENT.ps1","104","method_or_function","status","status() {"
"INSTALL_MILES_LOCAL_AUTOMATION_AGENT.ps1","125","method_or_function","writeFile","writeFile(relPath, content) {"
"INSTALL_MILES_LOCAL_AUTOMATION_AGENT.ps1","139","method_or_function","readFile","readFile(relPath) {"
"INSTALL_MILES_LOCAL_AUTOMATION_AGENT.ps1","145","method_or_function","checkJs","checkJs(relPath) {"
"INSTALL_MILES_LOCAL_AUTOMATION_AGENT.ps1","151","method_or_function","gitStatus","gitStatus() {"
"INSTALL_MILES_LOCAL_AUTOMATION_AGENT.ps1","160","method_or_function","smokeTest","smokeTest() {"
"INSTALL_MILES_LOCAL_AUTOMATION_AGENT.ps1","173","method_or_function","for","for (const rel of checks) {"
"INSTALL_MILES_LOCAL_AUTOMATION_AGENT.ps1","194","method_or_function","fixBuilderService","fixBuilderService() {"
"INSTALL_MILES_LOCAL_AUTOMATION_AGENT.ps1","199","class","BuilderService","class BuilderService {"
"INSTALL_MILES_LOCAL_AUTOMATION_AGENT.ps1","200","method_or_function","scanProject","scanProject() {"
"INSTALL_MILES_LOCAL_AUTOMATION_AGENT.ps1","204","method_or_function","status","status() {"
"INSTALL_MILES_LOCAL_AUTOMATION_AGENT.ps1","212","method_or_function","smokeTest","smokeTest() {"
"INSTALL_MILES_LOCAL_AUTOMATION_AGENT.ps1","216","method_or_function","execute","async execute(task = {}) {"
"INSTALL_MILES_LOCAL_AUTOMATION_AGENT.ps1","264","method_or_function","if","if (!commands[action]) {"
"INSTALL_MILES_LOCAL_AUTOMATION_AGENT.ps1","282","method_or_function","buildConnector","buildConnector(name) {"
"INSTALL_MILES_LOCAL_AUTOMATION_AGENT.ps1","293","method_or_function","runQueuedOnce","runQueuedOnce() {"
"INSTALL_MILES_LOCAL_AUTOMATION_AGENT.ps1","318","method_or_function","enqueue","enqueue(action, payload = {}) {"
"INSTALL_MILES_LOCAL_AUTOMATION_AGENT.ps1","332","method_or_function","execute","async execute(task = {}) {"
"INSTALL_MILES_PLANNER_SUBSYSTEM.ps1","53","function","loadRules","function loadRules() {"
"INSTALL_MILES_PLANNER_SUBSYSTEM.ps1","58","function","inferPriority","function inferPriority(objective = """") {"
"INSTALL_MILES_PLANNER_SUBSYSTEM.ps1","66","class","PlannerService","class PlannerService {"
"INSTALL_MILES_PLANNER_SUBSYSTEM.ps1","67","method_or_function","createPlan","createPlan(objective, context = {}) {"
"INSTALL_MILES_PLANNER_SUBSYSTEM.ps1","106","method_or_function","requiresApproval","requiresApproval(objective = """") {"
"INSTALL_MILES_PLANNER_SUBSYSTEM.ps1","123","function","id","function id() {"
"INSTALL_MILES_PLANNER_SUBSYSTEM.ps1","129","class","WorkPackageService","class WorkPackageService {"
"INSTALL_MILES_PLANNER_SUBSYSTEM.ps1","130","method_or_function","create","create(objective, context = {}) {"
"INSTALL_MILES_PLANNER_SUBSYSTEM.ps1","161","method_or_function","save","save(workPackage) {"
"INSTALL_MILES_PLANNER_SUBSYSTEM.ps1","169","method_or_function","list","list() {"
"INSTALL_MILES_PLANNER_SUBSYSTEM.ps1","177","method_or_function","get","get(packageId) {"
"INSTALL_MILES_PLANNER_SUBSYSTEM.ps1","183","method_or_function","update","update(packageId, patch = {}) {"
"INSTALL_MILES_PLANNER_SUBSYSTEM.ps1","205","class","WorkflowService","class WorkflowService {"
"INSTALL_MILES_PLANNER_SUBSYSTEM.ps1","206","method_or_function","createWorkflow","createWorkflow(objective, context = {}) {"
"INSTALL_MILES_PLANNER_SUBSYSTEM.ps1","209","method_or_function","if","if (wp.status === ""AWAITING_APPROVAL"") {"
"INSTALL_MILES_PLANNER_SUBSYSTEM.ps1","220","method_or_function","for","for (const step of wp.tasks) {"
"INSTALL_MILES_PLANNER_SUBSYSTEM.ps1","248","method_or_function","status","status() {"
"INSTALL_MILES_WORKFORCE_EXECUTION_ENGINE.ps1","7","function","Write","function Write-Step($msg) {"
"INSTALL_MILES_WORKFORCE_EXECUTION_ENGINE.ps1","11","function","Backup","function Backup-File($path) {"
"INSTALL_MILES_WORKFORCE_EXECUTION_ENGINE.ps1","12","method_or_function","if","if (Test-Path $path) {"
"INSTALL_MILES_WORKFORCE_EXECUTION_ENGINE.ps1","47","function","safeId","function safeId(value) {"
"INSTALL_MILES_WORKFORCE_EXECUTION_ENGINE.ps1","54","function","ensureDirs","function ensureDirs() {"
"INSTALL_MILES_WORKFORCE_EXECUTION_ENGINE.ps1","59","function","findEmployee","function findEmployee(name) {"
"INSTALL_MILES_WORKFORCE_EXECUTION_ENGINE.ps1","66","function","defaultRecommendation","function defaultRecommendation(task, employee) {"
"INSTALL_MILES_WORKFORCE_EXECUTION_ENGINE.ps1","86","class","WorkforceExecutionService","class WorkforceExecutionService {"
"INSTALL_MILES_WORKFORCE_EXECUTION_ENGINE.ps1","87","method_or_function","executeStep","executeStep(task = {}) {"
"INSTALL_MILES_WORKFORCE_EXECUTION_ENGINE.ps1","139","method_or_function","verifyResult","verifyResult(result = {}) {"
"INSTALL_MILES_WORKFORCE_EXECUTION_ENGINE.ps1","160","method_or_function","executeAndVerify","executeAndVerify(task = {}) {"
"INSTALL_MILES_WORKFORCE_EXECUTION_ENGINE.ps1","204","class","ExecutionService","class ExecutionService {"
"INSTALL_MILES_WORKFORCE_EXECUTION_ENGINE.ps1","205","method_or_function","execute","async execute(task) {"
"INSTALL_MILES_WORKFORCE_EXECUTION_ENGINE.ps1","206","method_or_function","if","if (!task) {"
"INSTALL_MILES_WORKFORCE_EXECUTION_ENGINE.ps1","214","method_or_function","if","if (!authority.allowed) {"
"INSTALL_MILES_WORKFORCE_EXECUTION_ENGINE.ps1","230","method_or_function","if","if (task.type === ""WORKFORCE_STEP"") {"
"INSTALL_MILES_WORKFORCE_EXECUTION_ENGINE.ps1","241","method_or_function","executeWorkforceStep","async executeWorkforceStep(task) {"
"INSTALL_MILES_WORKFORCE_EXECUTION_ENGINE.ps1","270","method_or_function","executeInternalTask","async executeInternalTask(task) {"
"INSTALL_MILES_WORKFORCE_EXECUTION_ENGINE.ps1","291","method_or_function","executeConnectorTask","async executeConnectorTask(task, system, action) {"
"INSTALL_MILES_WORKFORCE_EXECUTION_ENGINE.ps1","295","method_or_function","if","if (!connector) {"
"INSTALL_MILES_WORKFORCE_EXECUTION_ENGINE.ps1","311","method_or_function","if","if (typeof connector.execute !== ""function"") {"
"INSTALL_MILES_WORKFORCE_EXECUTION_ENGINE.ps1","366","method_or_function","runNext","async runNext() {"
"INSTALL_MILES_WORKFORCE_EXECUTION_ENGINE.ps1","369","method_or_function","if","if (!queued.length) {"
"INSTALL_MILES_WORKFORCE_EXECUTION_ENGINE.ps1","394","async function","main","async function main() {"
"MILES_BOOTSTRAP.ps1","3","function","Write","function Write-Log {"
"miles_connector_health.js","9","async function","main","async function main() {"
"miles_google_accounts_health.js","5","async function","main","async function main() {"
"miles_google_accounts_health.js","11","method_or_function","for","for (const account of health.accounts || []) {"
"MILES_RUNTIME_LOOP.ps1","8","function","Update","function Update-State {"
"MILES_RUNTIME_LOOP.ps1","16","method_or_function","foreach","foreach ($row in $state) {"
"MILES_RUNTIME_LOOP.ps1","17","method_or_function","if","if ($row.campaign_id -eq $campaignId) {"
"MILES_RUNTIME_LOOP.ps1","26","method_or_function","while","while ($true) {"
"MILES_RUNTIME_LOOP.ps1","31","method_or_function","foreach","foreach ($job in $exec) {"
"MILES_RUNTIME_LOOP.ps1","35","method_or_function","if","if (-not $seg) { continue }"
"MILES_SPRINT2_EXECUTION_LAYER.ps1","7","function","Write","function Write-FileSafe {"
"MILES_SPRINT2_EXECUTION_LAYER.ps1","14","method_or_function","if","if (Test-Path $Path) {"
"MILES_SPRINT2_EXECUTION_LAYER.ps1","32","function","safeRequire","function safeRequire(candidates) {"
"MILES_SPRINT2_EXECUTION_LAYER.ps1","33","method_or_function","for","for (const candidate of candidates) {"
"MILES_SPRINT2_EXECUTION_LAYER.ps1","51","function","now","function now() {"
"MILES_SPRINT2_EXECUTION_LAYER.ps1","55","function","json","function json(value) {"
"MILES_SPRINT2_EXECUTION_LAYER.ps1","59","function","parseJson","function parseJson(value, fallback = {}) {"
"MILES_SPRINT2_EXECUTION_LAYER.ps1","64","class","ExecutionService","class ExecutionService {"
"MILES_SPRINT2_EXECUTION_LAYER.ps1","65","method_or_function","constructor","constructor() {"
"MILES_SPRINT2_EXECUTION_LAYER.ps1","70","method_or_function","ensureSchema","ensureSchema() {"
"MILES_SPRINT2_EXECUTION_LAYER.ps1","125","method_or_function","addColumnIfMissing","addColumnIfMissing(table, column, definition) {"
"MILES_SPRINT2_EXECUTION_LAYER.ps1","132","method_or_function","log","log(level, message, details = {}) {"
"MILES_SPRINT2_EXECUTION_LAYER.ps1","150","method_or_function","classify","classify(task) {"
"MILES_SPRINT2_EXECUTION_LAYER.ps1","166","method_or_function","enqueue","enqueue(task) {"
"MILES_SPRINT2_EXECUTION_LAYER.ps1","199","method_or_function","if","if (status === ""APPROVAL_REQUIRED"") {"
"MILES_SPRINT2_EXECUTION_LAYER.ps1","210","method_or_function","getTask","getTask(id) {"
"MILES_SPRINT2_EXECUTION_LAYER.ps1","214","method_or_function","listTasks","listTasks(limit = 50) {"
"MILES_SPRINT2_EXECUTION_LAYER.ps1","218","method_or_function","nextQueuedTask","nextQueuedTask() {"
"MILES_SPRINT2_EXECUTION_LAYER.ps1","227","method_or_function","approve","approve(taskId, decidedBy = ""Kevin"") {"
"MILES_SPRINT2_EXECUTION_LAYER.ps1","243","method_or_function","reject","reject(taskId, decidedBy = ""Kevin"") {"
"MILES_SPRINT2_EXECUTION_LAYER.ps1","259","method_or_function","executeTask","async executeTask(task) {"
"MILES_SPRINT2_EXECUTION_LAYER.ps1","263","method_or_function","if","if (!connector) {"
"MILES_SPRINT2_EXECUTION_LAYER.ps1","267","method_or_function","if","if (typeof connector.execute !== ""function"") {"
"MILES_SPRINT2_EXECUTION_LAYER.ps1","282","method_or_function","if","if (typeof connector.verify === ""function"") {"
"MILES_SPRINT2_EXECUTION_LAYER.ps1","290","method_or_function","executeNext","async executeNext() {"
"MILES_SPRINT2_EXECUTION_LAYER.ps1","295","method_or_function","if","if (classification.decision === ""PROHIBITED"") {"
"MILES_SPRINT2_EXECUTION_LAYER.ps1","302","method_or_function","if","if (classification.decision === ""CEO_APPROVAL"" && task.approval_status !== ""APPROVED"") {"
"MILES_SPRINT2_EXECUTION_LAYER.ps1","350","class","SchedulerService","class SchedulerService {"
"MILES_SPRINT2_EXECUTION_LAYER.ps1","351","method_or_function","constructor","constructor() {"
"MILES_SPRINT2_EXECUTION_LAYER.ps1","357","method_or_function","tick","async tick() {"
"MILES_SPRINT2_EXECUTION_LAYER.ps1","367","method_or_function","start","start(intervalMs = this.intervalMs) {"
"MILES_SPRINT2_EXECUTION_LAYER.ps1","376","method_or_function","stop","stop() {"
"MILES_SPRINT2_EXECUTION_LAYER.ps1","383","method_or_function","status","status() {"
"MILES_SPRINT2_EXECUTION_LAYER.ps1","458","function","safeRequire","function safeRequire(candidates) {"
"MILES_SPRINT2_EXECUTION_LAYER.ps1","459","method_or_function","for","for (const candidate of candidates) {"
"MILES_SPRINT2_EXECUTION_LAYER.ps1","504","function","mount","function mount(route, modulePath) {"
"OpenMilesBrowser.js","3","async function","main","async function main() {"
"RUN_COO_LOOP_FOREVER.ps1","6","method_or_function","if","if (-not $env:MILES_COO_LOOP_INTERVAL_MS) {"
"RUN_COO_LOOP_FOREVER.ps1","18","method_or_function","while","while ($true) {"
"StartAutonomousCOO.js","8","function","boolFromEnv","function boolFromEnv(name, fallback) {"
"StartAutonomousCOO.js","14","function","intFromEnv","function intFromEnv(name, fallback) {"
"StartAutonomousCOO.js","19","async function","main","async function main() {"
"StartAutonomousCOO.js","81","method_or_function","if","if (mode === ""loop"") {"
"StartMiles.js","30","function","connectorDiscovery","function connectorDiscovery(){"
"StartMiles.js","35","function","runtimeStatus","function runtimeStatus(){"
"StartMilesProduction.js","46","function","log","function log(message) {"
"StartMilesProduction.js","50","function","scriptPathFor","function scriptPathFor(proc) {"
"StartMilesProduction.js","54","function","startProcess","function startProcess(proc) {"
"StartMilesProduction.js","55","method_or_function","if","if (!proc.enabled) {"
"StartMilesProduction.js","62","method_or_function","if","if (existing && !existing.child.killed) {"
"StartMilesProduction.js","97","method_or_function","if","if (record && record.child.pid === child.pid) {"
"StartMilesProduction.js","101","method_or_function","if","if (!shuttingDown && proc.enabled) {"
"StartMilesProduction.js","104","method_or_function","if","if (!shuttingDown) {"
"StartMilesProduction.js","112","function","startAll","function startAll() {"
"StartMilesProduction.js","113","method_or_function","for","for (const proc of processes) {"
"StartMilesProduction.js","118","function","statusSnapshot","function statusSnapshot() {"
"StartMilesProduction.js","121","method_or_function","for","for (const proc of processes) {"
"StartMilesProduction.js","145","function","shutdown","function shutdown(signal = ""MANUAL"") {"
"StartMilesProduction.js","164","method_or_function","if","if (!record.child.killed) {"
"StartMilesProduction.js","212","method_or_function","for","for (const service of snapshot.services) {"
"StartProductionSystem.js","44","function","startExecutionLoop","function startExecutionLoop() {"
"StartProductionSystem.js","50","method_or_function","if","if (executionLoopRunning) {"
"StartProductionSystem.js","79","function","startHeartbeat","function startHeartbeat() {"
"StartProductionSystem.js","95","async function","boot","async function boot() {"
"TestAutonomousDiscoveryEngine.js","3","async function","main","async function main() {"
"TestAutonomousLoop.js","3","async function","main","async function main() {"
"TestBrowserOS.js","4","async function","main","async function main() {"
"TestBrowserWorker.js","3","async function","main","async function main() {"
"TestExecutionEngine.js","4","async function","main","async function main() {"
"TestPersistentBrowserOS.js","3","async function","main","async function main() {"
"VERIFY_EXEC_003.ps1","17","method_or_function","foreach","foreach ($f in $required) { if (!(Test-Path (Join-Path $Root $f))) { $missing += $f } }"
"VERIFY_EXEC_003.ps1","18","method_or_function","if","if ($missing.Count -gt 0) { throw ""Missing files: $($missing -join ', ')"" }"
"VERIFY_EXEC_003.ps1","19","method_or_function","foreach","foreach ($f in $required) { node -c (Join-Path $Root $f) }"
"VERIFY_SELF_LEARNING.ps1","22","method_or_function","foreach","foreach ($File in $Required) {"
"VERIFY_SELF_LEARNING.ps1","27","method_or_function","if","if ($Missing.Count -gt 0) {"
"BuildDuplicateReport.js","13","method_or_function","for","for (const d of dupes) {"
"PATCH_fix_decision_engine.js","31","method_or_function","if","if (unhandledReadySegments.length > 0 && state.totalDailyCapacity > 0 && state.pendingApprovals.length === 0 && state.readyUploads.length === 0) {`"
"PATCH_fix_decision_engine_safe.js","25","method_or_function","if","if (unhandledReadySegments.length > 0 && state.totalDailyCapacity > 0 && state.pendingApprovals.length === 0 && state.readyUploads.length === 0) {`"
"CORE\authority.js","1","function","isProtectedOutboundDomain","function isProtectedOutboundDomain(text) {"
"CORE\authority.js","5","function","requiresApproval","function requiresApproval(system, action) {"
"CORE\AutonomousDiscoveryEngine.js","28","function","ensureDirs","function ensureDirs() {"
"CORE\AutonomousDiscoveryEngine.js","32","function","now","function now() {"
"CORE\AutonomousDiscoveryEngine.js","36","function","readJsonSafe","function readJsonSafe(filePath, fallback) {"
"CORE\AutonomousDiscoveryEngine.js","51","function","writeJson","function writeJson(filePath, data) {"
"CORE\AutonomousDiscoveryEngine.js","58","class","AutonomousDiscoveryEngine","class AutonomousDiscoveryEngine {"
"CORE\AutonomousDiscoveryEngine.js","60","method_or_function","constructor","constructor() {"
"CORE\AutonomousDiscoveryEngine.js","243","method_or_function","loadPreviousReport","loadPreviousReport() {"
"CORE\AutonomousDiscoveryEngine.js","247","method_or_function","existingAutonomousTasks","existingAutonomousTasks() {"
"CORE\AutonomousDiscoveryEngine.js","257","method_or_function","alreadyQueued","alreadyQueued(ruleId) {"
"CORE\AutonomousDiscoveryEngine.js","262","method_or_function","discover","discover(options = {}) {"
"CORE\AutonomousDiscoveryEngine.js","272","method_or_function","for","for (const rule of this.discoveryRules) {"
"CORE\AutonomousDiscoveryEngine.js","294","method_or_function","if","if (!detected) {"
"CORE\AutonomousDiscoveryEngine.js","339","method_or_function","status","status() {"
"CORE\AutonomousLoop.js","13","function","ensureDirs","function ensureDirs() {"
"CORE\AutonomousLoop.js","17","function","now","function now() {"
"CORE\AutonomousLoop.js","21","function","writeJson","function writeJson(filePath, data) {"
"CORE\AutonomousLoop.js","25","function","sleep","function sleep(ms) {"
"CORE\AutonomousLoop.js","29","class","AutonomousLoop","class AutonomousLoop {"
"CORE\AutonomousLoop.js","30","method_or_function","constructor","constructor() {"
"CORE\AutonomousLoop.js","39","method_or_function","status","status() {"
"CORE\AutonomousLoop.js","52","method_or_function","runOnce","async runOnce(options = {}) {"
"CORE\AutonomousLoop.js","97","method_or_function","start","async start(options = {}) {"
"CORE\AutonomousLoop.js","102","method_or_function","if","if (this.running) {"
"CORE\AutonomousLoop.js","118","method_or_function","while","while (this.running) {"
"CORE\AutonomousLoop.js","136","method_or_function","if","if (maxCycles && this.cycles >= maxCycles) {"
"CORE\AutonomousLoop.js","152","method_or_function","stop","stop() {"
"CORE\CommandQueue.js","16","function","now","function now() {"
"CORE\CommandQueue.js","20","function","ensure","function ensure() {"
"CORE\CommandQueue.js","30","function","read","function read(file) {"
"CORE\CommandQueue.js","40","function","write","function write(file, data) {"
"CORE\CommandQueue.js","45","function","id","function id(prefix = ""CMD"") {"
"CORE\CommandQueue.js","49","class","CommandQueue","class CommandQueue {"
"CORE\CommandQueue.js","50","method_or_function","constructor","constructor() {"
"CORE\CommandQueue.js","54","method_or_function","add","add(command = {}) {"
"CORE\CommandQueue.js","83","method_or_function","claim","claim(worker = ""UNKNOWN"") {"
"CORE\CommandQueue.js","108","method_or_function","complete","complete(id, result = {}) {"
"CORE\CommandQueue.js","135","method_or_function","fail","fail(id, error = {}) {"
"CORE\CommandQueue.js","166","method_or_function","list","list() {"
"CORE\CommandQueue.js","175","method_or_function","status","status() {"
"CORE\ConnectorManager.js","4","class","ConnectorManager","class ConnectorManager {"
"CORE\ConnectorManager.js","5","method_or_function","constructor","constructor() {"
"CORE\ConnectorManager.js","9","method_or_function","register","register(name, connector) {"
"CORE\ConnectorManager.js","10","method_or_function","if","if (!connector || typeof connector.healthCheck !== ""function"") {"
"CORE\ConnectorManager.js","18","method_or_function","get","get(name) {"
"CORE\ConnectorManager.js","22","method_or_function","list","list() {"
"CORE\ConnectorManager.js","26","method_or_function","healthCheckAll","async healthCheckAll() {"
"CORE\Database.js","5","class","MilesDatabase","class MilesDatabase {"
"CORE\Database.js","6","method_or_function","constructor","constructor() {"
"CORE\Database.js","20","method_or_function","initialize","initialize() {"
"CORE\Database.js","50","method_or_function","get","get() {"
"CORE\EventBus.js","4","class","MilesEventBus","class MilesEventBus extends EventEmitter {"
"CORE\EventBus.js","5","method_or_function","publish","publish(eventType, payload = {}) {"
"CORE\EventBus.js","17","method_or_function","subscribe","subscribe(eventType, handler) {"
"CORE\ExecutionEngine.js","6","class","ExecutionEngine","class ExecutionEngine {"
"CORE\ExecutionEngine.js","7","method_or_function","constructor","constructor() {"
"CORE\ExecutionEngine.js","11","method_or_function","status","status() {"
"CORE\ExecutionEngine.js","22","method_or_function","chooseRoute","chooseRoute(task = {}) {"
"CORE\ExecutionEngine.js","26","method_or_function","if","if (task.type === ""WORKFORCE_STEP"") {"
"CORE\ExecutionEngine.js","34","method_or_function","if","if (payload.browserSystem) {"
"CORE\ExecutionEngine.js","41","method_or_function","executeTask","async executeTask(task) {"
"CORE\ExecutionEngine.js","52","method_or_function","if","if (route === ""WORKFORCE"") {"
"CORE\ExecutionEngine.js","61","method_or_function","if","if (!connector || typeof connector.execute !== ""function"") {"
"CORE\ExecutionEngine.js","108","method_or_function","getNextQueuedTask","getNextQueuedTask() {"
"CORE\ExecutionEngine.js","114","method_or_function","runNext","async runNext() {"
"CORE\ExecutionEngine.js","117","method_or_function","if","if (!task) {"
"CORE\ExecutionEngine.js","130","method_or_function","runCycle","async runCycle(limit = 5) {"
"CORE\ExecutionEngine.js","133","method_or_function","for","for (let i = 0; i < limit; i++) {"
"CORE\ExecutionEngine.js","137","method_or_function","if","if (result.type === ""NO_TASK"") {"
"CORE\ExecutionOrchestrator.js","18","class","ExecutionOrchestrator","class ExecutionOrchestrator {"
"CORE\ExecutionOrchestrator.js","19","method_or_function","constructor","constructor() {"
"CORE\ExecutionOrchestrator.js","23","method_or_function","status","status() {"
"CORE\ExecutionOrchestrator.js","37","method_or_function","createAndQueueWorkflow","async createAndQueueWorkflow(objective, context = {}) {"
"CORE\ExecutionOrchestrator.js","38","method_or_function","if","if (!workflowService || typeof workflowService.createWorkflow !== ""function"") {"
"CORE\ExecutionOrchestrator.js","57","method_or_function","getNextWorkforceTask","getNextWorkforceTask() {"
"CORE\ExecutionOrchestrator.js","64","method_or_function","executeNextWorkforceStep","async executeNextWorkforceStep() {"
"CORE\ExecutionOrchestrator.js","65","method_or_function","if","if (!workforceExecutionService || typeof workforceExecutionService.executeAndVerify !== ""function"") {"
"CORE\ExecutionOrchestrator.js","74","method_or_function","if","if (!task) {"
"CORE\ExecutionOrchestrator.js","124","method_or_function","runCycle","async runCycle(limit = 5) {"
"CORE\ExecutionOrchestrator.js","127","method_or_function","for","for (let i = 0; i < limit; i++) {"
"CORE\ExecutionOrchestrator.js","131","method_or_function","if","if (result.type === ""NO_WORKFORCE_TASK"") {"
"CORE\HealthDashboard.js","5","async function","writeHealthDashboard","async function writeHealthDashboard() {"
"CORE\HealthDashboard.js","18","method_or_function","for","for (const r of results) {"
"CORE\logger.js","7","function","ensureLog","function ensureLog() {"
"CORE\logger.js","13","function","log","function log(system, action, result, notes = '') {"
"CORE\logger.js","19","function","info","function info(action, notes = """") {"
"CORE\logger.js","23","function","warn","function warn(action, notes = """") {"
"CORE\logger.js","27","function","error","function error(action, notes = """") {"
"CORE\miles.js","9","function","parseCsvSimple","function parseCsvSimple(text) {"
"CORE\miles.js","18","function","csvEscape","function csvEscape(v) {"
"CORE\miles.js","23","function","main","function main() {"
"CORE\RuntimeController.js","26","class","RuntimeController","class RuntimeController {"
"CORE\RuntimeController.js","27","method_or_function","constructor","constructor() {"
"CORE\RuntimeController.js","31","method_or_function","status","async status() {"
"CORE\RuntimeController.js","52","method_or_function","plan","async plan(objective, context = {}) {"
"CORE\RuntimeController.js","53","method_or_function","if","if (!plannerService || typeof plannerService.createPlan !== ""function"") {"
"CORE\RuntimeController.js","71","method_or_function","createWorkflow","async createWorkflow(objective, context = {}) {"
"CORE\RuntimeController.js","72","method_or_function","if","if (!workflowService || typeof workflowService.createWorkflow !== ""function"") {"
"CORE\RuntimeController.js","91","method_or_function","queueObjective","async queueObjective(objective, context = {}) {"
"CORE\RuntimeController.js","111","method_or_function","executeWorkforceStep","async executeWorkforceStep(taskId = null) {"
"CORE\RuntimeController.js","124","method_or_function","if","if (taskId) {"
"CORE\RuntimeController.js","132","method_or_function","if","if (!task) {"
"CORE\RuntimeController.js","175","method_or_function","handle","async handle(command = {}) {"
"CORE\RuntimeController.js","176","method_or_function","if","if (!command.action) {"
"CORE\RuntimeController.js","183","method_or_function","switch","switch (command.action) {"
"CORE\Supervisor.js","11","class","Supervisor","class Supervisor {"
"CORE\Supervisor.js","12","method_or_function","constructor","constructor() {"
"CORE\Supervisor.js","18","method_or_function","registerConnectors","async registerConnectors() {"
"CORE\Supervisor.js","25","method_or_function","for","for (const [name, connectorPath] of connectors) {"
"CORE\Supervisor.js","36","method_or_function","heartbeat","async heartbeat() {"
"CORE\Supervisor.js","41","method_or_function","for","for (const c of connectorResults) {"
"CORE\Supervisor.js","123","method_or_function","start","async start(intervalMs = 60000) {"
"CORE\Supervisor.js","124","method_or_function","if","if (this.running) {"
"CORE\Supervisor.js","144","method_or_function","stop","stop() {"
"CORE\Supervisor.js","145","method_or_function","if","if (this.interval) {"
"CORE\SystemIntelligence.js","94","function","exists","function exists(relativePath) {"
"CORE\SystemIntelligence.js","98","function","walk","function walk(dir) {"
"CORE\SystemIntelligence.js","125","function","readJsonSafe","function readJsonSafe(filePath, fallback) {"
"CORE\SystemIntelligence.js","136","function","writeJson","function writeJson(filePath, data) {"
"CORE\SystemIntelligence.js","146","class","SystemIntelligence","class SystemIntelligence {"
"CORE\SystemIntelligence.js","147","method_or_function","inventory","inventory() {"
"CORE\SystemIntelligence.js","150","method_or_function","for","for (const dir of IMPORTANT_DIRS) {"
"CORE\SystemIntelligence.js","170","method_or_function","assessCapabilities","assessCapabilities() {"
"CORE\SystemIntelligence.js","178","method_or_function","detectGaps","detectGaps() {"
"CORE\SystemIntelligence.js","195","method_or_function","updateBuildQueue","updateBuildQueue() {"
"CORE\SystemIntelligence.js","201","method_or_function","for","for (const item of existing) {"
"CORE\SystemIntelligence.js","205","method_or_function","for","for (const gap of gaps) {"
"CORE\SystemIntelligence.js","206","method_or_function","if","if (!byId[gap.id]) {"
"CORE\SystemIntelligence.js","218","method_or_function","report","report() {"
"CORE\TaskQueue.js","10","function","now","function now() {"
"CORE\TaskQueue.js","14","function","sleepSync","function sleepSync(ms) {"
"CORE\TaskQueue.js","18","class","TaskQueue","class TaskQueue {"
"CORE\TaskQueue.js","19","method_or_function","constructor","constructor() {"
"CORE\TaskQueue.js","32","method_or_function","ensureRuntime","ensureRuntime() {"
"CORE\TaskQueue.js","44","method_or_function","acquireLock","acquireLock() {"
"CORE\TaskQueue.js","49","method_or_function","for","for (let i = 0; i < maxAttempts; i++) {"
"CORE\TaskQueue.js","75","method_or_function","releaseLock","releaseLock() {"
"CORE\TaskQueue.js","81","method_or_function","withLock","withLock(fn) {"
"CORE\TaskQueue.js","84","method_or_function","if","if (!locked) {"
"CORE\TaskQueue.js","95","method_or_function","sanitizeJsonText","sanitizeJsonText(text) {"
"CORE\TaskQueue.js","101","method_or_function","backupCorruptQueue","backupCorruptQueue(reason) {"
"CORE\TaskQueue.js","127","method_or_function","readJsonDirect","readJsonDirect() {"
"CORE\TaskQueue.js","135","method_or_function","if","if (!raw) {"
"CORE\TaskQueue.js","148","method_or_function","writeJsonDirect","writeJsonDirect(tasks) {"
"CORE\TaskQueue.js","169","method_or_function","_read","_read() {"
"CORE\TaskQueue.js","174","method_or_function","for","for (let attempt = 1; attempt <= maxRetries; attempt++) {"
"CORE\TaskQueue.js","195","method_or_function","_write","_write(tasks) {"
"CORE\TaskQueue.js","201","method_or_function","calculateHealthScore","calculateHealthScore() {"
"CORE\TaskQueue.js","207","method_or_function","for","for (const t of tasks) {"
"CORE\TaskQueue.js","230","method_or_function","getStatus","getStatus() {"
"CORE\TaskQueue.js","243","method_or_function","add","add(type, payload = {}, priority = 50) {"
"CORE\TaskQueue.js","267","method_or_function","list","list(status = null) {"
"CORE\TaskQueue.js","272","method_or_function","update","update(id, patch) {"
"CORE\TaskQueue.js","276","method_or_function","if","if (index === -1) {"
"CORE\TestRuntimeController.js","3","async function","main","async function main() {"
"CORE\DepartmentRegistry.js","1","class","DepartmentRegistry","class DepartmentRegistry {"
"CORE\DepartmentRegistry.js","2","method_or_function","constructor","constructor() {"
"CORE\DepartmentRegistry.js","6","method_or_function","register","register(name, department) {"
"CORE\DepartmentRegistry.js","7","method_or_function","if","if (!name || !department) {"
"CORE\DepartmentRegistry.js","21","method_or_function","get","get(name) {"
"CORE\DepartmentRegistry.js","25","method_or_function","list","list() {"
"CORE\DepartmentRegistry.js","33","method_or_function","health","health() {"
"CORE\DepartmentRegistry.js","37","method_or_function","if","if (dept && typeof dept.status === ""function"") {"
"CORE\DepartmentRegistry.js","45","method_or_function","if","if (dept && typeof dept.getDashboard === ""function"") {"
"CORE\BROWSER\BrowserManager.js","22","class","BrowserManager","class BrowserManager {"
"CORE\BROWSER\BrowserManager.js","23","method_or_function","constructor","constructor() {"
"CORE\BROWSER\BrowserManager.js","28","method_or_function","ensureDirs","ensureDirs() {"
"CORE\BROWSER\BrowserManager.js","33","method_or_function","launch","async launch(headless = false) {"
"CORE\BROWSER\BrowserManager.js","36","method_or_function","if","if (this.context) {"
"CORE\BROWSER\BrowserManager.js","57","method_or_function","openSystem","async openSystem(systemName, url, options = {}) {"
"CORE\BROWSER\BrowserManager.js","82","method_or_function","currentUrl","async currentUrl(systemName) {"
"CORE\BROWSER\BrowserManager.js","99","method_or_function","screenshot","async screenshot(systemName) {"
"CORE\BROWSER\BrowserManager.js","126","method_or_function","openKnownSystem","async openKnownSystem(name, options = {}) {"
"CORE\BROWSER\BrowserManager.js","138","method_or_function","if","if (!systems[key]) {"
"CORE\BROWSER\BrowserManager.js","149","method_or_function","status","async status() {"
"CORE\BROWSER\BrowserManager.js","159","method_or_function","close","async close() {"
"CORE\BROWSER\BrowserManager.js","160","method_or_function","if","if (this.context) {"
"CORE\BROWSER\BrowserWorker.js","3","class","BrowserWorker","class BrowserWorker {"
"CORE\BROWSER\BrowserWorker.js","4","method_or_function","constructor","constructor() {"
"CORE\BROWSER\BrowserWorker.js","15","method_or_function","healthCheck","async healthCheck(system) {"
"CORE\BROWSER\BrowserWorker.js","18","method_or_function","if","if (!this.systems[key]) {"
"CORE\BROWSER\BrowserWorker.js","52","method_or_function","inspect","async inspect(system) {"
"CORE\BROWSER\BrowserWorker.js","55","method_or_function","if","if (!this.systems[key]) {"
"CORE\BROWSER\BrowserWorker.js","99","method_or_function","close","async close() {"
"CORE\BROWSER\SessionManager.js","7","class","SessionManager","class SessionManager {"
"CORE\BROWSER\SessionManager.js","8","method_or_function","constructor","constructor() {"
"CORE\BROWSER\SessionManager.js","14","method_or_function","sessionPath","sessionPath(name) {"
"CORE\BROWSER\SessionManager.js","18","method_or_function","exists","exists(name) {"
"CORE\BROWSER\SessionManager.js","22","method_or_function","list","list() {"
"CORE\BROWSER\SessionManager.js","28","method_or_function","get","get(name) {"
"CORE\BROWSER\SessionManager.js","32","method_or_function","status","status() {"
"CORE\CONFIG\BootstrapValidator.js","3","function","bootstrapValidate","function bootstrapValidate() {"
"CORE\CONFIG\ConfigurationManager.js","5","function","getEnv","function getEnv(key, fallback = null) {"
"CORE\CONFIG\ConfigurationManager.js","9","function","requireEnv","function requireEnv(key) {"
"CORE\CONFIG\ConfigurationManager.js","12","method_or_function","if","if (!value) {"
"CORE\CONFIG\ConfigurationManager.js","27","function","getConfigHealth","function getConfigHealth() {"
"CORE\Connectors\Ingestion\crmIngestor.js","5","class","CRMIngestor","class CRMIngestor {"
"CORE\Connectors\Ingestion\crmIngestor.js","7","method_or_function","receiveDealUpdate","receiveDealUpdate(deal) {"
"CORE\Connectors\Ingestion\gmailIngestor.js","5","class","GmailIngestor","class GmailIngestor {"
"CORE\Connectors\Ingestion\gmailIngestor.js","7","method_or_function","receiveEmail","receiveEmail(email) {"
"CORE\Connectors\Ingestion\instantlyIngestor.js","5","class","InstantlyIngestor","class InstantlyIngestor {"
"CORE\Connectors\Ingestion\instantlyIngestor.js","7","method_or_function","receiveLead","receiveLead(lead) {"
"CORE\ENGINEERING\EngineeringManager.js","18","function","ensure","function ensure() {"
"CORE\ENGINEERING\EngineeringManager.js","36","function","read","function read(file) {"
"CORE\ENGINEERING\EngineeringManager.js","42","function","write","function write(file, data) {"
"CORE\ENGINEERING\EngineeringManager.js","49","class","EngineeringManager","class EngineeringManager {"
"CORE\ENGINEERING\EngineeringManager.js","51","method_or_function","constructor","constructor() {"
"CORE\ENGINEERING\EngineeringManager.js","55","method_or_function","status","status() {"
"CORE\ENGINEERING\EngineeringManager.js","73","method_or_function","projects","projects() {"
"CORE\ENGINEERING\EngineeringManager.js","79","method_or_function","capabilities","capabilities() {"
"CORE\ENGINEERING\EngineeringManager.js","85","method_or_function","addCapability","addCapability(capability) {"
"CORE\ENGINEERING\EngineeringManager.js","93","method_or_function","if","if (existing) {"
"CORE\ENGINEERING\EngineeringManager.js","178","method_or_function","updateProject","updateProject(id, patch) {"
"CORE\ENGINEERING\EngineeringManager.js","186","method_or_function","if","if (index < 0) {"
"CORE\ENGINEERING\EngineeringManager.js","210","method_or_function","backlog","backlog() {"
"CORE\ENGINEERING\EngineeringManager.js","231","method_or_function","initializeBaseline","initializeBaseline() {"
"CORE\GATEWAY\CommandGateway.js","13","class","CommandGateway","class CommandGateway {"
"CORE\GATEWAY\CommandGateway.js","15","method_or_function","constructor","constructor() {"
"CORE\GATEWAY\CommandGateway.js","29","method_or_function","validate","validate(command = {}) {"
"CORE\GATEWAY\CommandGateway.js","31","method_or_function","if","if (!command.type) {"
"CORE\GATEWAY\CommandGateway.js","55","method_or_function","execute","async execute(command = {}) {"
"CORE\GATEWAY\CommandGateway.js","59","method_or_function","if","if (!validation.ok) {"
"CORE\GATEWAY\CommandGateway.js","65","method_or_function","switch","switch (command.type) {"
"CORE\Kernel\EventBus.js","11","class","MilesEventBus","class MilesEventBus extends EventEmitter {"
"CORE\Kernel\EventBus.js","13","method_or_function","publish","publish(eventType, payload = {}) {"
"CORE\Kernel\EventBus.js","29","method_or_function","subscribe","subscribe(eventType, handler) {"
"CORE\Kernel\EventBus.js","33","method_or_function","emitEvent","emitEvent(eventType, payload = {}) {"
"CORE\Kernel\EventBus.js","37","method_or_function","onAny","onAny(handler) {"
"CORE\Kernel\HealthMonitor.js","4","class","HealthMonitor","class HealthMonitor {"
"CORE\Kernel\HealthMonitor.js","5","method_or_function","constructor","constructor() {"
"CORE\Kernel\HealthMonitor.js","10","method_or_function","start","start() {"
"CORE\Kernel\HealthMonitor.js","20","method_or_function","check","check() {"
"CORE\Kernel\HealthMonitor.js","30","method_or_function","getSnapshot","getSnapshot() {"
"CORE\Kernel\HealthMonitor.js","34","method_or_function","stop","stop() {"
"CORE\Kernel\HealthMonitor.js","35","method_or_function","if","if (this.interval) {"
"CORE\Kernel\MilesKernel.js","12","class","MilesKernel","class MilesKernel {"
"CORE\Kernel\MilesKernel.js","13","method_or_function","start","start() {"
"CORE\Kernel\MilesKernel.js","82","method_or_function","if","if (!connectors.length) {"
"CORE\Kernel\ServiceRegistry.js","3","class","ServiceRegistry","class ServiceRegistry {"
"CORE\Kernel\ServiceRegistry.js","5","method_or_function","constructor","constructor() {"
"CORE\Kernel\ServiceRegistry.js","15","method_or_function","register","register(name, service, options = {}) {"
"CORE\Kernel\ServiceRegistry.js","80","method_or_function","get","get(name) {"
"CORE\Kernel\ServiceRegistry.js","86","method_or_function","getRecord","getRecord(name) {"
"CORE\Kernel\ServiceRegistry.js","92","method_or_function","exists","exists(name) {"
"CORE\Kernel\ServiceRegistry.js","98","method_or_function","list","list() {"
"CORE\Kernel\ServiceRegistry.js","108","method_or_function","updateStatus","updateStatus(name, status) {"
"CORE\Kernel\ServiceRegistry.js","125","method_or_function","heartbeat","heartbeat(name) {"
"CORE\Kernel\ServiceRegistry.js","140","method_or_function","recordError","recordError(name, error) {"
"CORE\Kernel\ServiceRegistry.js","160","method_or_function","restart","restart(name) {"
"CORE\Kernel\ServiceRegistry.js","184","method_or_function","health","health() {"
"CORE\Kernel\ServiceRegistry.js","206","method_or_function","summary","summary() {"
"CORE\Kernel\ServiceRegistry.js","252","method_or_function","capabilities","capabilities() {"
"CORE\Kernel\ServiceRegistry.js","268","method_or_function","dependencies","dependencies() {"
"CORE\RECOVERY\RecoveryEngine.js","11","function","classifyFailure","function classifyFailure(task) {"
"CORE\RECOVERY\RecoveryEngine.js","50","function","classifyFailedTasks","function classifyFailedTasks(tasks = []) {"
"CORE\Runtime\MilesRuntime.js","13","class","MilesRuntime","class MilesRuntime {"
"CORE\Runtime\MilesRuntime.js","14","method_or_function","constructor","constructor(config = {}) {"
"CORE\Runtime\MilesRuntime.js","35","method_or_function","start","async start() {"
"CORE\Runtime\MilesRuntime.js","36","method_or_function","if","if (this.running) {"
"CORE\Runtime\MilesRuntime.js","48","method_or_function","while","while (this.running) {"
"CORE\Runtime\MilesRuntime.js","56","method_or_function","stop","stop() {"
"CORE\Runtime\MilesRuntime.js","61","method_or_function","runSingleCycle","async runSingleCycle() {"
"CORE\Runtime\MilesRuntime.js","65","method_or_function","runCycle","async runCycle() {"
"CORE\Runtime\MilesRuntime.js","100","method_or_function","if","if (workItems.length === 0) {"
"CORE\Runtime\MilesRuntime.js","142","method_or_function","for","for (const workItem of workItems) {"
"CORE\Runtime\MilesRuntime.js","204","method_or_function","processWorkItem","async processWorkItem(workItem, cycleId) {"
"CORE\Runtime\MilesRuntime.js","239","method_or_function","if","if (workflowResult.status === ""AWAITING_APPROVAL"") {"
"CORE\Runtime\MilesRuntime.js","270","method_or_function","for","for (const task of queuedTasks) {"
"CORE\Runtime\MilesRuntime.js","275","method_or_function","if","if (result.ok) {"
"CORE\Runtime\MilesRuntime.js","316","method_or_function","status","status() {"
"CORE\Runtime\MilesRuntime.js","326","method_or_function","sleep","sleep(ms) {"
"CORE\Runtime\MilesRuntime.js","331","method_or_function","if","if (require.main === module) {"
"CORE\STATE\ExecutiveState.js","12","function","ensureDir","function ensureDir() {"
"CORE\STATE\ExecutiveState.js","19","function","buildExecutiveState","function buildExecutiveState(input = {}) {"
"CORE\STATE\ExecutiveState.js","34","method_or_function","for","for (const item of config.optional || []) {"
"CORE\STATE\ExecutiveState.js","35","method_or_function","if","if (!item.present) {"
"CORE\STATE\ExecutiveState.js","41","method_or_function","if","if (c && c.healthy === false) {"
"CORE\STATE\ExecutiveState.js","46","method_or_function","if","if (workforce.ok === false) {"
"CORE\STATE\ExecutiveState.js","50","method_or_function","if","if (capabilities.ok === false) {"
"CORE\STATE\ExecutiveState.js","54","method_or_function","if","if (workflow.ok === false) {"
"CORE\STATE\ExecutiveState.js","99","function","readExecutiveState","function readExecutiveState() {"
"CORE\CANONICAL\Logger.js","10","function","ensure","function ensure() {"
"CORE\CANONICAL\Logger.js","14","function","write","function write(level, message, data = {}) {"
"CORE\CANONICAL\EventBus.js","6","class","CanonicalEventBus","class CanonicalEventBus extends EventEmitter {"
"CORE\CANONICAL\EventBus.js","7","method_or_function","publish","publish(type, payload = {}) {"
"CORE\CANONICAL\EventBus.js","22","method_or_function","subscribe","subscribe(type, handler) {"
"CORE\CANONICAL\EventBus.js","26","method_or_function","subscribeAll","subscribeAll(handler) {"
"CORE\CANONICAL\Registry.js","3","class","CanonicalRegistry","class CanonicalRegistry {"
"CORE\CANONICAL\Registry.js","4","method_or_function","constructor","constructor(name) {"
"CORE\CANONICAL\Registry.js","9","method_or_function","register","register(key, value) {"
"CORE\CANONICAL\Registry.js","19","method_or_function","get","get(key) {"
"CORE\CANONICAL\Registry.js","23","method_or_function","list","list() {"
"CORE\CANONICAL\Registry.js","27","method_or_function","has","has(key) {"
"CORE\CANONICAL\TaskQueue.js","10","function","ensure","function ensure() {"
"CORE\CANONICAL\TaskQueue.js","17","function","read","function read() {"
"CORE\CANONICAL\TaskQueue.js","26","function","write","function write(data) {"
"CORE\CANONICAL\TaskQueue.js","31","class","CanonicalTaskQueue","class CanonicalTaskQueue {"
"CORE\CANONICAL\TaskQueue.js","32","method_or_function","add","add(task) {"
"CORE\CANONICAL\TaskQueue.js","55","method_or_function","list","list() {"
"CORE\CANONICAL\TaskQueue.js","59","method_or_function","ready","ready() {"
"CORE\CANONICAL\TaskQueue.js","63","method_or_function","summary","summary() {"
"CORE\CANONICAL\Runtime.js","8","class","CanonicalRuntime","class CanonicalRuntime {"
"CORE\CANONICAL\Runtime.js","9","method_or_function","constructor","constructor() {"
"CORE\CANONICAL\Runtime.js","19","method_or_function","start","start() {"
"CORE\CANONICAL\Runtime.js","33","method_or_function","status","status() {"
"CORE\CANONICAL\EnterpriseStore.js","11","function","now","function now() {"
"CORE\CANONICAL\EnterpriseStore.js","15","function","ensureDir","function ensureDir() {"
"CORE\CANONICAL\EnterpriseStore.js","19","function","parseJson","function parseJson(value, fallback = {}) {"
"CORE\CANONICAL\EnterpriseStore.js","29","class","EnterpriseStore","class EnterpriseStore {"
"CORE\CANONICAL\EnterpriseStore.js","30","method_or_function","constructor","constructor() {"
"CORE\CANONICAL\EnterpriseStore.js","47","method_or_function","id","id(prefix) {"
"CORE\CANONICAL\EnterpriseStore.js","51","method_or_function","loadJson","loadJson() {"
"CORE\CANONICAL\EnterpriseStore.js","60","method_or_function","saveJson","saveJson() {"
"CORE\CANONICAL\EnterpriseStore.js","65","method_or_function","initJson","initJson() {"
"CORE\CANONICAL\EnterpriseStore.js","75","method_or_function","initSqlite","initSqlite() {"
"CORE\CANONICAL\EnterpriseStore.js","207","method_or_function","insertEvent","insertEvent(type, department, payload = {}) {"
"CORE\CANONICAL\EnterpriseStore.js","210","method_or_function","if","if (this.mode === ""sqlite"") {"
"CORE\CANONICAL\EnterpriseStore.js","222","method_or_function","addTask","addTask(task = {}) {"
"CORE\CANONICAL\EnterpriseStore.js","235","method_or_function","if","if (this.mode === ""sqlite"") {"
"CORE\CANONICAL\EnterpriseStore.js","250","method_or_function","upsertSegment","upsertSegment(segment = {}) {"
"CORE\CANONICAL\EnterpriseStore.js","268","method_or_function","if","if (this.mode === ""sqlite"") {"
"CORE\CANONICAL\EnterpriseStore.js","283","method_or_function","getSegments","getSegments() {"
"CORE\CANONICAL\EnterpriseStore.js","284","method_or_function","if","if (this.mode === ""sqlite"") {"
"CORE\CANONICAL\EnterpriseStore.js","291","method_or_function","getReadySegments","getReadySegments() {"
"CORE\CANONICAL\EnterpriseStore.js","298","method_or_function","upsertCampaign","upsertCampaign(campaign = {}) {"
"CORE\CANONICAL\EnterpriseStore.js","310","method_or_function","if","if (this.mode === ""sqlite"") {"
"CORE\CANONICAL\EnterpriseStore.js","323","method_or_function","getCampaigns","getCampaigns() {"
"CORE\CANONICAL\EnterpriseStore.js","324","method_or_function","if","if (this.mode === ""sqlite"") {"
"CORE\CANONICAL\EnterpriseStore.js","331","method_or_function","getActiveCampaigns","getActiveCampaigns() {"
"CORE\CANONICAL\EnterpriseStore.js","335","method_or_function","upsertDomain","upsertDomain(domain = {}) {"
"CORE\CANONICAL\EnterpriseStore.js","347","method_or_function","if","if (this.mode === ""sqlite"") {"
"CORE\CANONICAL\EnterpriseStore.js","360","method_or_function","getDomains","getDomains() {"
"CORE\CANONICAL\EnterpriseStore.js","361","method_or_function","if","if (this.mode === ""sqlite"") {"
"CORE\CANONICAL\EnterpriseStore.js","368","method_or_function","upsertInbox","upsertInbox(inbox = {}) {"
"CORE\CANONICAL\EnterpriseStore.js","381","method_or_function","if","if (this.mode === ""sqlite"") {"
"CORE\CANONICAL\EnterpriseStore.js","394","method_or_function","getInboxes","getInboxes() {"
"CORE\CANONICAL\EnterpriseStore.js","395","method_or_function","if","if (this.mode === ""sqlite"") {"
"CORE\CANONICAL\EnterpriseStore.js","402","method_or_function","getUsableInboxes","getUsableInboxes() {"
"CORE\CANONICAL\EnterpriseStore.js","411","method_or_function","createApproval","createApproval(approval = {}) {"
"CORE\CANONICAL\EnterpriseStore.js","422","method_or_function","if","if (this.mode === ""sqlite"") {"
"CORE\CANONICAL\EnterpriseStore.js","436","method_or_function","getPendingApprovals","getPendingApprovals(department = null) {"
"CORE\CANONICAL\EnterpriseStore.js","437","method_or_function","if","if (this.mode === ""sqlite"") {"
"CORE\CANONICAL\EnterpriseStore.js","448","method_or_function","createCapacityPlan","createCapacityPlan(plan = {}) {"
"CORE\CANONICAL\EnterpriseStore.js","464","method_or_function","if","if (this.mode === ""sqlite"") {"
"CORE\CANONICAL\EnterpriseStore.js","480","method_or_function","getLatestCapacityPlan","getLatestCapacityPlan() {"
"CORE\CANONICAL\EnterpriseStore.js","481","method_or_function","if","if (this.mode === ""sqlite"") {"
"CORE\CANONICAL\EnterpriseStore.js","489","method_or_function","createCapacityAllocation","createCapacityAllocation(allocation = {}) {"
"CORE\CANONICAL\EnterpriseStore.js","506","method_or_function","if","if (this.mode === ""sqlite"") {"
"CORE\CANONICAL\EnterpriseStore.js","521","method_or_function","getCapacityAllocations","getCapacityAllocations(planId) {"
"CORE\CANONICAL\EnterpriseStore.js","522","method_or_function","if","if (this.mode === ""sqlite"") {"
"CORE\CANONICAL\EnterpriseStore.js","530","method_or_function","createUploadQueueItem","createUploadQueueItem(item = {}) {"
"CORE\CANONICAL\EnterpriseStore.js","550","method_or_function","if","if (this.mode === ""sqlite"") {"
"CORE\CANONICAL\EnterpriseStore.js","566","method_or_function","getUploadQueue","getUploadQueue(status = null) {"
"CORE\CANONICAL\EnterpriseStore.js","567","method_or_function","if","if (this.mode === ""sqlite"") {"
"CORE\CANONICAL\EnterpriseStore.js","578","method_or_function","createUploadQueueRun","createUploadQueueRun(run = {}) {"
"CORE\CANONICAL\EnterpriseStore.js","587","method_or_function","if","if (this.mode === ""sqlite"") {"
"CORE\CANONICAL\EnterpriseStore.js","600","method_or_function","setSetting","setSetting(key, value) {"
"CORE\CANONICAL\EnterpriseStore.js","603","method_or_function","if","if (this.mode === ""sqlite"") {"
"CORE\CANONICAL\EnterpriseStore.js","615","method_or_function","getSetting","getSetting(key, fallback = null) {"
"CORE\CANONICAL\EnterpriseStore.js","616","method_or_function","if","if (this.mode === ""sqlite"") {"
"CORE\CANONICAL\EnterpriseStore.js","625","method_or_function","count","count(table) {"
"CORE\CANONICAL\EnterpriseStore.js","626","method_or_function","if","if (this.mode === ""sqlite"") {"
"CORE\CANONICAL\EnterpriseStore.js","633","method_or_function","stats","stats() {"
"SERVICES\ActionAuditService.js","16","function","ensureDir","function ensureDir(dir) { fs.mkdirSync(dir, { recursive: true }); }"
"SERVICES\ActionAuditService.js","17","function","readJson","function readJson(file, fallback) {"
"SERVICES\ActionAuditService.js","23","function","writeJson","function writeJson(file, value) {"
"SERVICES\ActionAuditService.js","28","class","ActionAuditService","class ActionAuditService {"
"SERVICES\ActionAuditService.js","29","method_or_function","append","append(record) {"
"SERVICES\ActionAuditService.js","42","method_or_function","read","read(limit = 100) {"
"SERVICES\ActionAuditService.js","46","method_or_function","run","run() {"
"SERVICES\ActionDispatcherService.js","19","function","ensureDir","function ensureDir(dir) { fs.mkdirSync(dir, { recursive: true }); }"
"SERVICES\ActionDispatcherService.js","20","function","writeJson","function writeJson(file, value) {"
"SERVICES\ActionDispatcherService.js","25","class","ActionDispatcherService","class ActionDispatcherService {"
"SERVICES\ActionDispatcherService.js","26","method_or_function","dispatch","dispatch(actionRecord, provider) {"
"SERVICES\ActionDispatcherService.js","29","method_or_function","if","if (!provider) {"
"SERVICES\ActionDispatcherService.js","33","method_or_function","if","if (provider.canExecute !== true) {"
"SERVICES\ActionDispatcherService.js","46","method_or_function","if","if (provider.id === ""filesystem"") {"
"SERVICES\ActionDispatcherService.js","50","method_or_function","if","if (provider.id === ""orion"") {"
"SERVICES\ActionDispatcherService.js","54","method_or_function","if","if (provider.id === ""general_operations"") {"
"SERVICES\ActionDispatcherService.js","61","method_or_function","dispatchFilesystem","dispatchFilesystem(actionRecord, startedAt) {"
"SERVICES\ActionDispatcherService.js","64","method_or_function","if","if (operation === ""WRITE_JSON"") {"
"SERVICES\ActionDispatcherService.js","85","method_or_function","dispatchInternalRecord","dispatchInternalRecord(actionRecord, startedAt, message) {"
"SERVICES\ActionDispatcherService.js","107","method_or_function","result","result(ok, actionRecord, startedAt, status, message) {"
"SERVICES\ActionEngineService.js","30","function","ensureDir","function ensureDir(dir) { fs.mkdirSync(dir, { recursive: true }); }"
"SERVICES\ActionEngineService.js","31","function","readJson","function readJson(file, fallback) {"
"SERVICES\ActionEngineService.js","37","function","writeJson","function writeJson(file, value) {"
"SERVICES\ActionEngineService.js","42","class","ActionEngineService","class ActionEngineService {"
"SERVICES\ActionEngineService.js","43","method_or_function","constructor","constructor(options = {}) {"
"SERVICES\ActionEngineService.js","50","method_or_function","run","run(input = {}) {"
"SERVICES\ActionEngineService.js","75","method_or_function","if","if (item.requiresKevin === true || item.executionType === ""APPROVAL_REQUIRED"") {"
"SERVICES\ActionEngineService.js","109","method_or_function","if","if (verification.verified === true) {"
"SERVICES\ActionEngineService.js","185","method_or_function","normalizeWorkItem","normalizeWorkItem(item, mode) {"
"SERVICES\ActionEngineService.js","230","method_or_function","detectOperation","detectOperation(text, provider) {"
"SERVICES\ActionEngineService.js","243","method_or_function","save","save(result) {"
"SERVICES\ActionEngineService.js","249","method_or_function","renderReport","renderReport(result) {"
"SERVICES\ActionHistoryService.js","16","function","ensureDir","function ensureDir(dir) { fs.mkdirSync(dir, { recursive: true }); }"
"SERVICES\ActionHistoryService.js","17","function","readJson","function readJson(file, fallback) {"
"SERVICES\ActionHistoryService.js","23","function","writeJson","function writeJson(file, value) {"
"SERVICES\ActionHistoryService.js","28","class","ActionHistoryService","class ActionHistoryService {"
"SERVICES\ActionHistoryService.js","29","method_or_function","append","append(record) {"
"SERVICES\ActionHistoryService.js","40","method_or_function","getRecent","getRecent(limit = 100) {"
"SERVICES\ActionHistoryService.js","44","method_or_function","summarize","summarize() {"
"SERVICES\ActionHistoryService.js","48","method_or_function","for","for (const item of history) {"
"SERVICES\ActionHistoryService.js","57","method_or_function","run","run() {"
"SERVICES\ActionRetryService.js","9","class","ActionRetryService","class ActionRetryService {"
"SERVICES\ActionRetryService.js","10","method_or_function","shouldRetry","shouldRetry(actionRecord, dispatchResult, verification) {"
"SERVICES\ActionRetryService.js","21","method_or_function","buildRetry","buildRetry(actionRecord, reason) {"
"SERVICES\ActionVerificationService.js","12","class","ActionVerificationService","class ActionVerificationService {"
"SERVICES\ActionVerificationService.js","13","method_or_function","verify","verify(actionRecord, dispatchResult = {}) {"
"SERVICES\ActionVerificationService.js","17","method_or_function","if","if (dispatchResult.status === ""NEEDS_PROVIDER_CONNECTOR"") {"
"SERVICES\ActionVerificationService.js","29","method_or_function","if","if (provider === ""filesystem"" && actionRecord.payload?.verifyFile) {"
"SERVICES\ATLASRuntimeInspector.js","18","function","now","function now() {"
"SERVICES\ATLASRuntimeInspector.js","22","function","read","function read(file) {"
"SERVICES\ATLASRuntimeInspector.js","30","function","exists","function exists(file) {"
"SERVICES\ATLASRuntimeInspector.js","34","function","run","function run(cmd) {"
"SERVICES\ATLASRuntimeInspector.js","47","method_or_function","if","if (err.stdout) {"
"SERVICES\ATLASRuntimeInspector.js","51","method_or_function","if","if (err.stderr) {"
"SERVICES\ATLASRuntimeInspector.js","59","class","ATLASRuntimeInspector","class ATLASRuntimeInspector {"
"SERVICES\ATLASRuntimeInspector.js","61","method_or_function","constructor","constructor() {"
"SERVICES\ATLASRuntimeInspector.js","68","method_or_function","inspect","inspect() {"
"SERVICES\ATLASRuntimeInspector.js","98","method_or_function","inspectPM2","inspectPM2() {"
"SERVICES\ATLASRuntimeInspector.js","110","method_or_function","inspectRuntime","inspectRuntime() {"
"SERVICES\ATLASRuntimeInspector.js","171","method_or_function","validateArchitecture","validateArchitecture() {"
"SERVICES\ATLASRuntimeInspector.js","225","method_or_function","if","if (!runtime.cooWorkerUsesAutonomous) {"
"SERVICES\ATLASRuntimeInspector.js","254","method_or_function","if","if (!runtime.startupLoadsCooWorker) {"
"SERVICES\ATLASRuntimeInspector.js","267","method_or_function","if","if (!runtime.startupLoadsAtlasWorker) {"
"SERVICES\ATLASRuntimeInspector.js","280","method_or_function","if","if (!runtime.startupEmitsCOOTick) {"
"SERVICES\ATLASRuntimeInspector.js","295","method_or_function","if","if (!value) {"
"SERVICES\ATLASRuntimeInspector.js","339","method_or_function","buildRecommendations","buildRecommendations(report) {"
"SERVICES\ATLASRuntimeInspector.js","343","method_or_function","for","for (const d of report.architecture.drift || []) {"
"SERVICES\ATLASRuntimeInspector.js","360","method_or_function","for","for (const w of report.architecture.warnings || []) {"
"SERVICES\ATLASRuntimeInspector.js","377","method_or_function","if","if (recs.length === 0) {"
"SERVICES\ATLASRuntimeInspector.js","399","method_or_function","persist","persist(report) {"
"SERVICES\AutonomousCompanyOperatingSystem.js","15","class","AutonomousCompanyOperatingSystem","class AutonomousCompanyOperatingSystem extends EventEmitter {"
"SERVICES\AutonomousCompanyOperatingSystem.js","49","method_or_function","start","start() {"
"SERVICES\AutonomousCompanyOperatingSystem.js","85","method_or_function","runCompanyCycle","async runCompanyCycle() {"
"SERVICES\AutonomousCompanyOperatingSystem.js","122","method_or_function","processLeads","async processLeads(leads) {"
"SERVICES\AutonomousCompanyOperatingSystem.js","132","method_or_function","processReplies","async processReplies(replies) {"
"SERVICES\AutonomousCompanyOperatingSystem.js","138","method_or_function","if","if (result?.summary?.interested > 0) {"
"SERVICES\AutonomousCompanyOperatingSystem.js","146","method_or_function","processDeals","async processDeals(data) {"
"SERVICES\AutonomousCompanyOperatingSystem.js","156","method_or_function","makeCompanyDecision","makeCompanyDecision() {"
"SERVICES\AutonomousCompanyOperatingSystem.js","158","method_or_function","if","if (this.state.systemHealth < 50) {"
"SERVICES\AutonomousCompanyOperatingSystem.js","162","method_or_function","if","if (this.state.revenueScore < 40) {"
"SERVICES\AutonomousCompanyOperatingSystem.js","166","method_or_function","if","if (this.state.revenueScore > 75) {"
"SERVICES\AutonomousCompanyOperatingSystem.js","176","method_or_function","applyOptimization","async applyOptimization() {"
"SERVICES\AutonomousCompanyOperatingSystem.js","180","method_or_function","if","if (mode === ""AGGRESSIVE_GROWTH_MODE"") {"
"SERVICES\AutonomousCompanyOperatingSystem.js","184","method_or_function","if","if (mode === ""SYSTEM_RECOVERY_MODE"") {"
"SERVICES\AutonomousCompanyOperatingSystem.js","188","method_or_function","if","if (mode === ""SCALE_MODE"") {"
"SERVICES\AutonomousCompanyOperatingSystem.js","196","method_or_function","calculateRevenueScore","calculateRevenueScore(revenue) {"
"SERVICES\AutonomousCOOLoopService.backup.js","23","function","now","function now() {"
"SERVICES\AutonomousCOOLoopService.backup.js","27","function","clamp","function clamp(v) {"
"SERVICES\AutonomousCOOLoopService.backup.js","31","function","score","function score(status) {"
"SERVICES\AutonomousCOOLoopService.backup.js","39","class","AutonomousCOOLoopService","class AutonomousCOOLoopService {"
"SERVICES\AutonomousCOOLoopService.backup.js","41","method_or_function","constructor","constructor(options = {}) {"
"SERVICES\AutonomousCOOLoopService.backup.js","58","method_or_function","runOnce","async runOnce() {"
"SERVICES\AutonomousCOOLoopService.backup.js","110","method_or_function","buildHealth","buildHealth(state) {"
"SERVICES\AutonomousCOOLoopService.backup.js","144","method_or_function","buildRevenuePipeline","buildRevenuePipeline(state) {"
"SERVICES\AutonomousCOOLoopService.backup.js","288","method_or_function","buildLeadLifecycle","buildLeadLifecycle(pipeline) {"
"SERVICES\AutonomousCOOLoopService.backup.js","291","method_or_function","for","for (const p of pipeline.pipeline || []) {"
"SERVICES\AutonomousCOOLoopService.backup.js","310","method_or_function","selfRepair","selfRepair(state, health) {"
"SERVICES\AutonomousCOOLoopService.backup.js","315","method_or_function","if","if (failed > 0) {"
"SERVICES\AutonomousCOOLoopService.backup.js","322","method_or_function","if","if (health.overallScore < 75) {"
"SERVICES\AutonomousCOOLoopService.backup.js","332","method_or_function","buildMission","buildMission(health, pipeline, lifecycle, cycleId) {"
"SERVICES\AutonomousCOOLoopService.backup.js","335","method_or_function","for","for (const p of pipeline.pipeline || []) {"
"SERVICES\AutonomousCOOLoopService.backup.js","353","method_or_function","for","for (const l of lifecycle.lifecycle || []) {"
"SERVICES\AutonomousCOOLoopService.backup.js","370","method_or_function","for","for (const s of health.systems || []) {"
"SERVICES\AutonomousCOOLoopService.backup.js","371","method_or_function","if","if (s.risk === ""HIGH"") {"
"SERVICES\AutonomousCOOLoopService.backup.js","391","method_or_function","createWork","createWork(mission) {"
"SERVICES\AutonomousCOOLoopService.backup.js","394","method_or_function","for","for (const p of mission.priorities || []) {"
"SERVICES\AutonomousCOOLoopService.backup.js","412","method_or_function","execute","async execute() {"
"SERVICES\AutonomousCOOLoopService.backup.js","415","method_or_function","for","for (let i = 0; i < this.maxExecutionPasses; i++) {"
"SERVICES\AutonomousCOOLoopService.backup.js","431","method_or_function","scoreClosure","scoreClosure(pipeline, lifecycle, repairs, health) {"
"SERVICES\AutonomousCOOLoopService.backup.js","463","method_or_function","persist","persist(result) {"
"SERVICES\AutonomousCOOLoopService.js","29","function","now","function now() {"
"SERVICES\AutonomousCOOLoopService.js","33","function","scoreStatus","function scoreStatus(status) {"
"SERVICES\AutonomousCOOLoopService.js","44","function","normalizePriority","function normalizePriority(value) {"
"SERVICES\AutonomousCOOLoopService.js","55","function","ensureDir","function ensureDir(dir) {"
"SERVICES\AutonomousCOOLoopService.js","59","class","AutonomousCOOLoopService","class AutonomousCOOLoopService {"
"SERVICES\AutonomousCOOLoopService.js","60","method_or_function","constructor","constructor(options = {}) {"
"SERVICES\AutonomousCOOLoopService.js","89","method_or_function","runOnce","async runOnce() {"
"SERVICES\AutonomousCOOLoopService.js","150","method_or_function","processBusinessOperationsBridge","async processBusinessOperationsBridge() {"
"SERVICES\AutonomousCOOLoopService.js","198","method_or_function","buildUniversalHealth","buildUniversalHealth(executiveState = {}) {"
"SERVICES\AutonomousCOOLoopService.js","310","method_or_function","buildMissionPlan","buildMissionPlan(executiveState = {}, health = {}, cycleId = null) {"
"SERVICES\AutonomousCOOLoopService.js","317","method_or_function","for","for (const system of health.systems || []) {"
"SERVICES\AutonomousCOOLoopService.js","318","method_or_function","if","if (system.risk === ""HIGH"") {"
"SERVICES\AutonomousCOOLoopService.js","337","method_or_function","if","if (system.risk === ""MEDIUM"") {"
"SERVICES\AutonomousCOOLoopService.js","393","method_or_function","for","for (const exception of exceptions) {"
"SERVICES\AutonomousCOOLoopService.js","445","method_or_function","if","if (priorities.length === 0) {"
"SERVICES\AutonomousCOOLoopService.js","484","method_or_function","missionItem","missionItem(input = {}) {"
"SERVICES\AutonomousCOOLoopService.js","509","method_or_function","deduplicateMissionItems","deduplicateMissionItems(items = []) {"
"SERVICES\AutonomousCOOLoopService.js","513","method_or_function","for","for (const item of items) {"
"SERVICES\AutonomousCOOLoopService.js","523","method_or_function","buildRepairPlan","buildRepairPlan(executiveState = {}, health = {}, mission = {}, cycleId = null) {"
"SERVICES\AutonomousCOOLoopService.js","526","method_or_function","for","for (const system of health.systems || []) {"
"SERVICES\AutonomousCOOLoopService.js","527","method_or_function","for","for (const exception of system.exceptions || []) {"
"SERVICES\AutonomousCOOLoopService.js","564","method_or_function","classifyRepair","classifyRepair(system = {}, exception = {}) {"
"SERVICES\AutonomousCOOLoopService.js","617","method_or_function","buildCapabilityBacklog","buildCapabilityBacklog(executiveState = {}, health = {}, cycleId = null) {"
"SERVICES\AutonomousCOOLoopService.js","722","method_or_function","createMissionWork","createMissionWork(mission = {}, repairPlan = {}, backlog = {}) {"
"SERVICES\AutonomousCOOLoopService.js","725","method_or_function","for","for (const item of mission.priorities || []) {"
"SERVICES\AutonomousCOOLoopService.js","749","method_or_function","for","for (const repair of repairPlan.repairs || []) {"
"SERVICES\AutonomousCOOLoopService.js","802","method_or_function","queueAuthorizedWorkflows","queueAuthorizedWorkflows() {"
"SERVICES\AutonomousCOOLoopService.js","813","method_or_function","if","if (this.workQueue && typeof this.workQueue.load === ""function"") {"
"SERVICES\AutonomousCOOLoopService.js","851","method_or_function","if","if (authorized.length === 0 && pendingItems.length > 0) {"
"SERVICES\AutonomousCOOLoopService.js","871","method_or_function","for","for (const item of authorized) {"
"SERVICES\AutonomousCOOLoopService.js","877","method_or_function","if","if (item.status !== ""Pending"") {"
"SERVICES\AutonomousCOOLoopService.js","934","method_or_function","if","if (item && item.id && this.workQueue && typeof this.workQueue.markFailed === ""function"") {"
"SERVICES\AutonomousCOOLoopService.js","955","method_or_function","runExecutionPasses","async runExecutionPasses() {"
"SERVICES\AutonomousCOOLoopService.js","958","method_or_function","for","for (let i = 0; i < this.maxExecutionPasses; i++) {"
"SERVICES\AutonomousCOOLoopService.js","969","method_or_function","if","if (result && result.message === ""No queued tasks"") {"
"SERVICES\AutonomousCOOLoopService.js","977","method_or_function","buildLearningSnapshot","buildLearningSnapshot() {"
"SERVICES\AutonomousCOOLoopService.js","978","method_or_function","if","if (!learningEngine || typeof learningEngine.analyze !== ""function"") {"
"SERVICES\AutonomousCOOLoopService.js","997","method_or_function","scoreAutonomy","scoreAutonomy(health = {}, mission = {}, repairPlan = {}, backlog = {}, learning = {}) {"
"SERVICES\AutonomousCOOLoopService.js","1043","method_or_function","safeQueueStats","safeQueueStats() {"
"SERVICES\AutonomousCOOLoopService.js","1062","method_or_function","start","async start() {"
"SERVICES\AutonomousCOOLoopService.js","1063","method_or_function","if","if (this.running) {"
"SERVICES\AutonomousCOOLoopService.js","1072","method_or_function","while","while (this.running) {"
"SERVICES\AutonomousCOOLoopService.js","1075","method_or_function","if","if (this.maxCycles && this.cyclesRun >= this.maxCycles) {"
"SERVICES\AutonomousCOOLoopService.js","1090","method_or_function","stop","stop() {"
"SERVICES\AutonomousCOOLoopService.js","1099","method_or_function","writeOutputs","writeOutputs(result, brief) {"
"SERVICES\AutonomousCOOLoopService.js","1166","method_or_function","toMarkdown","toMarkdown(result = {}) {"
"SERVICES\AutonomousCOOLoopService.js","1193","method_or_function","for","for (const item of result.mission?.priorities || []) {"
"SERVICES\AutonomousCOOLoopService.js","1203","method_or_function","for","for (const system of result.health?.systems || []) {"
"SERVICES\AutonomousCOOLoopService.js","1218","method_or_function","for","for (const gap of result.capabilityBacklog?.gaps || []) {"
"SERVICES\AutonomousCOOLoopService.js","1225","method_or_function","sleep","sleep(ms) {"
"SERVICES\AutonomousRevenueClosureLoop.js","3","class","AutonomousRevenueClosureLoop","class AutonomousRevenueClosureLoop {"
"SERVICES\AutonomousRevenueClosureLoop.js","4","method_or_function","constructor","constructor() {"
"SERVICES\AutonomousRevenueClosureLoop.js","8","method_or_function","run","async run(cooState) {"
"SERVICES\AutonomousRevenueClosureLoop.js","30","method_or_function","extractSignals","extractSignals(state) {"
"SERVICES\AutonomousRevenueClosureLoop.js","42","method_or_function","qualifyLeads","qualifyLeads(signals) {"
"SERVICES\AutonomousRevenueClosureLoop.js","45","method_or_function","for","for (const p of signals.pipeline || []) {"
"SERVICES\AutonomousRevenueClosureLoop.js","70","method_or_function","buildRevenueActions","buildRevenueActions(qualified) {"
"SERVICES\AutonomousRevenueClosureLoop.js","73","method_or_function","for","for (const q of qualified) {"
"SERVICES\AutonomousRevenueClosureLoop.js","74","method_or_function","if","if (q.score >= 85) {"
"SERVICES\BaseProviderController.js","3","class","BaseProviderController","class BaseProviderController {"
"SERVICES\BaseProviderController.js","4","method_or_function","constructor","constructor(options = {}) {"
"SERVICES\BaseProviderController.js","12","method_or_function","now","now() { return new Date().toISOString(); }"
"SERVICES\BaseProviderController.js","14","method_or_function","hasCredentials","hasCredentials() {"
"SERVICES\BaseProviderController.js","18","method_or_function","status","status() {"
"SERVICES\BaseProviderController.js","30","method_or_function","connect","async connect() {"
"SERVICES\BaseProviderController.js","43","method_or_function","validate","async validate(operation) {"
"SERVICES\BaseProviderController.js","56","method_or_function","execute","async execute(actionRecord) {"
"SERVICES\BaseProviderController.js","59","method_or_function","if","if (!validation.ok) {"
"SERVICES\BaseProviderController.js","94","method_or_function","verify","async verify(actionRecord, executionResult) {"
"SERVICES\BaseProviderController.js","109","method_or_function","rollback","async rollback(actionRecord) {"
"SERVICES\BusinessExecutionEngineService.js","17","function","ensureDir","function ensureDir(dir) { fs.mkdirSync(dir, { recursive: true }); }"
"SERVICES\BusinessExecutionEngineService.js","18","function","readJson","function readJson(file, fallback) { try { if (!fs.existsSync(file)) return fallback; return JSON.parse(fs.readFileSync(file, ""utf8"")); } catch { return fallback; } }"
"SERVICES\BusinessExecutionEngineService.js","19","function","writeJson","function writeJson(file, value) { ensureDir(path.dirname(file)); fs.writeFileSync(file, JSON.stringify(value, null, 2), ""utf8""); }"
"SERVICES\BusinessExecutionEngineService.js","21","class","BusinessExecutionEngineService","class BusinessExecutionEngineService {"
"SERVICES\BusinessExecutionEngineService.js","22","method_or_function","run","async run(input = {}) {"
"SERVICES\BusinessExecutionEngineService.js","75","method_or_function","save","save(result) {"
"SERVICES\BusinessExecutionEngineService.js","84","method_or_function","renderReport","renderReport(result) {"
"SERVICES\BusinessOperationsBridgeService.js","16","function","now","function now() {"
"SERVICES\BusinessOperationsBridgeService.js","20","function","ensureDir","function ensureDir(dir) {"
"SERVICES\BusinessOperationsBridgeService.js","24","function","readJson","function readJson(file, fallback) {"
"SERVICES\BusinessOperationsBridgeService.js","33","function","writeJson","function writeJson(file, data) {"
"SERVICES\BusinessOperationsBridgeService.js","38","class","BusinessOperationsBridgeService","class BusinessOperationsBridgeService {"
"SERVICES\BusinessOperationsBridgeService.js","39","method_or_function","constructor","constructor(options = {}) {"
"SERVICES\BusinessOperationsBridgeService.js","66","method_or_function","log","log(message) {"
"SERVICES\BusinessOperationsBridgeService.js","70","method_or_function","readQueue","readQueue() {"
"SERVICES\BusinessOperationsBridgeService.js","78","method_or_function","writeQueue","writeQueue(queue) {"
"SERVICES\BusinessOperationsBridgeService.js","83","method_or_function","readMarketingQueue","readMarketingQueue() {"
"SERVICES\BusinessOperationsBridgeService.js","105","method_or_function","buildMarketingOperation","buildMarketingOperation(item = {}, index = 0) {"
"SERVICES\BusinessOperationsBridgeService.js","186","method_or_function","importMarketingWork","importMarketingWork() {"
"SERVICES\BusinessOperationsBridgeService.js","189","method_or_function","if","if (!marketingItems.length) {"
"SERVICES\BusinessOperationsBridgeService.js","216","method_or_function","if","if (!existing) {"
"SERVICES\BusinessOperationsBridgeService.js","261","method_or_function","isPending","isPending(operation) {"
"SERVICES\BusinessOperationsBridgeService.js","267","method_or_function","resolveProvider","resolveProvider(operation = {}) {"
"SERVICES\BusinessOperationsBridgeService.js","277","method_or_function","if","if (explicitProvider) {"
"SERVICES\BusinessOperationsBridgeService.js","330","method_or_function","normalizePriority","normalizePriority(value) {"
"SERVICES\BusinessOperationsBridgeService.js","346","method_or_function","buildTaskParts","buildTaskParts(operation = {}) {"
"SERVICES\BusinessOperationsBridgeService.js","442","method_or_function","enqueueTask","enqueueTask(operation) {"
"SERVICES\BusinessOperationsBridgeService.js","443","method_or_function","if","if (!this.taskQueue) {"
"SERVICES\BusinessOperationsBridgeService.js","453","method_or_function","if","if (typeof this.taskQueue.add !== ""function"") {"
"SERVICES\BusinessOperationsBridgeService.js","460","method_or_function","markOperation","markOperation(operationId, patch) {"
"SERVICES\BusinessOperationsBridgeService.js","478","method_or_function","runOnce","async runOnce() {"
"SERVICES\BusinessOperationsBridgeService.js","479","method_or_function","if","if (!this.enabled) {"
"SERVICES\BusinessOperationsBridgeService.js","502","method_or_function","if","if (!pending.length) {"
"SERVICES\BusinessOperationsBridgeService.js","522","method_or_function","for","for (const operation of pending) {"
"SERVICES\BusinessOperationsBridgeService.js","566","method_or_function","getStatus","getStatus() {"
"SERVICES\BusinessStateAggregator.js","16","class","BusinessStateAggregator","class BusinessStateAggregator {"
"SERVICES\BusinessStateAggregator.js","18","method_or_function","constructor","constructor(providerStates = []) {"
"SERVICES\BusinessStateAggregator.js","22","method_or_function","build","async build() {"
"SERVICES\BusinessStateAggregator.js","44","method_or_function","for","for (const provider of this.providerStates) {"
"SERVICES\CapabilityRegistryService.js","31","function","ensureDir","function ensureDir(dir) {"
"SERVICES\CapabilityRegistryService.js","35","function","readJson","function readJson(file) {"
"SERVICES\CapabilityRegistryService.js","42","function","writeJson","function writeJson(name, data) {"
"SERVICES\CapabilityRegistryService.js","47","function","unique","function unique(values) {"
"SERVICES\CapabilityRegistryService.js","51","class","CapabilityRegistryService","class CapabilityRegistryService {"
"SERVICES\CapabilityRegistryService.js","53","method_or_function","run","run() {"
"SERVICES\CapabilityRegistryService.js","84","method_or_function","buildRegistry","buildRegistry() {"
"SERVICES\CapabilityRegistryService.js","109","method_or_function","extractCapabilities","extractCapabilities(components) {"
"SERVICES\CapabilityRegistryService.js","112","method_or_function","for","for (const component of components) {"
"SERVICES\CapabilityRegistryService.js","117","method_or_function","for","for (const cap of all) {"
"SERVICES\CapabilityRegistryService.js","157","method_or_function","for","for (const cap of capabilities) {"
"SERVICES\CapabilityRegistryService.js","167","method_or_function","inferCapabilities","inferCapabilities(component) {"
"SERVICES\CapabilityRegistryService.js","218","method_or_function","isExecutable","isExecutable(component) {"
"SERVICES\CapabilityRegistryService.js","231","method_or_function","buildOwnerMap","buildOwnerMap(capabilities) {"
"SERVICES\CapabilityRegistryService.js","234","method_or_function","for","for (const cap of capabilities) {"
"SERVICES\CapabilityRegistryService.js","235","method_or_function","for","for (const owner of cap.owners) {"
"SERVICES\CapabilityRegistryService.js","249","method_or_function","buildExecutionMap","buildExecutionMap(capabilities) {"
"SERVICES\CapabilityRegistryService.js","252","method_or_function","for","for (const cap of capabilities) {"
"SERVICES\CapabilityRegistryService.js","282","method_or_function","findCapabilityGaps","findCapabilityGaps(capabilities) {"
"SERVICES\CapabilityRegistryService.js","311","method_or_function","scoreAutonomy","scoreAutonomy(capabilities, gaps) {"
"SERVICES\CapabilityRegistryService.js","347","method_or_function","statistics","statistics(capabilities, gaps) {"
"SERVICES\CapabilityRegistryService.js","358","method_or_function","category","category(capabilityId) {"
"SERVICES\CapabilityRegistryService.js","370","method_or_function","governance","governance(capabilityId) {"
"SERVICES\CapabilityRegistryService.js","384","method_or_function","autonomyImpact","autonomyImpact(capabilityId) {"
"SERVICES\CapabilityRegistryService.js","391","method_or_function","describe","describe(capabilityId) {"
"SERVICES\CapabilityRegistryService.js","411","method_or_function","humanize","humanize(value) {"
"SERVICES\CapabilityRegistryService.js","417","method_or_function","save","save(registry) {"
"SERVICES\CapabilityRegistryService.js","443","method_or_function","renderReport","renderReport(registry) {"
"SERVICES\CapabilityService.js","5","class","CapabilityService","class CapabilityService {"
"SERVICES\CapabilityService.js","6","method_or_function","buildGraph","buildGraph() {"
"SERVICES\CapabilityService.js","23","method_or_function","findWorkers","findWorkers(capability) {"
"SERVICES\CapabilityService.js","35","method_or_function","findBestWorker","findBestWorker(capability) {"
"SERVICES\CapabilityService.js","39","method_or_function","if","if (!first) {"
"SERVICES\CapabilityService.js","54","method_or_function","planObjective","planObjective(objective, context = {}) {"
"SERVICES\CapabilityService.js","75","method_or_function","registryStatus","registryStatus() {"
"SERVICES\CodeRepairService.js","14","class","CodeRepairService","class CodeRepairService {"
"SERVICES\CodeRepairService.js","16","method_or_function","constructor","constructor() {"
"SERVICES\CodeRepairService.js","37","method_or_function","repair","repair(plan = {}) {"
"SERVICES\CodeRepairService.js","59","method_or_function","if","if (!plan.type) {"
"SERVICES\CodeRepairService.js","79","method_or_function","switch","switch (plan.type) {"
"SERVICES\CodeRepairService.js","131","method_or_function","catch","catch (err) {"
"SERVICES\CodeRepairService.js","143","method_or_function","repairMissingRequire","repairMissingRequire(plan, result) {"
"SERVICES\CodeRepairService.js","157","method_or_function","repairInvalidImport","repairInvalidImport(plan, result) {"
"SERVICES\CodeRepairService.js","171","method_or_function","registerProvider","registerProvider(plan, result) {"
"SERVICES\CodeRepairService.js","185","method_or_function","registerConnector","registerConnector(plan, result) {"
"SERVICES\CodeRepairService.js","199","method_or_function","repairJson","repairJson(plan, result) {"
"SERVICES\CodeRepairService.js","222","method_or_function","repairPath","repairPath(plan, result) {"
"SERVICES\CodeRepairService.js","236","method_or_function","repairConfig","repairConfig(plan, result) {"
"SERVICES\CodeRepairService.js","250","method_or_function","repairLogging","repairLogging(plan, result) {"
"SERVICES\CodeRepairService.js","264","method_or_function","createFolder","createFolder(plan, result) {"
"SERVICES\CodeRepairService.js","289","method_or_function","repairProvider","repairProvider(plan, result) {"
"SERVICES\CommandIntentPlannerService.js","26","class","CommandIntentPlannerService","class CommandIntentPlannerService {"
"SERVICES\CommandIntentPlannerService.js","27","method_or_function","plan","plan(operation = {}) {"
"SERVICES\CommandIntentPlannerService.js","61","method_or_function","resolveIntent","resolveIntent(text, operation = {}) {"
"SERVICES\CommandIntentPlannerService.js","153","method_or_function","resolveWorkflow","resolveWorkflow(text, intent, operation = {}) {"
"SERVICES\CommandIntentPlannerService.js","156","method_or_function","if","if (intent === ""ENGINEERING"") {"
"SERVICES\CommandIntentPlannerService.js","176","method_or_function","if","if (intent === ""EXECUTIVE_AUDIT"") {"
"SERVICES\CommandIntentPlannerService.js","180","method_or_function","if","if (intent === ""CONNECTOR_OPERATION"") {"
"SERVICES\CommandIntentPlannerService.js","187","method_or_function","if","if (intent === ""BUSINESS_OPERATION"") {"
"SERVICES\CommandIntentPlannerService.js","198","method_or_function","resolveCapability","resolveCapability(text, intent, workflow, operation = {}) {"
"SERVICES\CommandIntentPlannerService.js","201","method_or_function","if","if (intent === ""ENGINEERING"") {"
"SERVICES\CommandIntentPlannerService.js","233","method_or_function","if","if (intent === ""EXECUTIVE_AUDIT"") {"
"SERVICES\CommandIntentPlannerService.js","246","method_or_function","resolveProvider","resolveProvider(text, intent, workflow, capability, operation = {}) {"
"SERVICES\CommandIntentPlannerService.js","247","method_or_function","if","if (operation.provider && intent === ""CONNECTOR_OPERATION"") {"
"SERVICES\CommandIntentPlannerService.js","263","method_or_function","resolveAction","resolveAction(text, intent, workflow, capability, provider, operation = {}) {"
"SERVICES\CommandIntentPlannerService.js","264","method_or_function","if","if (operation.action && operation.forceAction === true) {"
"SERVICES\CommandIntentPlannerService.js","268","method_or_function","if","if (intent === ""ENGINEERING"") {"
"SERVICES\CommandIntentPlannerService.js","273","method_or_function","if","if (intent === ""EXECUTIVE_AUDIT"") {"
"SERVICES\CommandIntentPlannerService.js","277","method_or_function","if","if (provider === ""ORION"") {"
"SERVICES\CommandIntentPlannerService.js","289","method_or_function","if","if (provider === ""INSTANTLY"") {"
"SERVICES\CommandIntentPlannerService.js","302","method_or_function","resolveConnector","resolveConnector(provider, action, capability, operation = {}) {"
"SERVICES\CommandIntentPlannerService.js","303","method_or_function","if","if (operation.connector && operation.forceConnector === true) {"
"SERVICES\CommandIntentPlannerService.js","322","method_or_function","resolveSteps","resolveSteps(intent, workflow, capability, provider, connector, action) {"
"SERVICES\CommandIntentPlannerService.js","323","method_or_function","if","if (intent === ""ENGINEERING"") {"
"SERVICES\CommandIntentPlannerService.js","335","method_or_function","if","if (intent === ""EXECUTIVE_AUDIT"") {"
"SERVICES\CompanyStateService.js","31","function","ensureDir","function ensureDir(dir) {"
"SERVICES\CompanyStateService.js","35","function","readJson","function readJson(relativePath, fallback = null) {"
"SERVICES\CompanyStateService.js","46","function","writeJson","function writeJson(name, value) {"
"SERVICES\CompanyStateService.js","55","function","countQueue","function countQueue(queue, predicate) {"
"SERVICES\CompanyStateService.js","60","class","CompanyStateService","class CompanyStateService {"
"SERVICES\CompanyStateService.js","61","method_or_function","run","run(input = {}) {"
"SERVICES\CompanyStateService.js","93","method_or_function","buildState","buildState(input = {}) {"
"SERVICES\CompanyStateService.js","135","method_or_function","buildBusiness","buildBusiness(executiveState, executiveBrief) {"
"SERVICES\CompanyStateService.js","171","method_or_function","buildOperations","buildOperations(workQueue, executiveBrain, cooCycle) {"
"SERVICES\CompanyStateService.js","200","method_or_function","buildSystems","buildSystems(repository, capability) {"
"SERVICES\CompanyStateService.js","224","method_or_function","buildRisks","buildRisks(repository, capability, operations, systems, business) {"
"SERVICES\CompanyStateService.js","254","method_or_function","if","if (operations.workQueue.awaitingApproval > 0) {"
"SERVICES\CompanyStateService.js","263","method_or_function","if","if (operations.workQueue.blocked > 0) {"
"SERVICES\CompanyStateService.js","272","method_or_function","if","if (business.marketing.totalCampaigns > 0 && business.marketing.activeCampaigns < 2) {"
"SERVICES\CompanyStateService.js","284","method_or_function","buildPriorities","buildPriorities(risks, operations, systems, business) {"
"SERVICES\CompanyStateService.js","287","method_or_function","if","if (operations.workQueue.awaitingApproval > 0) {"
"SERVICES\CompanyStateService.js","296","method_or_function","if","if (operations.workQueue.blocked > 0) {"
"SERVICES\CompanyStateService.js","322","method_or_function","scoreHealth","scoreHealth(risks, operations, systems, business) {"
"SERVICES\CompanyStateService.js","325","method_or_function","for","for (const risk of risks) {"
"SERVICES\CompanyStateService.js","349","method_or_function","save","save(state) {"
"SERVICES\CompanyStateService.js","366","method_or_function","renderReport","renderReport(state) {"
"SERVICES\ConfidenceScoringService.js","8","class","ConfidenceScoringService","class ConfidenceScoringService {"
"SERVICES\ConfidenceScoringService.js","9","method_or_function","run","run({ decisionLearning, failureLearning, routingLearning, priorityLearning }) {"
"SERVICES\ConnectorRuntimeManager.js","5","class","ConnectorRuntimeManager","class ConnectorRuntimeManager {"
"SERVICES\ConnectorRuntimeManager.js","6","method_or_function","constructor","constructor(options = {}) {"
"SERVICES\ConnectorRuntimeManager.js","44","method_or_function","start","async start() {"
"SERVICES\ConnectorRuntimeManager.js","45","method_or_function","if","if (this.running) {"
"SERVICES\ConnectorRuntimeManager.js","75","method_or_function","stop","async stop() {"
"SERVICES\ConnectorRuntimeManager.js","76","method_or_function","if","if (this.loopHandle) {"
"SERVICES\ConnectorRuntimeManager.js","93","method_or_function","runCycle","async runCycle() {"
"SERVICES\ConnectorRuntimeManager.js","103","method_or_function","if","if (!health.ok) {"
"SERVICES\ConnectorRuntimeManager.js","146","method_or_function","safeLoadAllConnectors","safeLoadAllConnectors() {"
"SERVICES\ConnectorRuntimeManager.js","147","method_or_function","if","if (!this.runtime || typeof this.runtime.loadAllConnectors !== 'function') {"
"SERVICES\ConnectorRuntimeManager.js","158","method_or_function","execute","async execute(request = {}) {"
"SERVICES\ConnectorRuntimeManager.js","159","method_or_function","if","if (!this.runtime || typeof this.runtime.execute !== 'function') {"
"SERVICES\ConnectorRuntimeManager.js","169","method_or_function","if","if (result && result.ok) {"
"SERVICES\ConnectorRuntimeManager.js","183","method_or_function","recover","async recover() {"
"SERVICES\ConnectorRuntimeManager.js","193","method_or_function","if","if (recovered) {"
"SERVICES\ConnectorRuntimeManager.js","222","method_or_function","safeHealthCheck","async safeHealthCheck() {"
"SERVICES\ConnectorRuntimeManager.js","223","method_or_function","if","if (!this.runtime || typeof this.runtime.healthCheck !== 'function') {"
"SERVICES\ConnectorRuntimeManager.js","234","method_or_function","listConnectors","listConnectors() {"
"SERVICES\ConnectorRuntimeManager.js","235","method_or_function","if","if (!this.runtime || typeof this.runtime.listConnectors !== 'function') {"
"SERVICES\ConnectorRuntimeManager.js","246","method_or_function","getState","getState() {"
"SERVICES\ContinuousCOOLoopService.js","28","class","ContinuousCOOLoopService","class ContinuousCOOLoopService {"
"SERVICES\ContinuousCOOLoopService.js","29","method_or_function","constructor","constructor() {"
"SERVICES\ContinuousCOOLoopService.js","36","method_or_function","run","async run(input = {}) {"
"SERVICES\ContinuousCOOLoopService.js","56","method_or_function","while","while (!this.stopRequested) {"
"SERVICES\ContinuousCOOLoopService.js","84","method_or_function","runCycle","async runCycle(input = {}) {"
"SERVICES\ContinuousCOOLoopService.js","152","method_or_function","if","if (errors.length) {"
"SERVICES\ContinuousCOOLoopService.js","207","method_or_function","saveCycle","saveCycle(record) {"
"SERVICES\ContinuousCOOLoopService.js","215","method_or_function","renderReport","renderReport(record) {"
"SERVICES\ContinuousCOOLoopService.js","251","method_or_function","attachSignalHandlers","attachSignalHandlers() {"
"SERVICES\ControlledWriteAuditService.js","9","function","ensureDir","function ensureDir(dir) { fs.mkdirSync(dir, { recursive: true }); }"
"SERVICES\ControlledWriteAuditService.js","10","function","readJson","function readJson(file, fallback) { try { if (!fs.existsSync(file)) return fallback; return JSON.parse(fs.readFileSync(file, ""utf8"")); } catch { return fallback; } }"
"SERVICES\ControlledWriteAuditService.js","11","function","writeJson","function writeJson(file, value) { ensureDir(path.dirname(file)); fs.writeFileSync(file, JSON.stringify(value, null, 2), ""utf8""); }"
"SERVICES\ControlledWriteAuditService.js","13","class","ControlledWriteAuditService","class ControlledWriteAuditService {"
"SERVICES\ControlledWriteAuditService.js","14","method_or_function","record","record(event) {"
"SERVICES\ControlledWriteAuditService.js","21","method_or_function","list","list() { return readJson(AUDIT_FILE, []); }"
"SERVICES\ControlledWriteAuditService.js","22","method_or_function","run","run() {"
"SERVICES\ControlledWritePolicyService.js","10","function","ensureDir","function ensureDir(dir) { fs.mkdirSync(dir, { recursive: true }); }"
"SERVICES\ControlledWritePolicyService.js","11","function","readJson","function readJson(file, fallback) {"
"SERVICES\ControlledWritePolicyService.js","15","function","writeJson","function writeJson(file, value) { ensureDir(path.dirname(file)); fs.writeFileSync(file, JSON.stringify(value, null, 2), ""utf8""); }"
"SERVICES\ControlledWritePolicyService.js","57","class","ControlledWritePolicyService","class ControlledWritePolicyService {"
"SERVICES\ControlledWritePolicyService.js","58","method_or_function","load","load() {"
"SERVICES\ControlledWritePolicyService.js","67","method_or_function","save","save(policy) {"
"SERVICES\ControlledWritePolicyService.js","74","method_or_function","evaluate","evaluate(action = {}) {"
"SERVICES\ControlledWritePolicyService.js","84","method_or_function","if","if (!providerPolicy) {"
"SERVICES\ControlledWritePolicyService.js","92","method_or_function","if","if (!writeRequested) {"
"SERVICES\ControlledWritePolicyService.js","97","method_or_function","if","if (!allowed) {"
"SERVICES\ControlledWritePolicyService.js","106","method_or_function","if","if (!writeEnabled) {"
"SERVICES\ControlledWritePolicyService.js","113","method_or_function","run","run(input = {}) {"
"SERVICES\ControlledWriteService.js","14","function","ensureDir","function ensureDir(dir) { fs.mkdirSync(dir, { recursive: true }); }"
"SERVICES\ControlledWriteService.js","15","function","writeJson","function writeJson(file, value) { ensureDir(path.dirname(file)); fs.writeFileSync(file, JSON.stringify(value, null, 2), ""utf8""); }"
"SERVICES\ControlledWriteService.js","17","class","ControlledWriteService","class ControlledWriteService {"
"SERVICES\ControlledWriteService.js","18","method_or_function","run","async run(input = {}) {"
"SERVICES\ControlledWriteService.js","24","method_or_function","if","if (input.mode === ""POLICY"" || operation === ""POLICY"") {"
"SERVICES\ControlledWriteService.js","59","method_or_function","renderReport","renderReport(record) {"
"SERVICES\COOExecutiveLoopService.js","12","function","now","function now() {"
"SERVICES\COOExecutiveLoopService.js","16","function","ensureDir","function ensureDir(filePath) {"
"SERVICES\COOExecutiveLoopService.js","20","function","readJson","function readJson(filePath, fallback) {"
"SERVICES\COOExecutiveLoopService.js","29","function","writeJson","function writeJson(filePath, data) {"
"SERVICES\COOExecutiveLoopService.js","34","function","log","function log(entry) {"
"SERVICES\COOExecutiveLoopService.js","39","class","COOExecutiveLoopService","class COOExecutiveLoopService {"
"SERVICES\COOExecutiveLoopService.js","40","method_or_function","constructor","constructor(options = {}) {"
"SERVICES\COOExecutiveLoopService.js","67","method_or_function","start","async start() {"
"SERVICES\COOExecutiveLoopService.js","88","method_or_function","stop","async stop() {"
"SERVICES\COOExecutiveLoopService.js","98","method_or_function","runCycle","async runCycle() {"
"SERVICES\COOExecutiveLoopService.js","109","method_or_function","if","if (!op) {"
"SERVICES\COOExecutiveLoopService.js","147","method_or_function","getState","getState() {"
"SERVICES\COOExecutiveLoopService.js","156","method_or_function","if","if (require.main === module) {"
"SERVICES\COOOrchestratorService.js","29","class","COOOrchestratorService","class COOOrchestratorService {"
"SERVICES\COOOrchestratorService.js","30","method_or_function","constructor","constructor(options = {}) {"
"SERVICES\COOOrchestratorService.js","62","method_or_function","runOnce","async runOnce() {"
"SERVICES\COOOrchestratorService.js","108","method_or_function","runBusinessOperationsBridge","async runBusinessOperationsBridge() {"
"SERVICES\COOOrchestratorService.js","136","method_or_function","queueAuthorizedWorkflows","queueAuthorizedWorkflows() {"
"SERVICES\COOOrchestratorService.js","140","method_or_function","for","for (const item of authorized) {"
"SERVICES\COOOrchestratorService.js","142","method_or_function","if","if (item.status !== ""Pending"") {"
"SERVICES\COOOrchestratorService.js","195","method_or_function","runExecutionPasses","async runExecutionPasses() {"
"SERVICES\COOOrchestratorService.js","198","method_or_function","for","for (let i = 0; i < this.maxExecutionPasses; i++) {"
"SERVICES\COOOrchestratorService.js","208","method_or_function","if","if (result && result.message === ""No queued tasks"") {"
"SERVICES\COOOrchestratorService.js","225","method_or_function","runExecutionPass","async runExecutionPass() {"
"SERVICES\COO_V10_ClosureSystem.js","8","class","COO_V10_ClosureSystem","class COO_V10_ClosureSystem {"
"SERVICES\COO_V10_ClosureSystem.js","10","method_or_function","constructor","constructor(config = {}) {"
"SERVICES\COO_V10_ClosureSystem.js","26","method_or_function","runOnce","async runOnce(pipeline) {"
"SERVICES\COO_V10_ClosureSystem.js","65","method_or_function","detect","detect(pipeline = []) {"
"SERVICES\COO_V10_ClosureSystem.js","84","method_or_function","decide","decide(opportunities) {"
"SERVICES\COO_V10_ClosureSystem.js","104","method_or_function","execute","async execute(actions) {"
"SERVICES\COO_V10_ClosureSystem.js","108","method_or_function","for","for (const a of actions) {"
"SERVICES\COO_V10_ClosureSystem.js","111","method_or_function","if","if (a.action === ""send_expansion_campaign"") {"
"SERVICES\COO_V10_ClosureSystem.js","118","method_or_function","if","if (a.action === ""send_nurture_sequence"") {"
"SERVICES\COO_V10_ClosureSystem.js","126","method_or_function","if","if (a.action === ""send_recovery_sequence"") {"
"SERVICES\COO_V10_ClosureSystem.js","141","method_or_function","learn","learn(results) {"
"SERVICES\COO_V10_ClosureSystem.js","160","method_or_function","loadState","loadState() {"
"SERVICES\COO_V10_ClosureSystem.js","178","method_or_function","updateState","updateState(results = []) {"
"SERVICES\COO_V10_ClosureSystem.js","180","method_or_function","for","for (const r of results) {"
"SERVICES\COO_V10_ClosureSystem.js","181","method_or_function","if","if (r.ok) {"
"SERVICES\COO_V10_ClosureSystem.js","190","method_or_function","saveState","saveState() {"
"SERVICES\COO_V11_RealWorldAgent.js","12","class","COO_V11_RealWorldAgent","class COO_V11_RealWorldAgent {"
"SERVICES\COO_V11_RealWorldAgent.js","14","method_or_function","constructor","constructor(config = {}) {"
"SERVICES\COO_V11_RealWorldAgent.js","33","method_or_function","sendEmail","async sendEmail({ to, subject, body }) {"
"SERVICES\COO_V11_RealWorldAgent.js","35","method_or_function","if","if (!this.allowEmailSend) {"
"SERVICES\COO_V11_RealWorldAgent.js","67","method_or_function","addLeadToCampaign","async addLeadToCampaign({ campaignId, lead }) {"
"SERVICES\COO_V11_RealWorldAgent.js","69","method_or_function","if","if (!this.allowInstantly) {"
"SERVICES\COO_V11_RealWorldAgent.js","99","method_or_function","updateCRM","async updateCRM({ id, stage }) {"
"SERVICES\COO_V11_RealWorldAgent.js","101","method_or_function","if","if (!this.allowCRMWrite) {"
"SERVICES\COO_V11_RealWorldAgent.js","131","method_or_function","executeAction","async executeAction(action) {"
"SERVICES\COO_V11_RealWorldAgent.js","133","method_or_function","switch","switch (action.type) {"
"SERVICES\COO_V11_RealWorldAgent.js","152","method_or_function","executeBatch","async executeBatch(actions = []) {"
"SERVICES\COO_V11_RealWorldAgent.js","156","method_or_function","for","for (const action of actions) {"
"SERVICES\COO_V11_RealWorldAgent.js","173","method_or_function","_logSuccess","_logSuccess(type, data) {"
"SERVICES\COO_V11_RealWorldAgent.js","178","method_or_function","_logError","_logError(type, error) {"
"SERVICES\COO_V11_RealWorldAgent.js","183","method_or_function","_logBlocked","_logBlocked(type, data) {"
"SERVICES\COO_V11_RealWorldAgent.js","188","method_or_function","_log","_log(status, type, data) {"
"SERVICES\COO_V12_AutonomousCompany.js","6","class","COO_V12_AutonomousCompany","class COO_V12_AutonomousCompany {"
"SERVICES\COO_V12_AutonomousCompany.js","8","method_or_function","constructor","constructor(config = {}) {"
"SERVICES\COO_V12_AutonomousCompany.js","31","method_or_function","runOnce","async runOnce(intelligenceInput) {"
"SERVICES\COO_V12_AutonomousCompany.js","72","method_or_function","analyze","analyze(input) {"
"SERVICES\COO_V12_AutonomousCompany.js","92","method_or_function","decide","decide(signals) {"
"SERVICES\COO_V12_AutonomousCompany.js","110","method_or_function","buildOperations","buildOperations(strategy) {"
"SERVICES\COO_V12_AutonomousCompany.js","131","method_or_function","execute","async execute(ops) {"
"SERVICES\COO_V12_AutonomousCompany.js","133","method_or_function","if","if (!this.allowExecution) {"
"SERVICES\COO_V12_AutonomousCompany.js","142","method_or_function","for","for (const op of ops) {"
"SERVICES\COO_V12_AutonomousCompany.js","144","method_or_function","if","if (op.type === ""EMAIL"" && this.executors.email) {"
"SERVICES\COO_V12_AutonomousCompany.js","148","method_or_function","if","if (op.type === ""INSTANTLY"" && this.executors.instantly) {"
"SERVICES\COO_V12_AutonomousCompany.js","152","method_or_function","if","if (op.type === ""CRM"" && this.executors.crm) {"
"SERVICES\COO_V12_AutonomousCompany.js","163","method_or_function","learn","learn(execution) {"
"SERVICES\COO_V12_AutonomousCompany.js","183","method_or_function","loadState","loadState() {"
"SERVICES\COO_V12_AutonomousCompany.js","197","method_or_function","updateState","updateState(data) {"
"SERVICES\COO_V12_AutonomousCompany.js","207","method_or_function","saveState","saveState() {"
"SERVICES\COO_V9_ExecutionLayer.js","7","class","COOExecutionLayer","class COOExecutionLayer {"
"SERVICES\COO_V9_ExecutionLayer.js","9","method_or_function","constructor","constructor(config = {}) {"
"SERVICES\COO_V9_ExecutionLayer.js","22","method_or_function","sendEmail","async sendEmail({ to, subject, body }) {"
"SERVICES\COO_V9_ExecutionLayer.js","24","method_or_function","if","if (!this.gmailEnabled) {"
"SERVICES\COO_V9_ExecutionLayer.js","42","method_or_function","draftEmail","async draftEmail({ to, subject, body }) {"
"SERVICES\COO_V9_ExecutionLayer.js","60","method_or_function","addToCampaign","async addToCampaign({ campaignId, lead }) {"
"SERVICES\COO_V9_ExecutionLayer.js","62","method_or_function","if","if (!this.instantlyEnabled) {"
"SERVICES\COO_V9_ExecutionLayer.js","78","method_or_function","createCampaign","async createCampaign({ name }) {"
"SERVICES\COO_V9_ExecutionLayer.js","94","method_or_function","upsertLead","async upsertLead({ id, name, stage }) {"
"SERVICES\COO_V9_ExecutionLayer.js","96","method_or_function","if","if (!this.crmEnabled) {"
"SERVICES\COO_V9_ExecutionLayer.js","113","method_or_function","movePipeline","async movePipeline({ id, stage }) {"
"SERVICES\COO_V9_ExecutionLayer.js","130","method_or_function","callAPI","async callAPI({ url, method = ""GET"", data = null }) {"
"SERVICES\COO_V9_ExecutionLayer.js","171","method_or_function","_log","_log(entry) {"
"SERVICES\DashboardDataService.js","18","function","exists","function exists(file) {"
"SERVICES\DashboardDataService.js","22","function","readJson","function readJson(relativePath, fallback = {}) {"
"SERVICES\DashboardDataService.js","37","function","readText","function readText(relativePath, fallback = """") {"
"SERVICES\DashboardDataService.js","47","function","fileInfo","function fileInfo(relativePath) {"
"SERVICES\DashboardDataService.js","65","function","asNumber","function asNumber(value, fallback = 0) {"
"SERVICES\DashboardDataService.js","70","function","array","function array(value) {"
"SERVICES\DashboardDataService.js","74","function","queueItems","function queueItems(workQueue) {"
"SERVICES\DashboardDataService.js","78","function","countByStatus","function countByStatus(items, status) {"
"SERVICES\DashboardDataService.js","82","function","openStatuses","function openStatuses() {"
"SERVICES\DashboardDataService.js","86","function","latestItems","function latestItems(items, limit = 10) {"
"SERVICES\DashboardDataService.js","98","function","missionFiles","function missionFiles() {"
"SERVICES\DashboardDataService.js","134","class","DashboardDataService","class DashboardDataService {"
"SERVICES\DashboardDataService.js","135","method_or_function","run","run(input = {}) {"
"SERVICES\DashboardDataService.js","139","method_or_function","build","build(input = {}) {"
"SERVICES\DashboardDataService.js","343","method_or_function","percent","percent(current, goal) {"
"SERVICES\DashboardDataService.js","348","method_or_function","extractHeartbeat","extractHeartbeat(cooCycle) {"
"SERVICES\DashboardDataService.js","353","method_or_function","buildWebsiteSection","buildWebsiteSection() {"
"SERVICES\DashboardDataService.js","365","method_or_function","buildAlerts","buildAlerts(context) {"
"SERVICES\DashboardDataService.js","375","method_or_function","if","if (context.runtimeHealth.status && context.runtimeHealth.status !== ""HEALTHY"") {"
"SERVICES\DashboardDataService.js","379","method_or_function","if","if (context.restartGuardian.restartRecommended) {"
"SERVICES\DashboardDataService.js","383","method_or_function","if","if (context.approvals.length > 0) {"
"SERVICES\DashboardDataService.js","387","method_or_function","if","if (context.blocked.length > 0) {"
"SERVICES\DashboardDataService.js","391","method_or_function","if","if (context.failed.length > 0) {"
"SERVICES\DashboardDataService.js","399","method_or_function","if","if (!alerts.length) {"
"SERVICES\DashboardDataService.js","406","method_or_function","buildActivityFeed","buildActivityFeed({ executiveDecision, cooCycle, cooHistory, taskRouter, taskRouterHistory, items }) {"
"SERVICES\DashboardDataService.js","410","method_or_function","if","if (executiveDecision.generatedAt) {"
"SERVICES\DashboardDataService.js","414","method_or_function","if","if (cooCycle.generatedAt) {"
"SERVICES\DashboardDataService.js","422","method_or_function","if","if (taskRouter.generatedAt) {"
"SERVICES\DashboardServerService.js","22","class","DashboardServerService","class DashboardServerService {"
"SERVICES\DashboardServerService.js","23","method_or_function","run","run(input = {}) {"
"SERVICES\DashboardServerService.js","29","method_or_function","if","if (req.url === ""/api/state"") {"
"SERVICES\DashboardService.js","8","function","countCsv","function countCsv(filePath) {"
"SERVICES\DashboardService.js","14","class","DashboardService","class DashboardService {"
"SERVICES\DashboardService.js","15","method_or_function","render","async render() {"
"SERVICES\DashboardService.js","51","method_or_function","if","if (!connectors.length) {"
"SERVICES\DealClosureEngine.js","12","class","DealClosureEngine","class DealClosureEngine {"
"SERVICES\DealClosureEngine.js","14","method_or_function","constructor","constructor({ connectors }) {"
"SERVICES\DealClosureEngine.js","21","method_or_function","run","async run(deals = []) {"
"SERVICES\DealClosureEngine.js","35","method_or_function","for","for (const deal of deals) {"
"SERVICES\DealClosureEngine.js","57","method_or_function","scoreDeal","scoreDeal(deal) {"
"SERVICES\DealClosureEngine.js","80","method_or_function","decideAction","decideAction(deal) {"
"SERVICES\DealClosureEngine.js","82","method_or_function","if","if (deal.score >= 85) {"
"SERVICES\DealClosureEngine.js","89","method_or_function","if","if (deal.score >= 70) {"
"SERVICES\DealClosureEngine.js","96","method_or_function","if","if (deal.score >= 50) {"
"SERVICES\DealClosureEngine.js","112","method_or_function","executeDealAction","async executeDealAction(deal, decision) {"
"SERVICES\DealClosureEngine.js","114","method_or_function","switch","switch (decision.action) {"
"SERVICES\DealClosureEngine.js","161","method_or_function","updateCRM","async updateCRM(deal, stage) {"
"SERVICES\DealClosureEngine.js","174","method_or_function","sendProposal","async sendProposal(deal) {"
"SERVICES\DealClosureEngine.js","190","method_or_function","scheduleFollowUp","async scheduleFollowUp(deal) {"
"SERVICES\DealClosureEngine.js","203","method_or_function","notifyInternal","async notifyInternal(deal, message) {"
"SERVICES\DecisionEngine.js","9","function","now","function now() {"
"SERVICES\DecisionEngine.js","13","function","readJson","function readJson(rel, fallback = null) {"
"SERVICES\DecisionEngine.js","23","function","countCsv","function countCsv(rel) {"
"SERVICES\DecisionEngine.js","35","function","scoreRisk","function scoreRisk(providerResult = {}) {"
"SERVICES\DecisionEngine.js","40","method_or_function","if","if (criticalCount > 0) {"
"SERVICES\DecisionEngine.js","50","method_or_function","if","if (warningCount > 0) {"
"SERVICES\DecisionEngine.js","69","function","resolveAuthority","function resolveAuthority(provider, action, capability) {"
"SERVICES\DecisionEngine.js","108","class","DecisionEngine","class DecisionEngine {"
"SERVICES\DecisionEngine.js","109","method_or_function","observe","observe() {"
"SERVICES\DecisionEngine.js","144","method_or_function","analyze","analyze() {"
"SERVICES\DecisionEngine.js","172","method_or_function","if","if (state.backlog.openGaps > 0) {"
"SERVICES\DecisionEngine.js","187","method_or_function","if","if (state.business.segments > 0 && state.business.campaigns > 0) {"
"SERVICES\DecisionEngine.js","199","method_or_function","if","if (state.runtime.autonomyScore !== null && state.runtime.autonomyScore < 80) {"
"SERVICES\DecisionEngine.js","211","method_or_function","if","if (decisions.length === 0) {"
"SERVICES\DecisionEngine.js","229","method_or_function","evaluate","evaluate(input = {}) {"
"SERVICES\DecisionEngine.js","278","method_or_function","resolvePolicies","resolvePolicies(provider, action, capability) {"
"SERVICES\DecisionEngine.js","306","method_or_function","if","if (policies.length === 0) {"
"SERVICES\DecisionEngine.js","317","method_or_function","queueDecisions","queueDecisions() {"
"SERVICES\DecisionLearningService.js","8","class","DecisionLearningService","class DecisionLearningService {"
"SERVICES\DecisionLearningService.js","9","method_or_function","run","run(data) {"
"SERVICES\DecisionLearningService.js","15","method_or_function","for","for (const record of decisions) {"
"SERVICES\DecisionLearningService.js","40","method_or_function","insight","insight(size, proceedRate, escalationRate) {"
"SERVICES\EngineeringCOOService.js","18","function","ensureDir","function ensureDir() {"
"SERVICES\EngineeringCOOService.js","22","function","now","function now() {"
"SERVICES\EngineeringCOOService.js","26","function","safeText","function safeText(value) {"
"SERVICES\EngineeringCOOService.js","30","function","classifyFailure","function classifyFailure(task = {}) {"
"SERVICES\EngineeringCOOService.js","116","class","EngineeringCOOService","class EngineeringCOOService {"
"SERVICES\EngineeringCOOService.js","117","method_or_function","runOnce","async runOnce(options = {}) {"
"SERVICES\EngineeringCOOService.js","181","method_or_function","if","if (options.apply === true) {"
"SERVICES\EngineeringCOOService.js","197","method_or_function","summarizeFailures","summarizeFailures(failures = []) {"
"SERVICES\EngineeringCOOService.js","201","method_or_function","for","for (const item of failures) {"
"SERVICES\EngineeringCOOService.js","216","method_or_function","buildRecommendations","buildRecommendations(summary, safeRetries, archiveCandidates, escalations) {"
"SERVICES\EngineeringCOOService.js","219","method_or_function","if","if (summary.total === 0) {"
"SERVICES\EngineeringCOOService.js","224","method_or_function","if","if (safeRetries.length > 0) {"
"SERVICES\EngineeringCOOService.js","228","method_or_function","if","if (archiveCandidates.length > 0) {"
"SERVICES\EngineeringCOOService.js","232","method_or_function","if","if (escalations.length > 0) {"
"SERVICES\EngineeringCOOService.js","241","method_or_function","applySafeActions","async applySafeActions(report = {}) {"
"SERVICES\EngineeringCOOService.js","244","method_or_function","for","for (const retry of report.safeRetries || []) {"
"SERVICES\EngineeringCOOService.js","265","method_or_function","if","if (engineeringResult.ok) {"
"SERVICES\EngineeringCOOService.js","306","method_or_function","for","for (const item of report.archiveCandidates || []) {"
"SERVICES\EngineeringCOOService.js","335","method_or_function","toMarkdown","toMarkdown(report = {}) {"
"SERVICES\EngineeringCOOService.js","370","method_or_function","for","for (const rec of report.recommendations || []) {"
"SERVICES\EngineeringCOOService.js","378","method_or_function","if","if (!report.actionsTaken?.length) {"
"SERVICES\EngineeringCOOService.js","381","method_or_function","for","for (const action of report.actionsTaken) {"
"SERVICES\EngineeringImprovementService.js","19","function","now","function now() {"
"SERVICES\EngineeringImprovementService.js","23","function","exists","function exists(filePath) {"
"SERVICES\EngineeringImprovementService.js","31","function","readText","function readText(filePath) {"
"SERVICES\EngineeringImprovementService.js","40","function","writeJson","function writeJson(filePath, data) {"
"SERVICES\EngineeringImprovementService.js","45","class","EngineeringImprovementService","class EngineeringImprovementService {"
"SERVICES\EngineeringImprovementService.js","46","method_or_function","constructor","constructor(options = {}) {"
"SERVICES\EngineeringImprovementService.js","75","method_or_function","getObjective","getObjective(task = {}) {"
"SERVICES\EngineeringImprovementService.js","91","method_or_function","filePath","filePath(relativePath) {"
"SERVICES\EngineeringImprovementService.js","95","method_or_function","inspectFile","inspectFile(relativePath) {"
"SERVICES\EngineeringImprovementService.js","115","method_or_function","analyze","analyze(task = {}) {"
"SERVICES\EngineeringImprovementService.js","132","method_or_function","if","if (planner && planner.hasKeywordRouting) {"
"SERVICES\EngineeringImprovementService.js","145","method_or_function","if","if (execution && execution.hasKeywordRouting) {"
"SERVICES\EngineeringImprovementService.js","158","method_or_function","if","if (builder && !builder.hasEngineeringImprovement) {"
"SERVICES\EngineeringImprovementService.js","171","method_or_function","if","if (builder && !builder.hasSelfMaintenance) {"
"SERVICES\EngineeringImprovementService.js","195","method_or_function","plan","plan(task = {}) {"
"SERVICES\EngineeringImprovementService.js","251","method_or_function","determineTargetFiles","determineTargetFiles(objective = """") {"
"SERVICES\EngineeringImprovementService.js","287","method_or_function","if","if (!targets.size) {"
"SERVICES\EngineeringImprovementService.js","296","method_or_function","createProposal","createProposal(task = {}) {"
"SERVICES\EngineeringImprovementService.js","355","method_or_function","implement","implement(task = {}) {"
"SERVICES\EngineeringImprovementService.js","359","method_or_function","validate","validate(task = {}) {"
"SERVICES\EngineeringImprovementService.js","407","method_or_function","report","report(task = {}) {"
"SERVICES\EngineeringImprovementService.js","448","method_or_function","run","run(task = {}) {"
"SERVICES\EngineeringImprovementService.js","463","method_or_function","if","if (action === ""ENGINEERING_IMPROVEMENT"") {"
"SERVICES\EngineeringPlannerService.js","8","function","now","function now() {"
"SERVICES\EngineeringPlannerService.js","12","function","safeReadJson","function safeReadJson(file, fallback = {}) {"
"SERVICES\EngineeringPlannerService.js","21","class","EngineeringPlannerService","class EngineeringPlannerService {"
"SERVICES\EngineeringPlannerService.js","22","method_or_function","constructor","constructor() {"
"SERVICES\EngineeringPlannerService.js","30","method_or_function","analyze","analyze() {"
"SERVICES\EngineeringPlannerService.js","40","method_or_function","for","for (const system of health.systems || []) {"
"SERVICES\EngineeringPlannerService.js","41","method_or_function","if","if (system.risk === ""HIGH"" || system.status === ""Critical"") {"
"SERVICES\EngineeringPlannerService.js","52","method_or_function","for","for (const repairItem of repair.repairs || []) {"
"SERVICES\EngineeringPlannerService.js","64","method_or_function","for","for (const finding of findings) {"
"SERVICES\EngineeringPlannerService.js","88","method_or_function","planRepair","planRepair(finding = {}) {"
"SERVICES\EscalationManagerService.js","3","class","EscalationManagerService","class EscalationManagerService {"
"SERVICES\EscalationManagerService.js","4","method_or_function","evaluate","evaluate(item = {}) {"
"SERVICES\ExecutionAuditService.js","10","function","ensureDir","function ensureDir(dir) { fs.mkdirSync(dir, { recursive: true }); }"
"SERVICES\ExecutionAuditService.js","11","function","readJson","function readJson(file, fallback) { try { if (!fs.existsSync(file)) return fallback; return JSON.parse(fs.readFileSync(file, ""utf8"")); } catch { return fallback; } }"
"SERVICES\ExecutionAuditService.js","12","function","writeJson","function writeJson(file, value) { ensureDir(path.dirname(file)); fs.writeFileSync(file, JSON.stringify(value, null, 2), ""utf8""); }"
"SERVICES\ExecutionAuditService.js","14","class","ExecutionAuditService","class ExecutionAuditService {"
"SERVICES\ExecutionAuditService.js","15","method_or_function","record","record(event = {}) {"
"SERVICES\ExecutionAuditService.js","29","method_or_function","recent","recent(limit = 50) {"
"SERVICES\ExecutionDispatcherService.js","7","function","optionalRequire","function optionalRequire(modulePath) {"
"SERVICES\ExecutionDispatcherService.js","11","class","ExecutionDispatcherService","class ExecutionDispatcherService {"
"SERVICES\ExecutionDispatcherService.js","12","method_or_function","dispatch","async dispatch(task = {}, input = {}) {"
"SERVICES\ExecutionDispatcherService.js","15","method_or_function","if","if (escalationResult.escalated) {"
"SERVICES\ExecutionDispatcherService.js","21","method_or_function","if","if (!task.executable || !task.credentialsPresent) {"
"SERVICES\ExecutionDispatcherService.js","36","method_or_function","if","if (!providerExecution || typeof providerExecution.run !== ""function"") {"
"SERVICES\ExecutionMonitorService.js","3","class","ExecutionMonitorService","class ExecutionMonitorService {"
"SERVICES\ExecutionMonitorService.js","4","method_or_function","summarize","summarize(records = []) {"
"SERVICES\ExecutionPlannerService.js","7","function","readJson","function readJson(rel, fallback) { try { const file = path.join(ROOT, rel); if (!fs.existsSync(file)) return fallback; return JSON.parse(fs.readFileSync(file, ""utf8"")); } catch { return fallback; } }"
"SERVICES\ExecutionPlannerService.js","9","function","detectProvider","function detectProvider(item = {}) {"
"SERVICES\ExecutionPlannerService.js","20","function","detectOperation","function detectOperation(provider, item = {}) {"
"SERVICES\ExecutionPlannerService.js","22","method_or_function","if","if (provider === ""instantly"") {"
"SERVICES\ExecutionPlannerService.js","36","class","ExecutionPlannerService","class ExecutionPlannerService {"
"SERVICES\ExecutionPlannerService.js","37","method_or_function","buildPlan","buildPlan(input = {}) {"
"SERVICES\ExecutionPlanService.js","3","class","ExecutionPlanService","class ExecutionPlanService {"
"SERVICES\ExecutionPlanService.js","4","method_or_function","create","create(input = {}) {"
"SERVICES\ExecutionPlanService.js","35","method_or_function","nextActions","nextActions(decision = {}, providerResult = {}, payload = {}) {"
"SERVICES\ExecutionPlanService.js","36","method_or_function","if","if (decision.decision === ""ESCALATE"") {"
"SERVICES\ExecutionRouterService.js","3","class","ExecutionRouterService","class ExecutionRouterService {"
"SERVICES\ExecutionRouterService.js","5","method_or_function","constructor","constructor({ connectors }) {"
"SERVICES\ExecutionRouterService.js","12","method_or_function","execute","async execute(actions = []) {"
"SERVICES\ExecutionRouterService.js","16","method_or_function","for","for (const action of actions) {"
"SERVICES\ExecutionRouterService.js","29","method_or_function","route","async route(action) {"
"SERVICES\ExecutionRouterService.js","33","method_or_function","switch","switch (action.type) {"
"SERVICES\ExecutionRouterService.js","39","method_or_function","if","if (!this.connectors?.email) {"
"SERVICES\ExecutionRouterService.js","48","method_or_function","if","if (!this.connectors?.instantly) {"
"SERVICES\ExecutionRouterService.js","57","method_or_function","if","if (!this.connectors?.crm) {"
"SERVICES\ExecutionRouterService.js","66","method_or_function","if","if (!this.connectors?.webhook) {"
"SERVICES\ExecutionRouterService.js","86","method_or_function","fail","fail(reason, action) {"
"SERVICES\ExecutionSchedulerService.js","3","class","ExecutionSchedulerService","class ExecutionSchedulerService {"
"SERVICES\ExecutionSchedulerService.js","4","method_or_function","schedule","schedule(plan = {}) {"
"SERVICES\ExecutionService.js","41","function","safePublish","function safePublish(eventName, payload = {}) {"
"SERVICES\ExecutionService.js","52","function","getPlan","function getPlan(task = {}) {"
"SERVICES\ExecutionService.js","71","function","normalizeTask","function normalizeTask(task = {}) {"
"SERVICES\ExecutionService.js","114","function","classifyFailure","function classifyFailure(error) {"
"SERVICES\ExecutionService.js","170","class","ExecutionService","class ExecutionService {"
"SERVICES\ExecutionService.js","171","method_or_function","execute","async execute(task) {"
"SERVICES\ExecutionService.js","172","method_or_function","if","if (!task) {"
"SERVICES\ExecutionService.js","183","method_or_function","if","if (!provider || provider === ""UNKNOWN"" || !action || action === ""UNKNOWN_ACTION"") {"
"SERVICES\ExecutionService.js","196","method_or_function","if","if (!authority.allowed) {"
"SERVICES\ExecutionService.js","230","method_or_function","executeInternalTask","async executeInternalTask(task, provider = ""Engineering"", action = ""INTERNAL_TASK"") {"
"SERVICES\ExecutionService.js","269","method_or_function","executeConnectorTask","async executeConnectorTask(task, provider, connectorName, action) {"
"SERVICES\ExecutionService.js","270","method_or_function","if","if (!connectorName || connectorName === ""UNKNOWN"") {"
"SERVICES\ExecutionService.js","281","method_or_function","if","if (!connector) {"
"SERVICES\ExecutionService.js","290","method_or_function","if","if (typeof connector.execute !== ""function"") {"
"SERVICES\ExecutionService.js","354","method_or_function","handleFailure","handleFailure(task, error, provider = ""UNKNOWN"", action = ""UNKNOWN"") {"
"SERVICES\ExecutionService.js","392","method_or_function","runNext","async runNext() {"
"SERVICES\ExecutionService.js","395","method_or_function","if","if (!queued.length) {"
"SERVICES\ExecutiveBrainService.js","31","function","ensureDir","function ensureDir(dir) {"
"SERVICES\ExecutiveBrainService.js","35","function","readJson","function readJson(file, fallback) {"
"SERVICES\ExecutiveBrainService.js","44","function","writeJson","function writeJson(file, value) {"
"SERVICES\ExecutiveBrainService.js","49","function","appendDecision","function appendDecision(record) {"
"SERVICES\ExecutiveBrainService.js","55","class","ExecutiveBrainService","class ExecutiveBrainService {"
"SERVICES\ExecutiveBrainService.js","56","method_or_function","constructor","constructor(options = {}) {"
"SERVICES\ExecutiveBrainService.js","60","method_or_function","run","run(input = {}) {"
"SERVICES\ExecutiveBrainService.js","119","method_or_function","createWorkItem","createWorkItem(objective, plan, decision, context) {"
"SERVICES\ExecutiveBrainService.js","155","method_or_function","buildTitle","buildTitle(objective, plan, decision) {"
"SERVICES\ExecutiveBrainService.js","163","method_or_function","recommendedAction","recommendedAction(plan, decision) {"
"SERVICES\ExecutiveBrainService.js","164","method_or_function","if","if (decision.decision === ""ESCALATE"") {"
"SERVICES\ExecutiveBrainService.js","175","method_or_function","expectedImpact","expectedImpact(plan) {"
"SERVICES\ExecutiveBrainService.js","182","method_or_function","priorityNumber","priorityNumber(priority) {"
"SERVICES\ExecutiveBrainService.js","193","method_or_function","nextAction","nextAction(decision, workItem) {"
"SERVICES\ExecutiveBrainService.js","199","method_or_function","save","save(record) {"
"SERVICES\ExecutiveBrainService.js","206","method_or_function","renderReport","renderReport(record) {"
"SERVICES\ExecutiveBriefService.js","1","class","ExecutiveBriefService","class ExecutiveBriefService {"
"SERVICES\ExecutiveBriefService.js","2","method_or_function","constructor","constructor(executiveState) {"
"SERVICES\ExecutiveBriefService.js","3","method_or_function","if","if (!executiveState) {"
"SERVICES\ExecutiveBriefService.js","10","method_or_function","generate","generate() {"
"SERVICES\ExecutiveBriefService.js","25","method_or_function","buildExecutiveSummary","buildExecutiveSummary() {"
"SERVICES\ExecutiveBriefService.js","36","method_or_function","getNarrativeSummary","getNarrativeSummary() {"
"SERVICES\ExecutiveBriefService.js","47","method_or_function","buildTodayPriorities","buildTodayPriorities() {"
"SERVICES\ExecutiveBriefService.js","62","method_or_function","if","if (this.state.businessHealth !== ""Healthy"") {"
"SERVICES\ExecutiveBriefService.js","73","method_or_function","if","if (priorities.length === 0) {"
"SERVICES\ExecutiveBriefService.js","87","method_or_function","buildMarketingSummary","buildMarketingSummary() {"
"SERVICES\ExecutiveBriefService.js","102","method_or_function","buildOrionSummary","buildOrionSummary() {"
"SERVICES\ExecutiveBriefService.js","121","method_or_function","buildExceptions","buildExceptions() {"
"SERVICES\ExecutiveBriefService.js","124","method_or_function","if","if (exceptions.length === 0) {"
"SERVICES\ExecutiveBriefService.js","136","method_or_function","buildRecommendations","buildRecommendations() {"
"SERVICES\ExecutiveBriefService.js","139","method_or_function","if","if (recommendations.length === 0) {"
"SERVICES\ExecutiveBriefService.js","148","method_or_function","buildExecutiveDecisions","buildExecutiveDecisions() {"
"SERVICES\ExecutiveBriefService.js","155","method_or_function","for","for (const exception of criticalExceptions) {"
"SERVICES\ExecutiveBriefService.js","168","method_or_function","toMarkdown","toMarkdown() {"
"SERVICES\ExecutiveBriefService.js","184","method_or_function","for","for (const item of brief.executiveSummary.summary) {"
"SERVICES\ExecutiveBriefService.js","192","method_or_function","for","for (const item of brief.todayPriorities) {"
"SERVICES\ExecutiveBriefService.js","216","method_or_function","for","for (const exception of brief.exceptions) {"
"SERVICES\ExecutiveBriefService.js","224","method_or_function","for","for (const recommendation of brief.recommendations) {"
"SERVICES\ExecutiveBriefService.js","232","method_or_function","if","if (brief.executiveDecisionsNeeded.length === 0) {"
"SERVICES\ExecutiveBriefService.js","235","method_or_function","for","for (const decision of brief.executiveDecisionsNeeded) {"
"SERVICES\ExecutiveDashboardService.js","24","function","ensureDir","function ensureDir(dir) {"
"SERVICES\ExecutiveDashboardService.js","28","function","writeJson","function writeJson(file, value) {"
"SERVICES\ExecutiveDashboardService.js","33","function","escapeHtml","function escapeHtml(value) {"
"SERVICES\ExecutiveDashboardService.js","42","class","ExecutiveDashboardService","class ExecutiveDashboardService {"
"SERVICES\ExecutiveDashboardService.js","43","method_or_function","run","run(input = {}) {"
"SERVICES\ExecutiveDashboardService.js","76","method_or_function","save","save(state) {"
"SERVICES\ExecutiveDashboardService.js","103","method_or_function","renderReport","renderReport(state) {"
"SERVICES\ExecutiveDashboardService.js","152","method_or_function","renderHtml","renderHtml(state) {"
"SERVICES\ExecutiveDispatcher.js","12","function","now","function now() {"
"SERVICES\ExecutiveDispatcher.js","16","function","ensureDirs","function ensureDirs() {"
"SERVICES\ExecutiveDispatcher.js","21","function","id","function id(prefix) {"
"SERVICES\ExecutiveDispatcher.js","25","class","ExecutiveDispatcher","class ExecutiveDispatcher {"
"SERVICES\ExecutiveDispatcher.js","26","method_or_function","constructor","constructor() {"
"SERVICES\ExecutiveDispatcher.js","30","method_or_function","acceptMission","acceptMission(mission = {}) {"
"SERVICES\ExecutiveDispatcher.js","47","method_or_function","for","for (const task of missionRecord.tasks) {"
"SERVICES\ExecutiveDispatcher.js","62","method_or_function","planMission","planMission(mission) {"
"SERVICES\ExecutiveDispatcher.js","85","method_or_function","selfDevelopmentPlan","selfDevelopmentPlan(mission) {"
"SERVICES\ExecutiveDispatcher.js","97","method_or_function","runtimeRepairPlan","runtimeRepairPlan(mission) {"
"SERVICES\ExecutiveDispatcher.js","106","method_or_function","generalImprovementPlan","generalImprovementPlan(mission) {"
"SERVICES\ExecutiveDispatcher.js","115","method_or_function","task","task(mission, title, owner, priority) {"
"SERVICES\ExecutiveDispatcher.js","135","method_or_function","persistMission","persistMission(mission) {"
"SERVICES\ExecutiveDispatcher.js","142","method_or_function","persistTicket","persistTicket(ticket) {"
"SERVICES\ExecutiveIntelligenceService.js","11","function","now","function now() {"
"SERVICES\ExecutiveIntelligenceService.js","15","function","safe","function safe(file) {"
"SERVICES\ExecutiveIntelligenceService.js","23","function","readLatest","function readLatest(dir) {"
"SERVICES\ExecutiveIntelligenceService.js","40","class","ExecutiveIntelligenceService","class ExecutiveIntelligenceService {"
"SERVICES\ExecutiveIntelligenceService.js","42","method_or_function","constructor","constructor() {"
"SERVICES\ExecutiveIntelligenceService.js","91","method_or_function","refresh","async refresh() {"
"SERVICES\ExecutiveIntelligenceService.js","95","method_or_function","for","for (const factory of this.providerFactories) {"
"SERVICES\ExecutiveIntelligenceService.js","131","method_or_function","catch","catch (err) {"
"SERVICES\ExecutiveIntelligenceService.js","173","method_or_function","getExecutiveState","async getExecutiveState() {"
"SERVICES\ExecutiveResponseService.js","6","class","ExecutiveResponseService","class ExecutiveResponseService {"
"SERVICES\ExecutiveResponseService.js","7","method_or_function","constructor","constructor(options = {}) {"
"SERVICES\ExecutiveResponseService.js","18","method_or_function","readJson","readJson(file, fallback) {"
"SERVICES\ExecutiveResponseService.js","27","method_or_function","getOperation","getOperation(operationId) {"
"SERVICES\ExecutiveResponseService.js","34","method_or_function","getMatchingTasks","getMatchingTasks(operation) {"
"SERVICES\ExecutiveResponseService.js","58","method_or_function","summarizeTask","summarizeTask(task) {"
"SERVICES\ExecutiveResponseService.js","93","method_or_function","buildExecutiveMessage","buildExecutiveMessage(operation, tasks) {"
"SERVICES\ExecutiveResponseService.js","94","method_or_function","if","if (!operation) {"
"SERVICES\ExecutiveResponseService.js","98","method_or_function","if","if (!tasks.length) {"
"SERVICES\ExecutiveResponseService.js","117","method_or_function","if","if (status === ""COMPLETED"") {"
"SERVICES\ExecutiveResponseService.js","131","method_or_function","if","if (status === ""FAILED"") {"
"SERVICES\ExecutiveResponseService.js","145","method_or_function","if","if (status === ""RUNNING"") {"
"SERVICES\ExecutiveResponseService.js","156","method_or_function","if","if (status === ""AWAITING_APPROVAL"") {"
"SERVICES\ExecutiveResponseService.js","178","method_or_function","getResponse","getResponse(operationId) {"
"SERVICES\ExecutiveStateService.js","7","class","ExecutiveStateService","class ExecutiveStateService {"
"SERVICES\ExecutiveStateService.js","8","method_or_function","constructor","constructor() {"
"SERVICES\ExecutiveStateService.js","22","method_or_function","update","update(section, value) {"
"SERVICES\ExecutiveStateService.js","29","method_or_function","get","get(section = null) {"
"SERVICES\ExecutiveStateService.js","33","method_or_function","save","save() {"
"SERVICES\ExecutiveStateService.js","38","method_or_function","load","load() {"
"SERVICES\FailureLearningService.js","8","class","FailureLearningService","class FailureLearningService {"
"SERVICES\FailureLearningService.js","9","method_or_function","run","run(data) {"
"SERVICES\FailureLearningService.js","35","method_or_function","runtimeFailures","runtimeFailures(history, latest) {"
"SERVICES\FailureLearningService.js","45","method_or_function","insight","insight(failed, blocked, runtimeFailures) {"
"SERVICES\FileSystemProviderController.js","6","class","FileSystemProviderController","class FileSystemProviderController extends BaseProviderController {"
"SERVICES\FileSystemProviderController.js","7","method_or_function","constructor","constructor() {"
"SERVICES\FileSystemProviderController.js","10","method_or_function","safePath","safePath(p) {"
"SERVICES\FileSystemProviderController.js","15","method_or_function","execute","async execute(actionRecord) {"
"SERVICES\FileSystemProviderController.js","20","method_or_function","if","if (op === ""ENSURE_DIRECTORY"") { const dir = this.safePath(payload.path); fs.mkdirSync(dir, { recursive: true }); return { ok: true, provider: this.key, operation: op, status: ""EXECUTED"", executed: true, path: dir, generatedAt: this.now() }; }"
"SERVICES\FileSystemProviderController.js","21","method_or_function","if","if (op === ""WRITE_JSON"") { const file = this.safePath(payload.path); fs.mkdirSync(path.dirname(file), { recursive: true }); fs.writeFileSync(file, JSON.stringify(payload.value || {}, null, 2), ""utf8""); return { ok: true, provider: this.key, operation: op, status: ""EXECUTED"", executed: true, path: file, generatedAt: this.now() }; }"
"SERVICES\FileSystemProviderController.js","22","method_or_function","if","if (op === ""READ_JSON"") { const file = this.safePath(payload.path); const value = fs.existsSync(file) ? JSON.parse(fs.readFileSync(file, ""utf8"")) : null; return { ok: true, provider: this.key, operation: op, status: ""EXECUTED"", executed: true, path: file, value, generatedAt: this.now() }; }"
"SERVICES\FileSystemProviderController.js","23","method_or_function","if","if (op === ""VERIFY_PATH"") { const file = this.safePath(payload.path); return { ok: true, provider: this.key, operation: op, status: ""EXECUTED"", executed: true, exists: fs.existsSync(file), path: file, generatedAt: this.now() }; }"
"SERVICES\GoogleWorkspaceProviderController.js","3","class","GoogleWorkspaceProviderController","class GoogleWorkspaceProviderController extends BaseProviderController {"
"SERVICES\GoogleWorkspaceProviderController.js","4","method_or_function","constructor","constructor() {"
"SERVICES\HeartbeatService.js","19","class","HeartbeatService","class HeartbeatService {"
"SERVICES\HeartbeatService.js","20","method_or_function","run","run(input = {}) {"
"SERVICES\InstantlyActionBridgeService.js","19","function","ensureDir","function ensureDir(dir) { fs.mkdirSync(dir, { recursive: true }); }"
"SERVICES\InstantlyActionBridgeService.js","20","function","readJson","function readJson(file, fallback) { try { return fs.existsSync(file) ? JSON.parse(fs.readFileSync(file, ""utf8"")) : fallback; } catch { return fallback; } }"
"SERVICES\InstantlyActionBridgeService.js","21","function","writeJson","function writeJson(file, value) { ensureDir(path.dirname(file)); fs.writeFileSync(file, JSON.stringify(value, null, 2), ""utf8""); }"
"SERVICES\InstantlyActionBridgeService.js","23","class","InstantlyActionBridgeService","class InstantlyActionBridgeService {"
"SERVICES\InstantlyActionBridgeService.js","24","method_or_function","normalizeAction","normalizeAction(input = {}) {"
"SERVICES\InstantlyActionBridgeService.js","36","method_or_function","run","async run(input = {}) {"
"SERVICES\InstantlyActionBridgeService.js","66","method_or_function","runLatestActionEngineInstantlyAction","async runLatestActionEngineInstantlyAction() {"
"SERVICES\InstantlyActionBridgeService.js","73","method_or_function","for","for (const file of candidates) {"
"SERVICES\InstantlyApiClient.js","17","class","InstantlyApiClient","class InstantlyApiClient {"
"SERVICES\InstantlyApiClient.js","18","method_or_function","constructor","constructor(options = {}) {"
"SERVICES\InstantlyApiClient.js","24","method_or_function","credentialsPresent","credentialsPresent() {"
"SERVICES\InstantlyApiClient.js","28","method_or_function","headers","headers(extra = {}) {"
"SERVICES\InstantlyApiClient.js","37","method_or_function","request","async request(method, endpoint, body = null, options = {}) {"
"SERVICES\InstantlyApiClient.js","96","method_or_function","get","async get(endpoint) { return this.request(""GET"", endpoint); }"
"SERVICES\InstantlyApiClient.js","97","method_or_function","post","async post(endpoint, body) { return this.request(""POST"", endpoint, body); }"
"SERVICES\InstantlyApiClient.js","98","method_or_function","patch","async patch(endpoint, body) { return this.request(""PATCH"", endpoint, body); }"
"SERVICES\InstantlyApiClient.js","99","method_or_function","put","async put(endpoint, body) { return this.request(""PUT"", endpoint, body); }"
"SERVICES\InstantlyApiClient.js","100","method_or_function","delete","async delete(endpoint, body = null) { return this.request(""DELETE"", endpoint, body); }"
"SERVICES\InstantlyControlledWriteService.js","6","class","InstantlyControlledWriteService","class InstantlyControlledWriteService {"
"SERVICES\InstantlyControlledWriteService.js","7","method_or_function","constructor","constructor() {"
"SERVICES\InstantlyControlledWriteService.js","11","method_or_function","execute","async execute(action = {}) {"
"SERVICES\InstantlyControlledWriteService.js","16","method_or_function","if","if (!policy.allowed) {"
"SERVICES\InstantlyControlledWriteService.js","53","method_or_function","normalize","normalize(action = {}) {"
"SERVICES\InstantlyControlledWriteService.js","68","method_or_function","createTestCampaign","async createTestCampaign(action, startedAt) {"
"SERVICES\InstantlyControlledWriteService.js","70","method_or_function","if","if (!apiKey) {"
"SERVICES\InstantlyControlledWriteService.js","144","method_or_function","if","if (campaignId) {"
"SERVICES\InstantlyControlledWriteService.js","154","method_or_function","verifyCampaign","async verifyCampaign(campaignId, apiKey) {"
"SERVICES\InstantlyControlledWriteService.js","167","method_or_function","safeNotImplemented","async safeNotImplemented(action, startedAt) {"
"SERVICES\InstantlyControlledWriteService.js","184","method_or_function","run","async run(input = {}) {"
"SERVICES\InstantlyLiveIntegrationService.js","12","function","ensureDir","function ensureDir(dir) { fs.mkdirSync(dir, { recursive: true }); }"
"SERVICES\InstantlyLiveIntegrationService.js","13","function","writeJson","function writeJson(file, value) { ensureDir(path.dirname(file)); fs.writeFileSync(file, JSON.stringify(value, null, 2), ""utf8""); }"
"SERVICES\InstantlyLiveIntegrationService.js","15","class","InstantlyLiveIntegrationService","class InstantlyLiveIntegrationService {"
"SERVICES\InstantlyLiveIntegrationService.js","16","method_or_function","run","async run(input = {}) {"
"SERVICES\InstantlyLiveIntegrationService.js","20","method_or_function","if","if (mode === ""BRIDGE_LATEST_ACTION"") {"
"SERVICES\InstantlyLiveIntegrationService.js","48","method_or_function","renderReport","renderReport(state) {"
"SERVICES\InstantlyLiveProviderController.js","19","function","ensureDir","function ensureDir(dir) { fs.mkdirSync(dir, { recursive: true }); }"
"SERVICES\InstantlyLiveProviderController.js","20","function","writeJson","function writeJson(file, value) { ensureDir(path.dirname(file)); fs.writeFileSync(file, JSON.stringify(value, null, 2), ""utf8""); }"
"SERVICES\InstantlyLiveProviderController.js","21","function","appendJson","function appendJson(file, record, max = 1000) {"
"SERVICES\InstantlyLiveProviderController.js","28","class","InstantlyLiveProviderController","class InstantlyLiveProviderController {"
"SERVICES\InstantlyLiveProviderController.js","29","method_or_function","constructor","constructor(options = {}) {"
"SERVICES\InstantlyLiveProviderController.js","47","method_or_function","status","status() {"
"SERVICES\InstantlyLiveProviderController.js","61","method_or_function","connect","async connect() {"
"SERVICES\InstantlyLiveProviderController.js","63","method_or_function","if","if (!base.credentialsPresent) {"
"SERVICES\InstantlyLiveProviderController.js","70","method_or_function","healthCheck","async healthCheck() {"
"SERVICES\InstantlyLiveProviderController.js","88","method_or_function","execute","async execute(action = {}) {"
"SERVICES\InstantlyLiveProviderController.js","119","method_or_function","runOperation","async runOperation(operation, payload) {"
"SERVICES\InstantlyLiveProviderController.js","120","method_or_function","switch","switch (operation) {"
"SERVICES\InstantlyLiveProviderController.js","144","method_or_function","verify","async verify(action = {}, execution = {}) {"
"SERVICES\InstantlyLiveProviderController.js","146","method_or_function","if","if (!execution.ok) {"
"SERVICES\InstantlyLiveProviderController.js","149","method_or_function","if","if (execution.status === ""SAFE_MODE_WRITE_DISABLED"") {"
"SERVICES\InstantlyLiveProviderController.js","152","method_or_function","if","if (operation === ""CREATE_CAMPAIGN"") {"
"SERVICES\InstantlyLiveProviderController.js","161","method_or_function","save","save(name, value) {"
"SERVICES\InstantlyProviderCompatibilityService.js","12","class","InstantlyProviderCompatibilityService","class InstantlyProviderCompatibilityService {"
"SERVICES\InstantlyProviderCompatibilityService.js","13","method_or_function","constructor","constructor() {"
"SERVICES\InstantlyProviderCompatibilityService.js","17","method_or_function","status","status() {"
"SERVICES\InstantlyProviderCompatibilityService.js","31","method_or_function","connect","async connect() {"
"SERVICES\InstantlyProviderCompatibilityService.js","42","method_or_function","healthCheck","async healthCheck() {"
"SERVICES\InstantlyProviderCompatibilityService.js","43","method_or_function","if","if (!process.env.INSTANTLY_API_KEY) {"
"SERVICES\InstantlyProviderCompatibilityService.js","50","method_or_function","listCampaigns","async listCampaigns(input = {}) {"
"SERVICES\InstantlyProviderCompatibilityService.js","55","method_or_function","getCampaign","async getCampaign(input = {}) {"
"SERVICES\InstantlyProviderCompatibilityService.js","60","method_or_function","generateCampaignReport","async generateCampaignReport(input = {}) {"
"SERVICES\InstantlyProviderCompatibilityService.js","65","method_or_function","execute","async execute(action = {}) {"
"SERVICES\InstantlyProviderCompatibilityService.js","74","method_or_function","safeWrite","async safeWrite(operation, payload) {"
"SERVICES\InstantlyProviderCompatibilityService.js","76","method_or_function","if","if (!writeEnabled) {"
"SERVICES\InstantlyProviderCompatibilityService.js","82","method_or_function","request","async request(method, endpoint, body) {"
"SERVICES\InstantlyProviderCompatibilityService.js","83","method_or_function","if","if (!process.env.INSTANTLY_API_KEY) {"
"SERVICES\InstantlyProviderController.js","4","class","InstantlyProviderController","class InstantlyProviderController extends BaseProviderController {"
"SERVICES\InstantlyProviderController.js","5","method_or_function","constructor","constructor() {"
"SERVICES\JsonFileService.js","6","function","ensureDir","function ensureDir(dir) {"
"SERVICES\JsonFileService.js","10","function","exists","function exists(file) {"
"SERVICES\JsonFileService.js","14","function","readJson","function readJson(file, fallback = null) {"
"SERVICES\JsonFileService.js","23","function","readJsonStrict","function readJsonStrict(file) {"
"SERVICES\JsonFileService.js","33","function","writeJson","function writeJson(file, value) {"
"SERVICES\JsonFileService.js","38","function","appendJsonArray","function appendJsonArray(file, record, max = 500) {"
"SERVICES\LearningDataService.js","15","function","readJson","function readJson(file, fallback) {"
"SERVICES\LearningDataService.js","24","function","readJsonRelative","function readJsonRelative(relativePath, fallback) {"
"SERVICES\LearningDataService.js","28","function","normalizeArray","function normalizeArray(value) {"
"SERVICES\LearningDataService.js","34","class","LearningDataService","class LearningDataService {"
"SERVICES\LearningDataService.js","35","method_or_function","collect","collect() {"
"SERVICES\LiveAutonomousBusinessMode.js","13","class","LiveAutonomousBusinessMode","class LiveAutonomousBusinessMode extends EventEmitter {"
"SERVICES\LiveAutonomousBusinessMode.js","43","method_or_function","start","start() {"
"SERVICES\LiveAutonomousBusinessMode.js","70","method_or_function","runCooCycle","async runCooCycle() {"
"SERVICES\LiveAutonomousBusinessMode.js","96","method_or_function","handleLeads","async handleLeads(leads) {"
"SERVICES\LiveAutonomousBusinessMode.js","117","method_or_function","handleReplies","async handleReplies(replies) {"
"SERVICES\LiveAutonomousBusinessMode.js","126","method_or_function","if","if (result?.summary?.interested > 0 || result?.summary?.meeting > 0) {"
"SERVICES\LiveAutonomousBusinessMode.js","142","method_or_function","handleDeals","async handleDeals(data) {"
"SERVICES\LiveAutonomousBusinessMode.js","158","method_or_function","injectEvent","injectEvent(type, payload) {"
"SERVICES\LiveAutonomousBusinessMode.js","165","method_or_function","getStatus","getStatus() {"
"SERVICES\LiveProductionExecutionSystem.js","11","class","LiveProductionExecutionSystem","class LiveProductionExecutionSystem extends EventEmitter {"
"SERVICES\LiveProductionExecutionSystem.js","42","method_or_function","start","start() {"
"SERVICES\LiveProductionExecutionSystem.js","66","method_or_function","runCOO","async runCOO() {"
"SERVICES\LiveProductionExecutionSystem.js","95","method_or_function","handleLead","async handleLead(leads) {"
"SERVICES\LiveProductionExecutionSystem.js","116","method_or_function","handleReply","async handleReply(replies) {"
"SERVICES\LiveProductionExecutionSystem.js","124","method_or_function","if","if (result?.summary?.interested > 0) {"
"SERVICES\LiveProductionExecutionSystem.js","140","method_or_function","handleDeal","async handleDeal(data) {"
"SERVICES\LiveProductionExecutionSystem.js","157","method_or_function","onSystemRepair","onSystemRepair(event) {"
"SERVICES\LiveProductionExecutionSystem.js","168","method_or_function","extractDeals","extractDeals(revenue) {"
"SERVICES\LiveProductionExecutionSystem.js","181","method_or_function","getStatus","getStatus() {"
"SERVICES\LoopSchedulerService.js","11","class","LoopSchedulerService","class LoopSchedulerService {"
"SERVICES\LoopSchedulerService.js","12","method_or_function","getIntervalMs","getIntervalMs(input = {}) {"
"SERVICES\LoopSchedulerService.js","22","method_or_function","getMaxCycles","getMaxCycles(input = {}) {"
"SERVICES\LoopSchedulerService.js","35","method_or_function","sleep","async sleep(input = {}) {"
"SERVICES\MemoryService.js","3","class","MemoryService","class MemoryService {"
"SERVICES\MemoryService.js","5","method_or_function","remember","remember(category, key, value) {"
"SERVICES\MemoryService.js","19","method_or_function","recall","recall(key) {"
"SERVICES\MemoryService.js","34","method_or_function","forget","forget(key) {"
"SERVICES\MemoryService.js","42","method_or_function","list","list(category = null) {"
"SERVICES\MemoryService.js","44","method_or_function","if","if (category) {"
"SERVICES\MilesAdaptiveRealTimeIntelligenceSystem.js","12","class","MilesAdaptiveRealTimeIntelligenceSystem","class MilesAdaptiveRealTimeIntelligenceSystem extends EventEmitter {"
"SERVICES\MilesAdaptiveRealTimeIntelligenceSystem.js","48","method_or_function","start","start() {"
"SERVICES\MilesAdaptiveRealTimeIntelligenceSystem.js","64","method_or_function","onTick","async onTick() {"
"SERVICES\MilesAdaptiveRealTimeIntelligenceSystem.js","83","method_or_function","onLeads","async onLeads(leads) {"
"SERVICES\MilesAdaptiveRealTimeIntelligenceSystem.js","97","method_or_function","onReplies","async onReplies(replies) {"
"SERVICES\MilesAdaptiveRealTimeIntelligenceSystem.js","101","method_or_function","if","if (result.summary.interested > 0) {"
"SERVICES\MilesAdaptiveRealTimeIntelligenceSystem.js","111","method_or_function","onDeals","async onDeals(deals) {"
"SERVICES\MilesAdaptiveRealTimeIntelligenceSystem.js","117","method_or_function","if","if (hot > 0) {"
"SERVICES\MilesAdaptiveRealTimeIntelligenceSystem.js","127","method_or_function","adjustSystem","adjustSystem(revenue, state = {}) {"
"SERVICES\MilesAdaptiveRealTimeIntelligenceSystem.js","132","method_or_function","if","if (qualified < 2) {"
"SERVICES\MilesAdaptiveRealTimeIntelligenceSystem.js","136","method_or_function","if","if (qualified > 5) {"
"SERVICES\MilesAdaptiveRealTimeIntelligenceSystem.js","141","method_or_function","if","if (qualified > 5) {"
"SERVICES\MilesAdaptiveRealTimeIntelligenceSystem.js","145","method_or_function","if","if (qualified === 0) {"
"SERVICES\MilesAdaptiveRealTimeIntelligenceSystem.js","155","method_or_function","adjustMode","adjustMode() {"
"SERVICES\MilesAdaptiveRealTimeIntelligenceSystem.js","161","method_or_function","if","if (score > 0.75) {"
"SERVICES\MilesAdaptiveRealTimeIntelligenceSystem.js","165","method_or_function","if","if (score < 0.3) {"
"SERVICES\MilesAdaptiveRealTimeIntelligenceSystem.js","169","method_or_function","if","if (score >= 0.3 && score <= 0.75) {"
"SERVICES\MilesAdaptiveRealTimeIntelligenceSystem.js","177","method_or_function","orionWrite","async orionWrite(data) {"
"SERVICES\MilesAdaptiveRealTimeIntelligenceSystem.js","187","method_or_function","getState","getState() {"
"SERVICES\MilesSelfLearningCompanyAI.js","13","class","MilesSelfLearningCompanyAI","class MilesSelfLearningCompanyAI {"
"SERVICES\MilesSelfLearningCompanyAI.js","45","method_or_function","runCycle","async runCycle(context = {}) {"
"SERVICES\MilesSelfLearningCompanyAI.js","84","method_or_function","analyzeOutcome","analyzeOutcome(outcome) {"
"SERVICES\MilesSelfLearningCompanyAI.js","112","method_or_function","updateMemory","updateMemory(insights) {"
"SERVICES\MilesSelfLearningCompanyAI.js","117","method_or_function","if","if (insights.successSignal) {"
"SERVICES\MilesSelfLearningCompanyAI.js","121","method_or_function","if","if (insights.failureSignal) {"
"SERVICES\MilesSelfLearningCompanyAI.js","126","method_or_function","if","if (insights.revenueScore < 5) {"
"SERVICES\MilesSelfLearningCompanyAI.js","131","method_or_function","if","if (insights.revenueScore > 10) {"
"SERVICES\MilesSelfLearningCompanyAI.js","137","method_or_function","if","if (insights.hotDeals > 2) {"
"SERVICES\MilesSelfLearningCompanyAI.js","142","method_or_function","if","if (insights.hotDeals === 0) {"
"SERVICES\MilesSelfLearningCompanyAI.js","164","method_or_function","persistLearning","persistLearning(result) {"
"SERVICES\MilesSelfLearningCompanyAI.js","180","method_or_function","getMemory","getMemory() {"
"SERVICES\NamecheapProviderController.js","3","class","NamecheapProviderController","class NamecheapProviderController extends BaseProviderController {"
"SERVICES\NamecheapProviderController.js","4","method_or_function","constructor","constructor() {"
"SERVICES\OrionProviderController.js","3","class","OrionProviderController","class OrionProviderController extends BaseProviderController {"
"SERVICES\OrionProviderController.js","4","method_or_function","constructor","constructor() {"
"SERVICES\OutboundService.js","4","function","ensureDir","function ensureDir(p){ if(!fs.existsSync(p)) fs.mkdirSync(p,{recursive:true}); }"
"SERVICES\OutboundService.js","5","function","csvEscape","function csvEscape(v){ const s = String(v ?? ''); return /["",\n]/.test(s) ? '""'+s.replace(/""/g,'""""')+'""' : s; }"
"SERVICES\OutboundService.js","6","function","writeCsv","function writeCsv(file, rows, headers){"
"SERVICES\OutboundService.js","11","function","readCsv","function readCsv(file){"
"SERVICES\OutboundService.js","21","function","parseCsvLine","function parseCsvLine(line){"
"SERVICES\OutboundService.js","23","method_or_function","for","for(let i=0;i<line.length;i++){"
"SERVICES\OutboundService.js","25","method_or_function","if","if(ch==='""') { if(q && line[i+1]==='""'){cur+='""'; i++;} else q=!q; }"
"SERVICES\OutboundService.js","32","class","OutboundService","class OutboundService {"
"SERVICES\OutboundService.js","33","method_or_function","constructor","constructor(root){"
"SERVICES\OutboundService.js","38","method_or_function","init","init(){"
"SERVICES\OutboundService.js","43","method_or_function","seedRegistries","seedRegistries(){"
"SERVICES\OutboundService.js","111","method_or_function","status","status(){"
"SERVICES\OutboundService.js","126","method_or_function","nextActions","nextActions(){"
"SERVICES\OutboundService.js","136","method_or_function","reportMarkdown","reportMarkdown(){"
"SERVICES\PlannerService.js","10","function","loadRules","function loadRules() {"
"SERVICES\PlannerService.js","15","function","inferPriority","function inferPriority(objective = """") {"
"SERVICES\PlannerService.js","33","function","requiresApproval","function requiresApproval(objective = """", context = {}) {"
"SERVICES\PlannerService.js","34","method_or_function","if","if (context.approvalRequired === true) {"
"SERVICES\PlannerService.js","49","class","PlannerService","class PlannerService {"
"SERVICES\PlannerService.js","50","method_or_function","createPlan","createPlan(objective, context = {}) {"
"SERVICES\PlannerService.js","60","method_or_function","for","for (const assignment of assignments) {"
"SERVICES\PlannerService.js","116","method_or_function","requiresApproval","requiresApproval(objective = """", context = {}) {"
"SERVICES\PriorityOptimizationService.js","8","class","PriorityOptimizationService","class PriorityOptimizationService {"
"SERVICES\PriorityOptimizationService.js","9","method_or_function","run","run(data) {"
"SERVICES\PriorityOptimizationService.js","15","method_or_function","for","for (const item of open) {"
"SERVICES\PriorityOptimizationService.js","36","method_or_function","insight","insight(open, urgent) {"
"SERVICES\ProductionCOOEngine.js","3","class","ProductionCOOEngine","class ProductionCOOEngine {"
"SERVICES\ProductionCOOEngine.js","5","method_or_function","constructor","constructor() {"
"SERVICES\ProductionCOOEngine.js","9","method_or_function","runCycle","async runCycle() {"
"SERVICES\ProductionCOOEngine.js","32","method_or_function","observeSystems","async observeSystems() {"
"SERVICES\ProductionCOOEngine.js","50","method_or_function","buildPlan","buildPlan(state) {"
"SERVICES\ProductionCOOEngine.js","56","method_or_function","for","for (const p of state.providers) {"
"SERVICES\ProductionCOOEngine.js","58","method_or_function","if","if (p.status === ""WATCH"") {"
"SERVICES\ProductionCOOEngine.js","65","method_or_function","if","if (p.status === ""CRITICAL"") {"
"SERVICES\ProductionCOOEngine.js","81","method_or_function","executePlan","async executePlan(plan) {"
"SERVICES\ProductionCOOEngine.js","87","method_or_function","for","for (const p of plan) {"
"SERVICES\ProviderAuthorityRegistryService.js","19","function","ensureDir","function ensureDir(dir) { fs.mkdirSync(dir, { recursive: true }); }"
"SERVICES\ProviderAuthorityRegistryService.js","20","function","exists","function exists(p) { try { return fs.existsSync(p); } catch { return false; } }"
"SERVICES\ProviderAuthorityRegistryService.js","21","function","readJson","function readJson(file, fallback) {"
"SERVICES\ProviderAuthorityRegistryService.js","25","function","writeJson","function writeJson(file, value) { ensureDir(path.dirname(file)); fs.writeFileSync(file, JSON.stringify(value, null, 2), ""utf8""); }"
"SERVICES\ProviderAuthorityRegistryService.js","27","class","ProviderAuthorityRegistryService","class ProviderAuthorityRegistryService {"
"SERVICES\ProviderAuthorityRegistryService.js","28","method_or_function","constructor","constructor() {"
"SERVICES\ProviderAuthorityRegistryService.js","32","method_or_function","run","run(input = {}) {"
"SERVICES\ProviderAuthorityRegistryService.js","67","method_or_function","defaultProviders","defaultProviders() {"
"SERVICES\ProviderAuthorityRegistryService.js","133","method_or_function","findPrior","findPrior(registry, key) {"
"SERVICES\ProviderAuthorityRegistryService.js","138","method_or_function","detectLiveStatus","detectLiveStatus() {"
"SERVICES\ProviderAuthorityRegistryService.js","152","method_or_function","normalizeProvider","normalizeProvider(provider, prior, status) {"
"SERVICES\ProviderCapabilityBindingService.js","12","function","ensureDir","function ensureDir(dir) { fs.mkdirSync(dir, { recursive: true }); }"
"SERVICES\ProviderCapabilityBindingService.js","13","function","writeJson","function writeJson(file, value) { ensureDir(path.dirname(file)); fs.writeFileSync(file, JSON.stringify(value, null, 2), ""utf8""); }"
"SERVICES\ProviderCapabilityBindingService.js","15","class","ProviderCapabilityBindingService","class ProviderCapabilityBindingService {"
"SERVICES\ProviderCapabilityBindingService.js","16","method_or_function","run","run(input = {}) {"
"SERVICES\ProviderCapabilityBindingService.js","19","method_or_function","for","for (const provider of registry.providers) {"
"SERVICES\ProviderControllerExecutionService.js","8","function","ensureDir","function ensureDir(dir){ fs.mkdirSync(dir,{recursive:true}); }"
"SERVICES\ProviderControllerExecutionService.js","9","function","readJson","function readJson(file,fallback){ try{ if(!fs.existsSync(file)) return fallback; return JSON.parse(fs.readFileSync(file,""utf8"")); } catch { return fallback; } }"
"SERVICES\ProviderControllerExecutionService.js","10","function","writeJson","function writeJson(file,value){ ensureDir(path.dirname(file)); fs.writeFileSync(file, JSON.stringify(value,null,2), ""utf8""); }"
"SERVICES\ProviderControllerExecutionService.js","11","function","append","function append(record){ const h = readJson(HISTORY, []); h.push(record); writeJson(HISTORY, h.slice(-1000)); }"
"SERVICES\ProviderControllerExecutionService.js","12","class","ProviderControllerExecutionService","class ProviderControllerExecutionService {"
"SERVICES\ProviderControllerExecutionService.js","13","method_or_function","run","async run(input={}){"
"SERVICES\ProviderControllerExecutionService.js","18","method_or_function","if","if(!controller){"
"SERVICES\ProviderControllerHealthService.js","7","function","ensureDir","function ensureDir(dir){ fs.mkdirSync(dir,{recursive:true}); }"
"SERVICES\ProviderControllerHealthService.js","8","function","writeJson","function writeJson(file,value){ ensureDir(path.dirname(file)); fs.writeFileSync(file, JSON.stringify(value,null,2), ""utf8""); }"
"SERVICES\ProviderControllerHealthService.js","9","class","ProviderControllerHealthService","class ProviderControllerHealthService {"
"SERVICES\ProviderControllerHealthService.js","10","method_or_function","run","async run(){"
"SERVICES\ProviderControllerRegistryService.js","6","function","ensureDir","function ensureDir(dir){ fs.mkdirSync(dir,{recursive:true}); }"
"SERVICES\ProviderControllerRegistryService.js","7","function","writeJson","function writeJson(file,value){ ensureDir(path.dirname(file)); fs.writeFileSync(file, JSON.stringify(value,null,2), ""utf8""); }"
"SERVICES\ProviderControllerRegistryService.js","8","class","ProviderControllerRegistryService","class ProviderControllerRegistryService {"
"SERVICES\ProviderControllerRegistryService.js","9","method_or_function","constructor","constructor(){"
"SERVICES\ProviderControllerRegistryService.js","19","method_or_function","get","get(provider){ return this.controllers[String(provider||"""").toLowerCase()] || null; }"
"SERVICES\ProviderControllerRegistryService.js","20","method_or_function","list","list(){ return Object.values(this.controllers).map(c => c.status()); }"
"SERVICES\ProviderControllerRegistryService.js","21","method_or_function","run","run(){"
"SERVICES\ProviderControllerRegistryService.js","39","method_or_function","render","render(result){ return `# EXEC_002 Provider Controllers\n\nGenerated: ${result.generatedAt}\n\nTotal: ${result.summary.total}\nExecutable: ${result.summary.executable}\nCredentials Configured: ${result.summary.credentialsConfigured}\n\n${result.providers.map(p=>`- ${p.providerName} (${p.provider}) â€” executable=${p.executable}, credentials=${p.credentialsPresent}`).join(""\n"")}\n`; }"
"SERVICES\ProviderInterfaceAdapterService.js","15","function","ensureDir","function ensureDir(dir) { fs.mkdirSync(dir, { recursive: true }); }"
"SERVICES\ProviderInterfaceAdapterService.js","16","function","writeJson","function writeJson(file, value) { ensureDir(path.dirname(file)); fs.writeFileSync(file, JSON.stringify(value, null, 2), ""utf8""); }"
"SERVICES\ProviderInterfaceAdapterService.js","18","class","ProviderInterfaceAdapterService","class ProviderInterfaceAdapterService {"
"SERVICES\ProviderInterfaceAdapterService.js","19","method_or_function","run","run(input = {}) {"
"SERVICES\ProviderInterfaceAdapterService.js","39","method_or_function","adapterFor","adapterFor(provider) {"
"SERVICES\ProviderRegistryService.js","21","function","ensureDir","function ensureDir(dir) {"
"SERVICES\ProviderRegistryService.js","25","function","readJson","function readJson(file, fallback) {"
"SERVICES\ProviderRegistryService.js","34","function","writeJson","function writeJson(file, value) {"
"SERVICES\ProviderRegistryService.js","39","class","ProviderRegistryService","class ProviderRegistryService {"
"SERVICES\ProviderRegistryService.js","40","method_or_function","constructor","constructor() {"
"SERVICES\ProviderRegistryService.js","44","method_or_function","run","run(input = {}) {"
"SERVICES\ProviderRegistryService.js","47","method_or_function","if","if (input.refresh === true) {"
"SERVICES\ProviderRegistryService.js","66","method_or_function","loadOrCreate","loadOrCreate() {"
"SERVICES\ProviderRegistryService.js","90","method_or_function","getProvider","getProvider(name) {"
"SERVICES\ProviderRegistryService.js","100","method_or_function","resolveProviderFromText","resolveProviderFromText(text) {"
"SERVICES\ProviderRegistryService.js","104","method_or_function","for","for (const provider of registry.providers) {"
"SERVICES\ProviderRegistryService.js","123","method_or_function","buildDefaults","buildDefaults() {"
"SERVICES\ProviderRegistryService.js","274","method_or_function","renderReport","renderReport(registry) {"
"SERVICES\ProviderRouterService.js","6","class","ProviderRouterService","class ProviderRouterService {"
"SERVICES\ProviderRouterService.js","7","method_or_function","constructor","constructor() {"
"SERVICES\ProviderRouterService.js","40","method_or_function","normalizeProviderName","normalizeProviderName(providerName = """") {"
"SERVICES\ProviderRouterService.js","48","method_or_function","hasProvider","hasProvider(providerName = """") {"
"SERVICES\ProviderRouterService.js","53","method_or_function","executeProviderTask","async executeProviderTask(task = {}) {"
"SERVICES\ProviderRouterService.js","58","method_or_function","if","if (!providerName) {"
"SERVICES\ProviderRouterService.js","64","method_or_function","if","if (!ProviderClass) {"
"SERVICES\ProviderRouterService.js","78","method_or_function","if","if (typeof provider.executeTask === ""function"") {"
"SERVICES\ProviderRouterService.js","159","method_or_function","noProviderResult","noProviderResult(task = {}, reason = """") {"
"SERVICES\ProviderRouterService.js","193","method_or_function","status","status() {"
"SERVICES\ProviderSynchronizationService.js","18","function","ensureDir","function ensureDir(dir) { fs.mkdirSync(dir, { recursive: true }); }"
"SERVICES\ProviderSynchronizationService.js","19","function","writeJson","function writeJson(file, value) { ensureDir(path.dirname(file)); fs.writeFileSync(file, JSON.stringify(value, null, 2), ""utf8""); }"
"SERVICES\ProviderSynchronizationService.js","21","class","ProviderSynchronizationService","class ProviderSynchronizationService {"
"SERVICES\ProviderSynchronizationService.js","22","method_or_function","run","async run(input = {}) {"
"SERVICES\ProviderSynchronizationService.js","60","method_or_function","liveReadTest","async liveReadTest(input = {}) {"
"SERVICES\ProviderSynchronizationService.js","62","method_or_function","if","if (!process.env.INSTANTLY_API_KEY) {"
"SERVICES\ProviderSynchronizationService.js","68","method_or_function","detectMismatches","detectMismatches(registry, interfaceAdapters, capabilityBindings, liveReadTest) {"
"SERVICES\ProviderSynchronizationService.js","70","method_or_function","for","for (const adapter of interfaceAdapters.adapters) {"
"SERVICES\ProviderSynchronizationService.js","71","method_or_function","if","if (!adapter.compatible) {"
"SERVICES\ProviderSynchronizationService.js","76","method_or_function","if","if (process.env.INSTANTLY_API_KEY && inst && !inst.executable) {"
"SERVICES\ProviderSynchronizationService.js","79","method_or_function","if","if (process.env.INSTANTLY_API_KEY && !liveReadTest.ok) {"
"SERVICES\ProviderSynchronizationService.js","83","method_or_function","if","if (inst && bind && inst.executable !== bind.executable) {"
"SERVICES\ProviderSynchronizationService.js","89","method_or_function","renderReport","renderReport(result) {"
"SERVICES\QueueRecoveryService.js","22","class","QueueRecoveryService","class QueueRecoveryService {"
"SERVICES\QueueRecoveryService.js","23","method_or_function","run","run(input = {}) {"
"SERVICES\QueueRecoveryService.js","30","method_or_function","recover","recover(input = {}) {"
"SERVICES\QueueRecoveryService.js","56","method_or_function","if","if (normalized.changed) {"
"SERVICES\QueueRecoveryService.js","92","method_or_function","normalize","normalize(parsed) {"
"SERVICES\QueueRecoveryService.js","130","method_or_function","backupCorruptQueue","backupCorruptQueue(queuePath) {"
"SERVICES\QueueRecoveryService.js","141","method_or_function","createFreshQueue","createFreshQueue(queuePath, reason) {"
"SERVICES\QueueRecoveryService.js","165","method_or_function","log","log(record) {"
"SERVICES\RealWorldIntegrationLayer.js","14","class","RealWorldIntegrationLayer","class RealWorldIntegrationLayer {"
"SERVICES\RealWorldIntegrationLayer.js","16","method_or_function","constructor","constructor(config = {}) {"
"SERVICES\RealWorldIntegrationLayer.js","29","method_or_function","sendEmail","async sendEmail(payload) {"
"SERVICES\RealWorldIntegrationLayer.js","33","method_or_function","if","if (!this.gmail?.enabled) {"
"SERVICES\RealWorldIntegrationLayer.js","58","method_or_function","runInstantlyCampaign","async runInstantlyCampaign(payload) {"
"SERVICES\RealWorldIntegrationLayer.js","62","method_or_function","if","if (!this.instantly?.enabled) {"
"SERVICES\RealWorldIntegrationLayer.js","86","method_or_function","updateCRM","async updateCRM(payload) {"
"SERVICES\RealWorldIntegrationLayer.js","90","method_or_function","if","if (!this.crm?.enabled) {"
"SERVICES\RealWorldIntegrationLayer.js","114","method_or_function","writeToOrion","async writeToOrion(data) {"
"SERVICES\RealWorldIntegrationLayer.js","118","method_or_function","if","if (!this.orion?.enabled) {"
"SERVICES\RealWorldIntegrationLayer.js","142","method_or_function","ingestEvent","async ingestEvent(event) {"
"SERVICES\RealWorldIntegrationLayer.js","150","method_or_function","_log","_log(type, data) {"
"SERVICES\RealWorldIntegrationLayer.js","152","method_or_function","if","if (this.debug) {"
"SERVICES\RecommendationEngineService.js","8","class","RecommendationEngineService","class RecommendationEngineService {"
"SERVICES\RecommendationEngineService.js","9","method_or_function","run","run(learning) {"
"SERVICES\RecommendationEngineService.js","29","method_or_function","add","add(list, condition, area, recommendation, severity) {"
"SERVICES\ReplyIntelligenceEngine.js","11","class","ReplyIntelligenceEngine","class ReplyIntelligenceEngine {"
"SERVICES\ReplyIntelligenceEngine.js","13","method_or_function","constructor","constructor({ connectors }) {"
"SERVICES\ReplyIntelligenceEngine.js","20","method_or_function","processReplies","async processReplies(replies = []) {"
"SERVICES\ReplyIntelligenceEngine.js","35","method_or_function","for","for (const reply of replies) {"
"SERVICES\ReplyIntelligenceEngine.js","55","method_or_function","classify","classify(reply) {"
"SERVICES\ReplyIntelligenceEngine.js","113","method_or_function","routeAction","async routeAction(reply, classification) {"
"SERVICES\ReplyIntelligenceEngine.js","117","method_or_function","switch","switch (classification.type) {"
"SERVICES\ReplyIntelligenceEngine.js","174","method_or_function","updateCRM","async updateCRM(lead, stage) {"
"SERVICES\ReplyIntelligenceEngine.js","187","method_or_function","triggerBookingFlow","async triggerBookingFlow(lead) {"
"SERVICES\ReplyIntelligenceEngine.js","189","method_or_function","if","if (this.connectors?.webhook) {"
"SERVICES\ReplyIntelligenceEngine.js","204","method_or_function","scheduleFollowUp","async scheduleFollowUp(lead) {"
"SERVICES\ReplyIntelligenceEngine.js","217","method_or_function","notify","async notify(lead, message) {"
"SERVICES\RepositoryRegistryService.js","70","function","ensureDir","function ensureDir(dir) {"
"SERVICES\RepositoryRegistryService.js","74","function","safeRead","function safeRead(file) {"
"SERVICES\RepositoryRegistryService.js","82","function","sha","function sha(value) {"
"SERVICES\RepositoryRegistryService.js","86","function","rel","function rel(file) {"
"SERVICES\RepositoryRegistryService.js","90","function","writeJson","function writeJson(fileName, data) {"
"SERVICES\RepositoryRegistryService.js","99","function","walk","function walk(dir, files = []) {"
"SERVICES\RepositoryRegistryService.js","108","method_or_function","for","for (const entry of entries) {"
"SERVICES\RepositoryRegistryService.js","124","function","classifyFileType","function classifyFileType(file) {"
"SERVICES\RepositoryRegistryService.js","140","function","classifyComponent","function classifyComponent(relativePath, text) {"
"SERVICES\RepositoryRegistryService.js","165","function","extractDependencies","function extractDependencies(text) {"
"SERVICES\RepositoryRegistryService.js","175","method_or_function","for","for (const pattern of patterns) {"
"SERVICES\RepositoryRegistryService.js","184","function","extractEvents","function extractEvents(text) {"
"SERVICES\RepositoryRegistryService.js","201","method_or_function","for","for (const pattern of publishPatterns) {"
"SERVICES\RepositoryRegistryService.js","205","method_or_function","for","for (const pattern of subscribePatterns) {"
"SERVICES\RepositoryRegistryService.js","215","function","detectCapabilities","function detectCapabilities(relativePath, text, componentTypes) {"
"SERVICES\RepositoryRegistryService.js","235","method_or_function","for","for (const [capability, terms] of rules) {"
"SERVICES\RepositoryRegistryService.js","250","function","nameKey","function nameKey(relativePath) {"
"SERVICES\RepositoryRegistryService.js","258","class","RepositoryRegistryService","class RepositoryRegistryService {"
"SERVICES\RepositoryRegistryService.js","259","method_or_function","run","run() {"
"SERVICES\RepositoryRegistryService.js","294","method_or_function","buildRegistry","buildRegistry() {"
"SERVICES\RepositoryRegistryService.js","300","method_or_function","for","for (const file of files) {"
"SERVICES\RepositoryRegistryService.js","356","method_or_function","inferOwner","inferOwner(relativePath, componentTypes) {"
"SERVICES\RepositoryRegistryService.js","376","method_or_function","buildEventRegistry","buildEventRegistry(components) {"
"SERVICES\RepositoryRegistryService.js","380","method_or_function","for","for (const component of components) {"
"SERVICES\RepositoryRegistryService.js","381","method_or_function","for","for (const eventName of component.events.published) {"
"SERVICES\RepositoryRegistryService.js","389","method_or_function","for","for (const eventName of component.events.subscribed) {"
"SERVICES\RepositoryRegistryService.js","410","method_or_function","findDuplicates","findDuplicates(components) {"
"SERVICES\RepositoryRegistryService.js","413","method_or_function","for","for (let i = 0; i < components.length; i++) {"
"SERVICES\RepositoryRegistryService.js","414","method_or_function","for","for (let j = i + 1; j < components.length; j++) {"
"SERVICES\RepositoryRegistryService.js","439","method_or_function","findOrphans","findOrphans(components) {"
"SERVICES\RepositoryRegistryService.js","453","method_or_function","buildStatistics","buildStatistics(registry) {"
"SERVICES\RepositoryRegistryService.js","470","method_or_function","buildHealth","buildHealth(registry) {"
"SERVICES\RepositoryRegistryService.js","502","method_or_function","save","save(registry) {"
"SERVICES\RepositoryRegistryService.js","554","method_or_function","renderMarkdownReport","renderMarkdownReport(registry) {"
"SERVICES\RepositorySearchService.js","15","function","now","function now() {"
"SERVICES\RepositorySearchService.js","19","function","safeRead","function safeRead(file) {"
"SERVICES\RepositorySearchService.js","27","function","walk","function walk(dir, results = []) {"
"SERVICES\RepositorySearchService.js","32","method_or_function","for","for (const entry of entries) {"
"SERVICES\RepositorySearchService.js","61","class","RepositorySearchService","class RepositorySearchService {"
"SERVICES\RepositorySearchService.js","62","method_or_function","constructor","constructor(options = {}) {"
"SERVICES\RepositorySearchService.js","67","method_or_function","relative","relative(file) {"
"SERVICES\RepositorySearchService.js","71","method_or_function","searchPatterns","searchPatterns(patterns = []) {"
"SERVICES\RepositorySearchService.js","75","method_or_function","for","for (const file of files) {"
"SERVICES\RepositorySearchService.js","79","method_or_function","for","for (let i = 0; i < lines.length; i++) {"
"SERVICES\RepositorySearchService.js","82","method_or_function","for","for (const pattern of patterns) {"
"SERVICES\RepositorySearchService.js","103","method_or_function","findWriteCapabilities","findWriteCapabilities() {"
"SERVICES\RepositorySearchService.js","131","method_or_function","inspectEngineeringService","inspectEngineeringService() {"
"SERVICES\RepositorySearchService.js","138","method_or_function","for","for (let i = 0; i < lines.length; i++) {"
"SERVICES\RepositorySearchService.js","140","method_or_function","if","if (match) {"
"SERVICES\RepositorySearchService.js","161","method_or_function","auditCodeWriterCapability","auditCodeWriterCapability() {"
"SERVICES\RepositorySearchService.js","211","method_or_function","search","search(task = {}) {"
"SERVICES\RepositorySearchService.js","235","method_or_function","report","report(task = {}) {"
"SERVICES\RepositorySearchService.js","245","method_or_function","if","if (action === ""REPOSITORY_SEARCH"") {"
"SERVICES\RepositorySearchService.js","266","method_or_function","run","run(task = {}) {"
"SERVICES\RestartGuardianService.js","22","class","RestartGuardianService","class RestartGuardianService {"
"SERVICES\RestartGuardianService.js","23","method_or_function","run","run(input = {}) {"
"SERVICES\RetryManagerService.js","3","class","RetryManagerService","class RetryManagerService {"
"SERVICES\RetryManagerService.js","4","method_or_function","shouldRetry","shouldRetry(result = {}, item = {}) {"
"SERVICES\RoutingLearningService.js","8","class","RoutingLearningService","class RoutingLearningService {"
"SERVICES\RoutingLearningService.js","9","method_or_function","run","run(data) {"
"SERVICES\RoutingLearningService.js","20","method_or_function","for","for (const item of routedItems) {"
"SERVICES\RoutingLearningService.js","42","method_or_function","insight","insight(routeRate, skipRate, awaitingApproval) {"
"SERVICES\RuntimeHealthService.js","18","class","RuntimeHealthService","class RuntimeHealthService {"
"SERVICES\RuntimeHealthService.js","19","method_or_function","run","run(input = {}) {"
"SERVICES\RuntimeHealthService.js","49","method_or_function","buildChecks","buildChecks(input = {}) {"
"SERVICES\RuntimeHealthService.js","53","method_or_function","for","for (const result of results) {"
"SERVICES\RuntimeRecoveryService.js","14","class","RuntimeRecoveryService","class RuntimeRecoveryService {"
"SERVICES\RuntimeRecoveryService.js","16","method_or_function","constructor","constructor() {"
"SERVICES\RuntimeRecoveryService.js","24","method_or_function","recover","async recover(recoveryPlan = {}) {"
"SERVICES\RuntimeRecoveryService.js","46","method_or_function","for","for (let attempt = 1; attempt <= this.maxAttempts; attempt++) {"
"SERVICES\RuntimeRecoveryService.js","55","method_or_function","if","if (response.success) {"
"SERVICES\RuntimeRecoveryService.js","69","method_or_function","catch","catch (err) {"
"SERVICES\RuntimeRecoveryService.js","80","method_or_function","executeRecovery","executeRecovery(plan, attempt) {"
"SERVICES\RuntimeRecoveryService.js","84","method_or_function","if","if (!plan.command) {"
"SERVICES\SchedulerService.js","5","class","SchedulerService","class SchedulerService {"
"SERVICES\SchedulerService.js","6","method_or_function","constructor","constructor() {"
"SERVICES\SchedulerService.js","11","method_or_function","start","start(intervalMs = 5000) {"
"SERVICES\SchedulerService.js","30","method_or_function","if","if (typeof dashboard.refresh === ""function"") {"
"SERVICES\SchedulerService.js","42","method_or_function","stop","stop() {"
"SERVICES\SelfEngineeringService.js","17","class","SelfEngineeringService","class SelfEngineeringService {"
"SERVICES\SelfEngineeringService.js","19","method_or_function","constructor","constructor() {"
"SERVICES\SelfEngineeringService.js","25","method_or_function","execute","async execute(finding = {}) {"
"SERVICES\SelfEngineeringService.js","71","method_or_function","if","if (!result.tests.ok) {"
"SERVICES\SelfEngineeringService.js","103","method_or_function","catch","catch (err) {"
"SERVICES\SelfLearningService.js","27","function","ensureDir","function ensureDir(dir) { fs.mkdirSync(dir, { recursive: true }); }"
"SERVICES\SelfLearningService.js","28","function","readJson","function readJson(file, fallback) { try { if (!fs.existsSync(file)) return fallback; return JSON.parse(fs.readFileSync(file, ""utf8"")); } catch { return fallback; } }"
"SERVICES\SelfLearningService.js","29","function","writeJson","function writeJson(file, value) { ensureDir(path.dirname(file)); fs.writeFileSync(file, JSON.stringify(value, null, 2), ""utf8""); }"
"SERVICES\SelfLearningService.js","31","class","SelfLearningService","class SelfLearningService {"
"SERVICES\SelfLearningService.js","32","method_or_function","run","run(input = {}) {"
"SERVICES\SelfLearningService.js","86","method_or_function","save","save(state) {"
"SERVICES\SelfLearningService.js","96","method_or_function","renderReport","renderReport(state) {"
"SERVICES\SelfMaintenanceService.js","15","function","now","function now() {"
"SERVICES\SelfMaintenanceService.js","19","function","safeReadJson","function safeReadJson(file, fallback) {"
"SERVICES\SelfMaintenanceService.js","28","function","safeWriteJson","function safeWriteJson(file, data) {"
"SERVICES\SelfMaintenanceService.js","33","function","fileExists","function fileExists(file) {"
"SERVICES\SelfMaintenanceService.js","41","class","SelfMaintenanceService","class SelfMaintenanceService {"
"SERVICES\SelfMaintenanceService.js","42","method_or_function","constructor","constructor(options = {}) {"
"SERVICES\SelfMaintenanceService.js","67","method_or_function","inspectFiles","inspectFiles() {"
"SERVICES\SelfMaintenanceService.js","87","method_or_function","inspectTaskQueue","inspectTaskQueue() {"
"SERVICES\SelfMaintenanceService.js","114","method_or_function","inspectBusinessQueue","inspectBusinessQueue() {"
"SERVICES\SelfMaintenanceService.js","141","method_or_function","inspectCapabilities","inspectCapabilities() {"
"SERVICES\SelfMaintenanceService.js","169","method_or_function","diagnose","diagnose() {"
"SERVICES\SelfMaintenanceService.js","177","method_or_function","for","for (const file of files) {"
"SERVICES\SelfMaintenanceService.js","178","method_or_function","if","if (!file.exists) {"
"SERVICES\SelfMaintenanceService.js","188","method_or_function","for","for (const cap of capabilities) {"
"SERVICES\SelfMaintenanceService.js","189","method_or_function","if","if (!cap.inBuilder && cap.action !== ""ORION_HEALTH"") {"
"SERVICES\SelfMaintenanceService.js","199","method_or_function","if","if (taskQueue.failed > 0) {"
"SERVICES\SelfMaintenanceService.js","208","method_or_function","if","if (businessQueue.waitingForApproval > 0) {"
"SERVICES\SelfMaintenanceService.js","231","method_or_function","planRepair","planRepair(task = {}) {"
"SERVICES\SelfMaintenanceService.js","258","method_or_function","validate","validate() {"
"SERVICES\SelfMaintenanceService.js","282","method_or_function","report","report(task = {}) {"
"SERVICES\SelfMaintenanceService.js","319","method_or_function","run","run(task = {}) {"
"SERVICES\SelfMaintenanceService.js","328","method_or_function","if","if (action === ""SELF_MAINTENANCE"") {"
"SERVICES\SelfMaintenanceService.js","332","method_or_function","if","if (action === ""SELF_MAINTENANCE_DIAGNOSE"") {"
"SERVICES\SelfMaintenanceService.js","336","method_or_function","if","if (action === ""SELF_MAINTENANCE_PLAN"") {"
"SERVICES\SelfMaintenanceService.js","340","method_or_function","if","if (action === ""SELF_MAINTENANCE_VALIDATE"") {"
"SERVICES\SelfMaintenanceService.js","344","method_or_function","if","if (action === ""SELF_MAINTENANCE_REPORT"") {"
"SERVICES\StartProductionSystem.js","45","function","startExecutionLoop","function startExecutionLoop() {"
"SERVICES\StartProductionSystem.js","49","method_or_function","if","if (executionLoopRunning) {"
"SERVICES\StartProductionSystem.js","70","function","startHeartbeat","function startHeartbeat() {"
"SERVICES\StartProductionSystem.js","81","async function","boot","async function boot() {"
"SERVICES\SystemRootGuard.js","6","method_or_function","if","if (guardResult.status === ""FRAGMENTED"") {"
"SERVICES\SystemRootGuard.js","20","class","SystemRootGuard","class SystemRootGuard {"
"SERVICES\SystemRootGuard.js","21","method_or_function","constructor","constructor() {"
"SERVICES\SystemRootGuard.js","32","method_or_function","validateRoot","validateRoot() {"
"SERVICES\SystemRootGuard.js","35","method_or_function","if","if (!ok) {"
"SERVICES\SystemRootGuard.js","44","method_or_function","scanForDuplicates","scanForDuplicates(baseDir = this.root) {"
"SERVICES\SystemRootGuard.js","47","function","walk","function walk(dir) {"
"SERVICES\SystemRootGuard.js","51","method_or_function","for","for (const item of items) {"
"SERVICES\SystemRootGuard.js","77","method_or_function","checkBlockedFolders","checkBlockedFolders() {"
"SERVICES\SystemRootGuard.js","80","method_or_function","for","for (const folder of this.blockedFolders) {"
"SERVICES\SystemRootGuard.js","91","method_or_function","generateSystemMap","generateSystemMap() {"
"SERVICES\SystemRootGuard.js","114","method_or_function","enforce","enforce() {"
"SERVICES\SystemRootGuard.js","128","method_or_function","if","if (map.status === ""FRAGMENTED"") {"
"SERVICES\TaskManager.js","4","class","TaskManager","class TaskManager {"
"SERVICES\TaskManager.js","5","method_or_function","create","create(type, payload = {}, priority = 50) {"
"SERVICES\TaskManager.js","9","method_or_function","list","list(status = null) {"
"SERVICES\TaskManager.js","13","method_or_function","next","next() {"
"SERVICES\TaskManager.js","17","method_or_function","complete","complete(id, result = {}) {"
"SERVICES\TaskManager.js","21","method_or_function","fail","fail(id, error) {"
"SERVICES\TaskManager.js","25","method_or_function","approvalCheck","approvalCheck(system, action) {"
"SERVICES\TaskRouterService.js","32","function","ensureDir","function ensureDir(dir) {"
"SERVICES\TaskRouterService.js","36","function","readJson","function readJson(relativePath, fallback = null) {"
"SERVICES\TaskRouterService.js","46","function","writeJson","function writeJson(file, value) {"
"SERVICES\TaskRouterService.js","51","function","appendHistory","function appendHistory(record) {"
"SERVICES\TaskRouterService.js","57","function","readAbsoluteJson","function readAbsoluteJson(file, fallback) {"
"SERVICES\TaskRouterService.js","66","class","TaskRouterService","class TaskRouterService {"
"SERVICES\TaskRouterService.js","67","method_or_function","constructor","constructor(options = {}) {"
"SERVICES\TaskRouterService.js","71","method_or_function","run","run(input = {}) {"
"SERVICES\TaskRouterService.js","101","method_or_function","route","route(input = {}) {"
"SERVICES\TaskRouterService.js","118","method_or_function","if","if (item.requiresKevin === true || item.executionType === ""APPROVAL_REQUIRED"") {"
"SERVICES\TaskRouterService.js","137","method_or_function","if","if (!route.ok) {"
"SERVICES\TaskRouterService.js","191","method_or_function","resolveRoute","resolveRoute(item, executionMap, companyState) {"
"SERVICES\TaskRouterService.js","204","method_or_function","if","if (!candidateCapability) {"
"SERVICES\TaskRouterService.js","217","method_or_function","if","if (!cap) {"
"SERVICES\TaskRouterService.js","230","method_or_function","if","if (!executor) {"
"SERVICES\TaskRouterService.js","254","method_or_function","detectCapability","detectCapability(text, item) {"
"SERVICES\TaskRouterService.js","290","method_or_function","save","save(result) {"
"SERVICES\TaskRouterService.js","297","method_or_function","renderReport","renderReport(result) {"
"SERVICES\TestRunnerService.js","16","class","TestRunnerService","class TestRunnerService {"
"SERVICES\TestRunnerService.js","18","method_or_function","constructor","constructor() {"
"SERVICES\TestRunnerService.js","28","method_or_function","run","async run(testPlan = {}) {"
"SERVICES\TestRunnerService.js","62","method_or_function","for","for (const test of tests) {"
"SERVICES\TestRunnerService.js","91","method_or_function","catch","catch (err) {"
"SERVICES\TestRunnerService.js","103","method_or_function","executeTest","executeTest(test) {"
"SERVICES\TestRunnerService.js","107","method_or_function","switch","switch (test.type) {"
"SERVICES\TestRunnerService.js","140","method_or_function","catch","catch (err) {"
"SERVICES\TestRunnerService.js","156","method_or_function","fileExists","fileExists(test) {"
"SERVICES\TestRunnerService.js","172","method_or_function","folderExists","folderExists(test) {"
"SERVICES\TestRunnerService.js","192","method_or_function","moduleLoad","moduleLoad(test) {"
"SERVICES\TestRunnerService.js","210","method_or_function","jsonTest","jsonTest(test) {"
"SERVICES\TestRunnerService.js","228","method_or_function","commandTest","commandTest(test) {"
"SERVICES\TestRunnerService.js","252","method_or_function","if","if (proc.status === 0) {"
"SERVICES\TimeUtil.js","3","function","pad","function pad(value) {"
"SERVICES\TimeUtil.js","7","function","nowIso","function nowIso() {"
"SERVICES\TimeUtil.js","11","function","timestampForFile","function timestampForFile(date = new Date()) {"
"SERVICES\TimeUtil.js","23","function","sleep","function sleep(ms) {"
"SERVICES\WebsiteProviderController.js","3","class","WebsiteProviderController","class WebsiteProviderController extends BaseProviderController {"
"SERVICES\WebsiteProviderController.js","4","method_or_function","constructor","constructor() {"
"SERVICES\WorkflowService.js","6","function","normalizePriority","function normalizePriority(value) {"
"SERVICES\WorkflowService.js","19","class","WorkflowService","class WorkflowService {"
"SERVICES\WorkflowService.js","20","method_or_function","createWorkflow","createWorkflow(objective, context = {}) {"
"SERVICES\WorkflowService.js","24","method_or_function","if","if (wp.status === ""AWAITING_APPROVAL"") {"
"SERVICES\WorkflowService.js","36","method_or_function","for","for (const step of wp.tasks || []) {"
"SERVICES\WorkflowService.js","67","method_or_function","status","status() {"
"SERVICES\WorkforceExecutionService.js","27","function","safeId","function safeId(value) {"
"SERVICES\WorkforceExecutionService.js","34","function","ensureDirs","function ensureDirs() {"
"SERVICES\WorkforceExecutionService.js","38","function","findEmployee","function findEmployee(name) {"
"SERVICES\WorkforceExecutionService.js","46","function","publishSafe","function publishSafe(type, payload = {}, metadata = {}) {"
"SERVICES\WorkforceExecutionService.js","54","function","textOf","function textOf(task = {}) {"
"SERVICES\WorkforceExecutionService.js","73","function","isInstantlyTask","function isInstantlyTask(task = {}) {"
"SERVICES\WorkforceExecutionService.js","79","function","shouldRunInstantlyBrowserOperator","function shouldRunInstantlyBrowserOperator(task = {}) {"
"SERVICES\WorkforceExecutionService.js","102","function","defaultRecommendation","function defaultRecommendation(task, employee) {"
"SERVICES\WorkforceExecutionService.js","122","class","WorkforceExecutionService","class WorkforceExecutionService {"
"SERVICES\WorkforceExecutionService.js","123","method_or_function","constructor","constructor() {"
"SERVICES\WorkforceExecutionService.js","127","method_or_function","executeStep","async executeStep(task = {}) {"
"SERVICES\WorkforceExecutionService.js","183","method_or_function","if","if (providerResult) {"
"SERVICES\WorkforceExecutionService.js","281","method_or_function","runInstantlyOperator","async runInstantlyOperator(task = {}) {"
"SERVICES\WorkforceExecutionService.js","285","method_or_function","if","if (this.operatorCache[cacheKey]) {"
"SERVICES\WorkforceExecutionService.js","292","method_or_function","if","if (!instantlyOperator || typeof instantlyOperator.run !== ""function"") {"
"SERVICES\WorkforceExecutionService.js","360","method_or_function","buildInstantlyRecommendations","buildInstantlyRecommendations(operatorResult = {}) {"
"SERVICES\WorkforceExecutionService.js","370","method_or_function","if","if (drafts.length > 0) {"
"SERVICES\WorkforceExecutionService.js","374","method_or_function","if","if (paused.length > 0) {"
"SERVICES\WorkforceExecutionService.js","378","method_or_function","if","if (active.length > 0) {"
"SERVICES\WorkforceExecutionService.js","386","method_or_function","if","if (recommendations.length === 0) {"
"SERVICES\WorkforceExecutionService.js","393","method_or_function","mergeAutomationResult","mergeAutomationResult(providerResult, automationResult, task = {}) {"
"SERVICES\WorkforceExecutionService.js","396","method_or_function","if","if (!providerResult) {"
"SERVICES\WorkforceExecutionService.js","454","method_or_function","resolveStatus","resolveStatus(providerResult, executionPlan) {"
"SERVICES\WorkforceExecutionService.js","461","method_or_function","buildProviderRecommendation","buildProviderRecommendation(providerResult = {}, decision = {}, executionPlan = {}) {"
"SERVICES\WorkforceExecutionService.js","462","method_or_function","if","if (!providerResult.ok) {"
"SERVICES\WorkforceExecutionService.js","466","method_or_function","if","if (decision?.decision === ""ESCALATE"") {"
"SERVICES\WorkforceExecutionService.js","472","method_or_function","if","if (exceptions.length > 0) {"
"SERVICES\WorkforceExecutionService.js","479","method_or_function","updateExecutiveState","updateExecutiveState(result, outFile) {"
"SERVICES\WorkforceExecutionService.js","499","method_or_function","verifyResult","verifyResult(result = {}) {"
"SERVICES\WorkforceExecutionService.js","543","method_or_function","executeAndVerify","async executeAndVerify(task = {}) {"
"SERVICES\WorkforceService.js","7","function","normalizeList","function normalizeList(v) {"
"SERVICES\WorkforceService.js","13","class","WorkforceService","class WorkforceService {"
"SERVICES\WorkforceService.js","14","method_or_function","load","load() {"
"SERVICES\WorkforceService.js","25","method_or_function","all","all() {"
"SERVICES\WorkforceService.js","29","method_or_function","capabilityGraph","capabilityGraph() {"
"SERVICES\WorkforceService.js","36","method_or_function","for","for (const cap of capabilities) {"
"SERVICES\WorkforceService.js","51","method_or_function","findByCapability","findByCapability(query) {"
"SERVICES\WorkforceService.js","66","method_or_function","plan","plan(objective) {"
"SERVICES\WorkforceService.js","93","method_or_function","for","for (const cap of required) {"
"SERVICES\WorkforceService.js","108","method_or_function","status","status() {"
"SERVICES\WorkPackageService.js","8","function","id","function id() {"
"SERVICES\WorkPackageService.js","14","class","WorkPackageService","class WorkPackageService {"
"SERVICES\WorkPackageService.js","15","method_or_function","create","create(objective, context = {}) {"
"SERVICES\WorkPackageService.js","46","method_or_function","save","save(workPackage) {"
"SERVICES\WorkPackageService.js","54","method_or_function","list","list() {"
"SERVICES\WorkPackageService.js","62","method_or_function","get","get(packageId) {"
"SERVICES\WorkPackageService.js","68","method_or_function","update","update(packageId, patch = {}) {"
"SERVICES\WorkQueueService.js","21","function","sleepSync","function sleepSync(ms) {"
"SERVICES\WorkQueueService.js","25","class","WorkQueueService","class WorkQueueService {"
"SERVICES\WorkQueueService.js","26","method_or_function","constructor","constructor(options = {}) {"
"SERVICES\WorkQueueService.js","51","method_or_function","ensureDir","ensureDir(filePath) {"
"SERVICES\WorkQueueService.js","58","method_or_function","normalizeBoolean","normalizeBoolean(value) {"
"SERVICES\WorkQueueService.js","62","method_or_function","if","if (typeof value === ""string"") {"
"SERVICES\WorkQueueService.js","65","method_or_function","if","if (text === ""true"" || text === ""yes"" || text === ""1"") {"
"SERVICES\WorkQueueService.js","79","method_or_function","if","if (typeof value === ""number"") {"
"SERVICES\WorkQueueService.js","86","method_or_function","readJsonWithRetry","readJsonWithRetry(filePath, fallback, label) {"
"SERVICES\WorkQueueService.js","89","method_or_function","for","for (let attempt = 1; attempt <= maxRetries; attempt++) {"
"SERVICES\WorkQueueService.js","98","method_or_function","if","if (!raw) {"
"SERVICES\WorkQueueService.js","104","method_or_function","if","if (attempt < maxRetries) {"
"SERVICES\WorkQueueService.js","129","method_or_function","writeJsonAtomic","writeJsonAtomic(filePath, value) {"
"SERVICES\WorkQueueService.js","142","method_or_function","if","if (renameErr && renameErr.code !== ""EPERM"" && renameErr.code !== ""EACCES"") {"
"SERVICES\WorkQueueService.js","181","method_or_function","load","load() {"
"SERVICES\WorkQueueService.js","218","method_or_function","migrate","migrate() {"
"SERVICES\WorkQueueService.js","221","method_or_function","for","for (const item of this.queue) {"
"SERVICES\WorkQueueService.js","222","method_or_function","if","if (!item.id) {"
"SERVICES\WorkQueueService.js","227","method_or_function","if","if (!item.signature) {"
"SERVICES\WorkQueueService.js","232","method_or_function","if","if (typeof item.requiresKevin !== ""boolean"") {"
"SERVICES\WorkQueueService.js","237","method_or_function","if","if (!item.executionType) {"
"SERVICES\WorkQueueService.js","242","method_or_function","if","if (!item.createdAt) {"
"SERVICES\WorkQueueService.js","247","method_or_function","if","if (!item.updatedAt) {"
"SERVICES\WorkQueueService.js","252","method_or_function","if","if (!item.status) {"
"SERVICES\WorkQueueService.js","257","method_or_function","if","if (!item.metadata) {"
"SERVICES\WorkQueueService.js","262","method_or_function","if","if (!item.lifecycle) {"
"SERVICES\WorkQueueService.js","274","method_or_function","if","if (this.metadata.schemaVersion !== this.schemaVersion) {"
"SERVICES\WorkQueueService.js","280","method_or_function","if","if (migrated) {"
"SERVICES\WorkQueueService.js","286","method_or_function","save","save() {"
"SERVICES\WorkQueueService.js","299","method_or_function","createWorkItem","createWorkItem(input) {"
"SERVICES\WorkQueueService.js","303","method_or_function","if","if (existing) {"
"SERVICES\WorkQueueService.js","331","method_or_function","if","if (orphanQueued) {"
"SERVICES\WorkQueueService.js","387","method_or_function","generateFromExecutiveState","generateFromExecutiveState(executiveState) {"
"SERVICES\WorkQueueService.js","390","method_or_function","if","if (!executiveState) {"
"SERVICES\WorkQueueService.js","426","method_or_function","for","for (const exception of exceptions) {"
"SERVICES\WorkQueueService.js","429","method_or_function","if","if (severity === ""Critical"") {"
"SERVICES\WorkQueueService.js","451","method_or_function","if","if (severity === ""Warning"") {"
"SERVICES\WorkQueueService.js","477","method_or_function","getById","getById(id) {"
"SERVICES\WorkQueueService.js","481","method_or_function","getBySignature","getBySignature(signature) {"
"SERVICES\WorkQueueService.js","485","method_or_function","findOpenBySignature","findOpenBySignature(signature) {"
"SERVICES\WorkQueueService.js","492","method_or_function","getPending","getPending() {"
"SERVICES\WorkQueueService.js","496","method_or_function","getAuthorizedPending","getAuthorizedPending() {"
"SERVICES\WorkQueueService.js","504","method_or_function","getEscalations","getEscalations() {"
"SERVICES\WorkQueueService.js","511","method_or_function","getOpen","getOpen() {"
"SERVICES\WorkQueueService.js","515","method_or_function","getClosed","getClosed() {"
"SERVICES\WorkQueueService.js","519","method_or_function","getAll","getAll() {"
"SERVICES\WorkQueueService.js","523","method_or_function","list","list() {"
"SERVICES\WorkQueueService.js","527","method_or_function","getStats","getStats() {"
"SERVICES\WorkQueueService.js","543","method_or_function","updateStatus","updateStatus(id, status, metadata = {}, note = """") {"
"SERVICES\WorkQueueService.js","546","method_or_function","if","if (!item) {"
"SERVICES\WorkQueueService.js","564","method_or_function","markQueued","markQueued(id, metadata = {}) {"
"SERVICES\WorkQueueService.js","568","method_or_function","markBlocked","markBlocked(id, metadata = {}) {"
"SERVICES\WorkQueueService.js","572","method_or_function","markRunning","markRunning(id, metadata = {}) {"
"SERVICES\WorkQueueService.js","576","method_or_function","markCompleted","markCompleted(id, metadata = {}) {"
"SERVICES\WorkQueueService.js","580","method_or_function","markFailed","markFailed(id, errorOrMetadata = {}) {"
"SERVICES\WorkQueueService.js","589","method_or_function","markAwaitingApproval","markAwaitingApproval(id, metadata = {}) {"
"SERVICES\WorkQueueService.js","593","method_or_function","markCancelled","markCancelled(id, metadata = {}) {"
"SERVICES\WorkQueueService.js","597","method_or_function","archiveClosed","archiveClosed() {"
"SERVICES\WorkQueueService.js","600","method_or_function","if","if (!closed.length) {"
"SERVICES\WorkQueueService.js","627","method_or_function","loadArchive","loadArchive() {"
"SERVICES\WorkQueueService.js","631","method_or_function","saveArchive","saveArchive(items) {"
"SERVICES\WorkQueueService.js","635","method_or_function","deduplicateOpenItems","deduplicateOpenItems() {"
"SERVICES\WorkQueueService.js","640","method_or_function","for","for (const item of this.queue) {"
"SERVICES\WorkQueueService.js","656","method_or_function","if","if (duplicates.length) {"
"SERVICES\WorkQueueService.js","659","method_or_function","for","for (const duplicate of duplicates) {"
"SERVICES\WorkQueueService.js","678","method_or_function","addLifecycle","addLifecycle(item, status, note) {"
"SERVICES\WorkQueueService.js","679","method_or_function","if","if (!item.lifecycle) {"
"SERVICES\WorkQueueService.js","690","method_or_function","buildSignature","buildSignature(input) {"
"SERVICES\WorkQueueService.js","698","method_or_function","generateId","generateId() {"
"SERVICES\WorkerExecutionBridge.js","7","class","WorkerExecutionBridge","class WorkerExecutionBridge {"
"SERVICES\WorkerExecutionBridge.js","10","method_or_function","constructor","constructor() {"
"SERVICES\WorkerExecutionBridge.js","18","method_or_function","register","register(name, worker) {"
"SERVICES\WorkerExecutionBridge.js","28","method_or_function","executeNext","executeNext() {"
"SERVICES\WorkerExecutionBridge.js","35","method_or_function","if","if (!task) {"
"SERVICES\WorkerExecutionBridge.js","48","method_or_function","if","if (!worker) {"
"SERVICES\WorkerRegistry.js","4","class","WorkerRegistry","class WorkerRegistry {"
"SERVICES\WorkerRegistry.js","7","method_or_function","constructor","constructor(){"
"SERVICES\WorkerRegistry.js","14","method_or_function","register","register(type, worker){"
"SERVICES\WorkerRegistry.js","26","method_or_function","get","get(type){"
"SERVICES\WorkerRegistry.js","33","method_or_function","list","list(){"
"SERVICES\WorkerBootstrap.js","27","function","bootstrapWorkers","function bootstrapWorkers() {"
"SERVICES\ExecutiveMissionRouter.js","3","class","ExecutiveMissionRouter","class ExecutiveMissionRouter {"
"SERVICES\ExecutiveMissionRouter.js","5","method_or_function","constructor","constructor(departmentRegistry){"
"SERVICES\ExecutiveMissionRouter.js","10","method_or_function","routeMission","routeMission(mission = {}){"
"SERVICES\ExecutiveMissionRouter.js","62","method_or_function","if","if(!department){"
"SERVICES\ExecutiveMissionRouter.js","77","method_or_function","if","if(!registered){"
"SERVICES\DepartmentMissionAdapter.js","4","class","DepartmentMissionAdapter","class DepartmentMissionAdapter {"
"SERVICES\DepartmentMissionAdapter.js","7","method_or_function","constructor","constructor(router){"
"SERVICES\DepartmentMissionAdapter.js","12","method_or_function","execute","execute(mission){"
"SERVICES\DepartmentMissionAdapter.js","19","method_or_function","if","if(route.status !== ""ROUTED""){"
"SERVICES\MissionLifecycleService.js","17","class","MissionLifecycleService","class MissionLifecycleService {"
"SERVICES\MissionLifecycleService.js","20","method_or_function","process","async process(){"
"SERVICES\MissionLifecycleService.js","42","method_or_function","for","for(const task of completed){"
"SERVICES\MissionLifecycleService.js","73","method_or_function","resolveCompletedMissions","async resolveCompletedMissions(){"
"SERVICES\MissionLifecycleService.js","88","method_or_function","for","for(const task of completed){"
"SERVICES\MissionLifecycleService.js","126","method_or_function","updateMission","updateMission(id,tasks){"
"SERVICES\MissionLifecycleService.js","159","method_or_function","if","if(complete >= total){"
"SERVICES\MissionSupervisor.js","17","class","MissionSupervisor","class MissionSupervisor {"
"SERVICES\MissionSupervisor.js","20","method_or_function","listMissions","listMissions(){"
"SERVICES\MissionSupervisor.js","44","method_or_function","summarize","summarize(){"
"SERVICES\MissionSupervisor.js","70","method_or_function","for","for(const mission of missions){"
"SERVICES\MissionSupervisor.js","72","method_or_function","switch","switch(mission.status){"
"SERVICES\ResolutionEngine.js","9","class","ResolutionEngine","class ResolutionEngine {"
"SERVICES\ResolutionEngine.js","11","method_or_function","verifyWebsite","async verifyWebsite() {"
"SERVICES\ResolutionEngine.js","34","method_or_function","if","if(result.resolved) {"
"SERVICES\ResolutionEngine.js","60","method_or_function","evaluate","async evaluate(issue) {"
"SERVICES\ResolutionEngine.js","62","method_or_function","if","if (!issue) {"
"SERVICES\ResolutionMemoryService.js","18","class","ResolutionMemoryService","class ResolutionMemoryService {"
"SERVICES\ResolutionMemoryService.js","20","method_or_function","record","record(event) {"
"SERVICES\ConfigService.js","6","class","ConfigService","class ConfigService {"
"SERVICES\ConfigService.js","7","method_or_function","constructor","constructor() {"
"SERVICES\ConfigService.js","13","method_or_function","getRoot","getRoot() {"
"SERVICES\ConfigService.js","17","method_or_function","getDataPath","getDataPath(...parts) {"
"SERVICES\ConfigService.js","21","method_or_function","getServicesPath","getServicesPath(...parts) {"
"SERVICES\ConfigService.js","25","method_or_function","getTestsPath","getTestsPath(...parts) {"
"SERVICES\ConfigService.js","29","method_or_function","getRuntimePath","getRuntimePath(...parts) {"
"SERVICES\ConfigService.js","33","method_or_function","getLogsPath","getLogsPath(...parts) {"
"SERVICES\ConfigService.js","37","method_or_function","getSelfLearningPath","getSelfLearningPath(...parts) {"
"SERVICES\ConfigService.js","41","method_or_function","describe","describe() {"
"SERVICES\ConfigService.js","56","method_or_function","ensureDirectory","ensureDirectory(dirPath) {"
"SERVICES\CapabilityRegistry.js","7","class","CapabilityRegistry","class CapabilityRegistry {"
"SERVICES\CapabilityRegistry.js","9","method_or_function","constructor","constructor() {"
"SERVICES\CapabilityRegistry.js","14","method_or_function","load","load() {"
"SERVICES\CapabilityRegistry.js","25","method_or_function","getAll","getAll() {"
"SERVICES\CapabilityRegistry.js","31","method_or_function","getService","getService(name) {"
"SERVICES\CapabilityRegistry.js","39","method_or_function","getCapabilities","getCapabilities(name) {"
"SERVICES\CapabilityRegistry.js","50","method_or_function","findByCapability","findByCapability(capability) {"
"SERVICES\AssetRegistry.js","6","class","AssetRegistry","class AssetRegistry {"
"SERVICES\AssetRegistry.js","8","method_or_function","constructor","constructor() {"
"SERVICES\AssetRegistry.js","12","method_or_function","load","load() {"
"SERVICES\AssetRegistry.js","21","method_or_function","getAll","getAll() {"
"SERVICES\AssetRegistry.js","25","method_or_function","getAsset","getAsset(name) {"
"SERVICES\AssetRegistry.js","29","method_or_function","getHealthyAssets","getHealthyAssets() {"
"SERVICES\AssetRegistry.js","37","method_or_function","getAssetsByType","getAssetsByType(type) {"
"SERVICES\ExecutiveEnvironmentService.js","7","class","ExecutiveEnvironmentService","class ExecutiveEnvironmentService {"
"SERVICES\ExecutiveEnvironmentService.js","8","method_or_function","summarize","summarize() {"
"SERVICES\MissionCapabilityResolver.js","5","class","MissionCapabilityResolver","class MissionCapabilityResolver {"
"SERVICES\MissionCapabilityResolver.js","7","method_or_function","constructor","constructor() {"
"SERVICES\MissionCapabilityResolver.js","29","method_or_function","resolve","resolve(mission) {"
"SERVICES\MissionCapabilityResolver.js","39","method_or_function","if","if (!capability) {"
"SERVICES\WorkerSelector.js","6","class","WorkerSelector","class WorkerSelector {"
"SERVICES\WorkerSelector.js","7","method_or_function","selectByCapability","selectByCapability(capability) {"
"SERVICES\WorkerSelector.js","10","method_or_function","if","if (!candidates || candidates.length === 0) {"
"SERVICES\WorkerContract.js","3","class","WorkerContract","class WorkerContract {"
"SERVICES\WorkerContract.js","4","method_or_function","constructor","constructor(name) {"
"SERVICES\WorkerContract.js","9","method_or_function","initialize","initialize() {"
"SERVICES\WorkerContract.js","14","method_or_function","healthCheck","healthCheck() {"
"SERVICES\WorkerContract.js","18","method_or_function","execute","execute(mission) {"
"SERVICES\WorkerContract.js","27","method_or_function","validate","validate(result) {"
"SERVICES\WorkerContract.js","35","method_or_function","recover","recover(error) {"
"SERVICES\WorkerContract.js","44","method_or_function","shutdown","shutdown() {"
"SERVICES\BusinessWorker.js","5","class","BusinessWorker","class BusinessWorker extends WorkerContract {"
"SERVICES\BusinessWorker.js","7","method_or_function","constructor","constructor(name, asset) {"
"SERVICES\BusinessWorker.js","15","method_or_function","connect","connect() {"
"SERVICES\BusinessWorker.js","26","method_or_function","disconnect","disconnect() {"
"SERVICES\BusinessWorker.js","37","method_or_function","getStatus","getStatus() {"
"SERVICES\BusinessWorker.js","46","method_or_function","execute","execute(mission) {"
"SERVICES\BusinessWorker.js","48","method_or_function","if","if (!this.connected) {"
"SERVICES\RuntimeActivationAuditService.js","7","class","RuntimeActivationAuditService","class RuntimeActivationAuditService {"
"SERVICES\RuntimeActivationAuditService.js","8","method_or_function","constructor","constructor() {"
"SERVICES\RuntimeActivationAuditService.js","13","method_or_function","exists","exists(relativePath) {"
"SERVICES\RuntimeActivationAuditService.js","17","method_or_function","audit","audit() {"
"SERVICES\InstantlyCampaignInventoryService.js","18","function","ensureDir","function ensureDir(dir) {"
"SERVICES\InstantlyCampaignInventoryService.js","22","function","statusLabel","function statusLabel(status) {"
"SERVICES\InstantlyCampaignInventoryService.js","33","function","countSequenceSteps","function countSequenceSteps(campaign) {"
"SERVICES\InstantlyCampaignInventoryService.js","41","function","countSubjectVariants","function countSubjectVariants(campaign) {"
"SERVICES\InstantlyCampaignInventoryService.js","46","method_or_function","for","for (const sequence of campaign.sequences) {"
"SERVICES\InstantlyCampaignInventoryService.js","47","method_or_function","for","for (const step of sequence.steps || []) {"
"SERVICES\InstantlyCampaignInventoryService.js","55","function","assessHealth","function assessHealth(campaign) {"
"SERVICES\InstantlyCampaignInventoryService.js","65","method_or_function","if","if (steps === 0) {"
"SERVICES\InstantlyCampaignInventoryService.js","69","method_or_function","if","if (sendingAccounts === 0) {"
"SERVICES\InstantlyCampaignInventoryService.js","73","method_or_function","if","if (campaign.open_tracking === true) {"
"SERVICES\InstantlyCampaignInventoryService.js","77","method_or_function","if","if (campaign.link_tracking === true) {"
"SERVICES\InstantlyCampaignInventoryService.js","91","class","InstantlyCampaignInventoryService","class InstantlyCampaignInventoryService {"
"SERVICES\InstantlyCampaignInventoryService.js","92","method_or_function","buildInventory","async buildInventory() {"
"SERVICES\InstantlyCampaignInventoryService.js","103","method_or_function","for","for (const campaign of campaigns) {"
"SERVICES\InstantlyExecutiveAdvisor.js","42","function","readJson","function readJson(file, fallback) {"
"SERVICES\InstantlyExecutiveAdvisor.js","62","function","writeJson","function writeJson(file, value) {"
"SERVICES\InstantlyExecutiveAdvisor.js","77","class","InstantlyExecutiveAdvisor","class InstantlyExecutiveAdvisor {"
"SERVICES\InstantlyExecutiveAdvisor.js","79","method_or_function","run","run() {"
"SERVICES\InstantlyExecutiveAdvisor.js","104","method_or_function","for","for(const campaign of inventory.inventory){"
"SERVICES\InstantlyExecutiveAdvisor.js","106","method_or_function","if","if(campaign.health===""GOOD""){"
"SERVICES\MissionCreationService.js","31","function","ensureDir","function ensureDir(dir) {"
"SERVICES\MissionCreationService.js","35","function","readJson","function readJson(file, fallback) {"
"SERVICES\MissionCreationService.js","49","function","writeJson","function writeJson(file, value) {"
"SERVICES\MissionCreationService.js","59","class","MissionCreationService","class MissionCreationService {"
"SERVICES\MissionCreationService.js","61","method_or_function","constructor","constructor() {"
"SERVICES\MissionCreationService.js","66","method_or_function","readRuntimeQueue","readRuntimeQueue() {"
"SERVICES\MissionCreationService.js","104","method_or_function","writeRuntimeQueue","writeRuntimeQueue(queue) {"
"SERVICES\MissionCreationService.js","121","method_or_function","create","create(input = {}) {"
"SERVICES\MissionCreationService.js","138","method_or_function","if","if (duplicate) {"
"SERVICES\MissionCreationService.js","217","method_or_function","if","if (!exists) {"
"SERVICES\MissionCreationService.js","280","method_or_function","listActive","listActive() {"
"SERVICES\MissionCreationService.js","289","method_or_function","complete","complete(id) {"
"SERVICES\MissionCreationService.js","308","method_or_function","if","if (!mission) {"
"SERVICES\RuntimeConsolidationAuditService.js","15","function","fileInfo","function fileInfo(filePath) {"
"SERVICES\RuntimeConsolidationAuditService.js","46","function","readJson","function readJson(filePath, fallback) {"
"SERVICES\RuntimeConsolidationAuditService.js","60","function","normalizeItems","function normalizeItems(value) {"
"SERVICES\RuntimeConsolidationAuditService.js","72","function","summarizeQueue","function summarizeQueue(filePath) {"
"SERVICES\RuntimeConsolidationAuditService.js","81","method_or_function","for","for (const item of items) {"
"SERVICES\RuntimeConsolidationAuditService.js","92","method_or_function","for","for (const item of items) {"
"SERVICES\RuntimeConsolidationAuditService.js","112","method_or_function","if","if (count === 2) {"
"SERVICES\RuntimeConsolidationAuditService.js","129","class","RuntimeConsolidationAuditService","class RuntimeConsolidationAuditService {"
"SERVICES\RuntimeConsolidationAuditService.js","130","method_or_function","run","run() {"
"SERVICES\EnterpriseRuntimeManager.js","8","class","EnterpriseRuntimeManager","class EnterpriseRuntimeManager {"
"SERVICES\EnterpriseRuntimeManager.js","10","method_or_function","constructor","constructor() {"
"SERVICES\EnterpriseRuntimeManager.js","41","method_or_function","paths","paths() {"
"SERVICES\EnterpriseRuntimeManager.js","98","method_or_function","status","status() {"
"SERVICES\EnterpriseRuntimeManager.js","125","method_or_function","health","health() {"
"SERVICES\EnterpriseRuntimeManager.js","167","method_or_function","validate","validate() {"
"SERVICES\EnterpriseRuntimeManager.js","181","method_or_function","if","if (!health[key]) {"
"SERVICES\EnterpriseRuntimeManager.js","216","method_or_function","summary","summary() {"
"SERVICES\BusinessOperationsBridgeService.backup_20260710_172805.js","16","function","now","function now() {"
"SERVICES\BusinessOperationsBridgeService.backup_20260710_172805.js","20","function","ensureDir","function ensureDir(dir) {"
"SERVICES\BusinessOperationsBridgeService.backup_20260710_172805.js","24","function","readJson","function readJson(file, fallback) {"
"SERVICES\BusinessOperationsBridgeService.backup_20260710_172805.js","33","function","writeJson","function writeJson(file, data) {"
"SERVICES\BusinessOperationsBridgeService.backup_20260710_172805.js","38","class","BusinessOperationsBridgeService","class BusinessOperationsBridgeService {"
"SERVICES\BusinessOperationsBridgeService.backup_20260710_172805.js","39","method_or_function","constructor","constructor(options = {}) {"
"SERVICES\BusinessOperationsBridgeService.backup_20260710_172805.js","53","method_or_function","log","log(message) {"
"SERVICES\BusinessOperationsBridgeService.backup_20260710_172805.js","57","method_or_function","readQueue","readQueue() {"
"SERVICES\BusinessOperationsBridgeService.backup_20260710_172805.js","65","method_or_function","writeQueue","writeQueue(queue) {"
"SERVICES\BusinessOperationsBridgeService.backup_20260710_172805.js","70","method_or_function","isPending","isPending(operation) {"
"SERVICES\BusinessOperationsBridgeService.backup_20260710_172805.js","76","method_or_function","resolveProvider","resolveProvider(operation = {}) {"
"SERVICES\BusinessOperationsBridgeService.backup_20260710_172805.js","86","method_or_function","if","if (explicitProvider) {"
"SERVICES\BusinessOperationsBridgeService.backup_20260710_172805.js","139","method_or_function","normalizePriority","normalizePriority(value) {"
"SERVICES\BusinessOperationsBridgeService.backup_20260710_172805.js","155","method_or_function","buildTaskParts","buildTaskParts(operation = {}) {"
"SERVICES\BusinessOperationsBridgeService.backup_20260710_172805.js","251","method_or_function","enqueueTask","enqueueTask(operation) {"
"SERVICES\BusinessOperationsBridgeService.backup_20260710_172805.js","252","method_or_function","if","if (!this.taskQueue) {"
"SERVICES\BusinessOperationsBridgeService.backup_20260710_172805.js","262","method_or_function","if","if (typeof this.taskQueue.add !== ""function"") {"
"SERVICES\BusinessOperationsBridgeService.backup_20260710_172805.js","269","method_or_function","markOperation","markOperation(operationId, patch) {"
"SERVICES\BusinessOperationsBridgeService.backup_20260710_172805.js","287","method_or_function","runOnce","async runOnce() {"
"SERVICES\BusinessOperationsBridgeService.backup_20260710_172805.js","288","method_or_function","if","if (!this.enabled) {"
"SERVICES\BusinessOperationsBridgeService.backup_20260710_172805.js","307","method_or_function","if","if (!pending.length) {"
"SERVICES\BusinessOperationsBridgeService.backup_20260710_172805.js","325","method_or_function","for","for (const operation of pending) {"
"SERVICES\BusinessOperationsBridgeService.backup_20260710_172805.js","367","method_or_function","getStatus","getStatus() {"
"SERVICES\Browser\BrowserSessionEnroller.js","10","function","ensureDir","function ensureDir() {"
"SERVICES\Browser\BrowserSessionEnroller.js","14","class","BrowserSessionEnroller","class BrowserSessionEnroller {"
"SERVICES\Browser\BrowserSessionEnroller.js","15","method_or_function","constructor","constructor() {"
"SERVICES\Browser\BrowserSessionEnroller.js","19","method_or_function","enroll","async enroll(system = ""instantly"", url) {"
"SERVICES\Browser\BrowserSessionEnroller.js","71","method_or_function","defaultUrl","defaultUrl(system) {"
"SERVICES\Browser\BrowserSessionEnroller.js","84","method_or_function","waitForEnter","waitForEnter() {"
"SERVICES\Browser\BrowserSessionManager.js","12","function","ensureDirs","function ensureDirs() {"
"SERVICES\Browser\BrowserSessionManager.js","18","function","safeName","function safeName(value) {"
"SERVICES\Browser\BrowserSessionManager.js","25","class","BrowserSessionManager","class BrowserSessionManager {"
"SERVICES\Browser\BrowserSessionManager.js","26","method_or_function","constructor","constructor() {"
"SERVICES\Browser\BrowserSessionManager.js","32","method_or_function","sessionFile","sessionFile(name) {"
"SERVICES\Browser\BrowserSessionManager.js","36","method_or_function","launch","async launch(options = {}) {"
"SERVICES\Browser\BrowserSessionManager.js","47","method_or_function","getContext","async getContext(name = ""default"", options = {}) {"
"SERVICES\Browser\BrowserSessionManager.js","50","method_or_function","if","if (this.contexts[name]) {"
"SERVICES\Browser\BrowserSessionManager.js","74","method_or_function","newPage","async newPage(name = ""default"", options = {}) {"
"SERVICES\Browser\BrowserSessionManager.js","79","method_or_function","saveSession","async saveSession(name = ""default"") {"
"SERVICES\Browser\BrowserSessionManager.js","82","method_or_function","if","if (!context) {"
"SERVICES\Browser\BrowserSessionManager.js","99","method_or_function","screenshot","async screenshot(page, label = ""screenshot"") {"
"SERVICES\Browser\BrowserSessionManager.js","115","method_or_function","closeContext","async closeContext(name = ""default"") {"
"SERVICES\Browser\BrowserSessionManager.js","118","method_or_function","if","if (!context) {"
"SERVICES\Browser\BrowserSessionManager.js","134","method_or_function","shutdown","async shutdown() {"
"SERVICES\Browser\BrowserSessionManager.js","139","method_or_function","if","if (this.browser) {"
"SERVICES\Browser\BrowserSessionManager.js","150","method_or_function","status","status() {"
"SERVICES\Browser\Workers\InstantlyCampaignOperator.js","12","function","ensureDir","function ensureDir() {"
"SERVICES\Browser\Workers\InstantlyCampaignOperator.js","16","function","loadMemory","function loadMemory() {"
"SERVICES\Browser\Workers\InstantlyCampaignOperator.js","24","function","saveMemory","function saveMemory(mem) {"
"SERVICES\Browser\Workers\InstantlyCampaignOperator.js","29","function","save","function save(name, data) {"
"SERVICES\Browser\Workers\InstantlyCampaignOperator.js","36","function","norm","function norm(value) {"
"SERVICES\Browser\Workers\InstantlyCampaignOperator.js","40","class","InstantlyCampaignOperator","class InstantlyCampaignOperator {"
"SERVICES\Browser\Workers\InstantlyCampaignOperator.js","41","method_or_function","constructor","constructor() {"
"SERVICES\Browser\Workers\InstantlyCampaignOperator.js","46","method_or_function","run","async run(options = {}) {"
"SERVICES\Browser\Workers\InstantlyCampaignOperator.js","84","method_or_function","for","for (const campaign of campaigns) {"
"SERVICES\Browser\Workers\InstantlyCampaignOperator.js","89","method_or_function","if","if (decision.action === ""IGNORE"") {"
"SERVICES\Browser\Workers\InstantlyCampaignOperator.js","97","method_or_function","if","if (decision.action === ""EXECUTE"") {"
"SERVICES\Browser\Workers\InstantlyCampaignOperator.js","98","method_or_function","if","if (!executeMode) {"
"SERVICES\Browser\Workers\InstantlyCampaignOperator.js","111","method_or_function","if","if (execution.ok) {"
"SERVICES\Browser\Workers\InstantlyCampaignOperator.js","121","method_or_function","if","if (decision.action === ""APPROVE"") {"
"SERVICES\Browser\Workers\InstantlyCampaignOperator.js","150","method_or_function","if","if (page) {"
"SERVICES\Browser\Workers\InstantlyCampaignOperator.js","165","method_or_function","openCampaignsPage","async openCampaignsPage(page, result) {"
"SERVICES\Browser\Workers\InstantlyCampaignOperator.js","204","method_or_function","extractCampaigns","async extractCampaigns(page) {"
"SERVICES\Browser\Workers\InstantlyCampaignOperator.js","206","function","clean","function clean(value) {"
"SERVICES\Browser\Workers\InstantlyCampaignOperator.js","210","function","statusOf","function statusOf(text) {"
"SERVICES\Browser\Workers\InstantlyCampaignOperator.js","219","function","isBadName","function isBadName(name) {"
"SERVICES\Browser\Workers\InstantlyCampaignOperator.js","251","function","parseNameFromLines","function parseNameFromLines(lines, status) {"
"SERVICES\Browser\Workers\InstantlyCampaignOperator.js","266","function","addCampaign","function addCampaign(item) {"
"SERVICES\Browser\Workers\InstantlyCampaignOperator.js","294","method_or_function","for","for (const selector of rowSelectors) {"
"SERVICES\Browser\Workers\InstantlyCampaignOperator.js","297","method_or_function","for","for (const row of rows) {"
"SERVICES\Browser\Workers\InstantlyCampaignOperator.js","325","method_or_function","if","if (campaigns.length === 0) {"
"SERVICES\Browser\Workers\InstantlyCampaignOperator.js","331","method_or_function","for","for (let i = 0; i < bodyLines.length; i++) {"
"SERVICES\Browser\Workers\InstantlyCampaignOperator.js","335","method_or_function","if","if (status !== ""unknown"") {"
"SERVICES\Browser\Workers\InstantlyCampaignOperator.js","356","method_or_function","decide","decide(campaign, memory) {"
"SERVICES\Browser\Workers\InstantlyCampaignOperator.js","360","method_or_function","if","if (!name) {"
"SERVICES\Browser\Workers\InstantlyCampaignOperator.js","368","method_or_function","if","if (status === ""draft"") {"
"SERVICES\Browser\Workers\InstantlyCampaignOperator.js","376","method_or_function","if","if (status === ""paused"") {"
"SERVICES\Browser\Workers\InstantlyCampaignOperator.js","384","method_or_function","if","if (status === ""active"") {"
"SERVICES\Browser\Workers\InstantlyCampaignOperator.js","407","method_or_function","executeCampaignAction","async executeCampaignAction(page, campaign, decision) {"
"SERVICES\Browser\Workers\InstantlyCampaignOperator.js","431","method_or_function","updateMemory","updateMemory(memory, campaign, action) {"
"SERVICES\capability_builder\AutonomousCapabilityBuilderService.js","17","function","now","function now() {"
"SERVICES\capability_builder\AutonomousCapabilityBuilderService.js","21","function","ensureDir","function ensureDir(dir) {"
"SERVICES\capability_builder\AutonomousCapabilityBuilderService.js","25","function","readJson","function readJson(file, fallback = null) {"
"SERVICES\capability_builder\AutonomousCapabilityBuilderService.js","36","function","writeJson","function writeJson(file, data) {"
"SERVICES\capability_builder\AutonomousCapabilityBuilderService.js","41","function","appendJsonl","function appendJsonl(file, data) {"
"SERVICES\capability_builder\AutonomousCapabilityBuilderService.js","46","class","AutonomousCapabilityBuilderService","class AutonomousCapabilityBuilderService {"
"SERVICES\capability_builder\AutonomousCapabilityBuilderService.js","47","method_or_function","constructor","constructor() {"
"SERVICES\capability_builder\AutonomousCapabilityBuilderService.js","53","method_or_function","run","run() {"
"SERVICES\capability_builder\AutonomousCapabilityBuilderService.js","95","method_or_function","loadInputs","loadInputs() {"
"SERVICES\capability_builder\AutonomousCapabilityBuilderService.js","105","method_or_function","assess","assess(inputs) {"
"SERVICES\capability_builder\AutonomousCapabilityBuilderService.js","126","method_or_function","selectCandidate","selectCandidate(inputs, assessment) {"
"SERVICES\capability_builder\AutonomousCapabilityBuilderService.js","191","method_or_function","createImplementationPlan","createImplementationPlan(candidate) {"
"SERVICES\capability_builder\AutonomousCapabilityBuilderService.js","223","method_or_function","generateArtifacts","generateArtifacts(candidate, plan) {"
"SERVICES\capability_builder\AutonomousCapabilityBuilderService.js","238","method_or_function","createApprovalPackage","createApprovalPackage(candidate, plan, artifacts, assessment) {"
"SERVICES\capability_engine\CapabilityDeploymentEngine.js","6","class","CapabilityDeploymentEngine","class CapabilityDeploymentEngine {"
"SERVICES\capability_engine\CapabilityDeploymentEngine.js","7","method_or_function","constructor","constructor(options = {}) {"
"SERVICES\capability_engine\CapabilityDeploymentEngine.js","82","method_or_function","ensureStorage","ensureStorage() {"
"SERVICES\capability_engine\CapabilityDeploymentEngine.js","116","method_or_function","loadState","loadState() {"
"SERVICES\capability_engine\CapabilityDeploymentEngine.js","144","method_or_function","persistState","persistState() {"
"SERVICES\capability_engine\CapabilityDeploymentEngine.js","149","method_or_function","appendJsonLine","appendJsonLine(filePath, payload) {"
"SERVICES\capability_engine\CapabilityDeploymentEngine.js","160","method_or_function","readDeploymentRegistry","readDeploymentRegistry() {"
"SERVICES\capability_engine\CapabilityDeploymentEngine.js","184","method_or_function","writeDeploymentRegistry","writeDeploymentRegistry(registry) {"
"SERVICES\capability_engine\CapabilityDeploymentEngine.js","190","method_or_function","discoverCapabilities","discoverCapabilities() {"
"SERVICES\capability_engine\CapabilityDeploymentEngine.js","200","method_or_function","for","for (const entry of entries) {"
"SERVICES\capability_engine\CapabilityDeploymentEngine.js","225","method_or_function","if","if (capabilityPath) {"
"SERVICES\capability_engine\CapabilityDeploymentEngine.js","264","method_or_function","loadManifest","loadManifest(capability = {}) {"
"SERVICES\capability_engine\CapabilityDeploymentEngine.js","307","method_or_function","validateCapability","validateCapability(capability = {}) {"
"SERVICES\capability_engine\CapabilityDeploymentEngine.js","311","method_or_function","if","if (!capability.capabilityId) {"
"SERVICES\capability_engine\CapabilityDeploymentEngine.js","315","method_or_function","if","if (!capability.capabilityPath) {"
"SERVICES\capability_engine\CapabilityDeploymentEngine.js","323","method_or_function","if","if (!manifest.enabled) {"
"SERVICES\capability_engine\CapabilityDeploymentEngine.js","327","method_or_function","if","if (manifest.manifestError) {"
"SERVICES\capability_engine\CapabilityDeploymentEngine.js","331","method_or_function","if","if (manifest.type !== 'worker') {"
"SERVICES\capability_engine\CapabilityDeploymentEngine.js","345","method_or_function","deployCapability","deployCapability(capability = {}) {"
"SERVICES\capability_engine\CapabilityDeploymentEngine.js","356","method_or_function","if","if (!validation.ok) {"
"SERVICES\capability_engine\CapabilityDeploymentEngine.js","467","method_or_function","deployAllReadyCapabilities","deployAllReadyCapabilities() {"
"SERVICES\capability_engine\CapabilityDeploymentEngine.js","470","method_or_function","if","if (!discovery.ok) {"
"SERVICES\capability_engine\CapabilityDeploymentEngine.js","476","method_or_function","for","for (const capability of discovery.capabilities) {"
"SERVICES\capability_engine\CapabilityDeploymentEngine.js","479","method_or_function","if","if (alreadyDeployed) {"
"SERVICES\capability_engine\CapabilityDeploymentEngine.js","508","method_or_function","createBackup","createBackup(filePath, deploymentId) {"
"SERVICES\capability_engine\CapabilityDeploymentEngine.js","521","method_or_function","registerWorker","registerWorker(workerDefinition = {}) {"
"SERVICES\capability_engine\CapabilityDeploymentEngine.js","522","method_or_function","if","if (!this.workerRegistry) {"
"SERVICES\capability_engine\CapabilityDeploymentEngine.js","530","method_or_function","if","if (typeof this.workerRegistry.registerWorker === 'function') {"
"SERVICES\capability_engine\CapabilityDeploymentEngine.js","534","method_or_function","if","if (typeof this.workerRegistry.register === 'function') {"
"SERVICES\capability_engine\CapabilityDeploymentEngine.js","538","method_or_function","if","if (typeof this.workerRegistry.addWorker === 'function') {"
"SERVICES\capability_engine\CapabilityDeploymentEngine.js","549","method_or_function","refreshWorkerRuntime","refreshWorkerRuntime() {"
"SERVICES\capability_engine\CapabilityDeploymentEngine.js","550","method_or_function","if","if (!this.workerRuntimeManager) {"
"SERVICES\capability_engine\CapabilityDeploymentEngine.js","558","method_or_function","if","if (typeof this.workerRuntimeManager.runCycle === 'function') {"
"SERVICES\capability_engine\CapabilityDeploymentEngine.js","576","method_or_function","refreshConnectorRuntime","refreshConnectorRuntime() {"
"SERVICES\capability_engine\CapabilityDeploymentEngine.js","577","method_or_function","if","if (!this.connectorRuntimeManager) {"
"SERVICES\capability_engine\CapabilityDeploymentEngine.js","585","method_or_function","if","if (typeof this.connectorRuntimeManager.runCycle === 'function') {"
"SERVICES\capability_engine\CapabilityDeploymentEngine.js","603","method_or_function","addDeploymentRegistryEntry","addDeploymentRegistryEntry(deployment) {"
"SERVICES\capability_engine\CapabilityDeploymentEngine.js","615","method_or_function","isCapabilityAlreadyDeployed","isCapabilityAlreadyDeployed(capabilityId) {"
"SERVICES\capability_engine\CapabilityDeploymentEngine.js","625","method_or_function","rollbackDeployment","rollbackDeployment(deploymentId) {"
"SERVICES\capability_engine\CapabilityDeploymentEngine.js","633","method_or_function","if","if (!deployment) {"
"SERVICES\capability_engine\CapabilityDeploymentEngine.js","637","method_or_function","if","if (!deployment.previousWorkerPath) {"
"SERVICES\capability_engine\CapabilityDeploymentEngine.js","648","method_or_function","if","if (entry.deploymentId === deploymentId) {"
"SERVICES\capability_engine\CapabilityDeploymentEngine.js","719","method_or_function","recordLearningEvent","recordLearningEvent(event = {}) {"
"SERVICES\capability_engine\CapabilityDeploymentEngine.js","720","method_or_function","if","if (!this.learningEngineManager) {"
"SERVICES\capability_engine\CapabilityDeploymentEngine.js","728","method_or_function","if","if (typeof this.learningEngineManager.recordEvent === 'function') {"
"SERVICES\capability_engine\CapabilityDeploymentEngine.js","732","method_or_function","if","if (typeof this.learningEngineManager.recordOperationOutcome === 'function') {"
"SERVICES\capability_engine\CapabilityDeploymentEngine.js","743","method_or_function","updateExecutiveIntelligence","updateExecutiveIntelligence(deployment) {"
"SERVICES\capability_engine\CapabilityDeploymentEngine.js","744","method_or_function","if","if (!this.executiveIntelligence) {"
"SERVICES\capability_engine\CapabilityDeploymentEngine.js","752","method_or_function","if","if (typeof this.executiveIntelligence.recordEvent === 'function') {"
"SERVICES\capability_engine\CapabilityDeploymentEngine.js","759","method_or_function","if","if (typeof this.executiveIntelligence.update === 'function') {"
"SERVICES\capability_engine\CapabilityDeploymentEngine.js","772","method_or_function","listDeployments","listDeployments() {"
"SERVICES\capability_engine\CapabilityDeploymentEngine.js","783","method_or_function","healthCheck","async healthCheck() {"
"SERVICES\capability_engine\CapabilityDeploymentEngine.js","832","method_or_function","getState","getState() {"
"SERVICES\capability_engine\CapabilityDeploymentEngineManager.js","5","class","CapabilityDeploymentEngineManager","class CapabilityDeploymentEngineManager {"
"SERVICES\capability_engine\CapabilityDeploymentEngineManager.js","6","method_or_function","constructor","constructor(options = {}) {"
"SERVICES\capability_engine\CapabilityDeploymentEngineManager.js","49","method_or_function","start","async start() {"
"SERVICES\capability_engine\CapabilityDeploymentEngineManager.js","50","method_or_function","if","if (this.running) {"
"SERVICES\capability_engine\CapabilityDeploymentEngineManager.js","81","method_or_function","stop","async stop() {"
"SERVICES\capability_engine\CapabilityDeploymentEngineManager.js","82","method_or_function","if","if (this.loopHandle) {"
"SERVICES\capability_engine\CapabilityDeploymentEngineManager.js","99","method_or_function","runCycle","async runCycle() {"
"SERVICES\capability_engine\CapabilityDeploymentEngineManager.js","107","method_or_function","if","if (!health.ok) {"
"SERVICES\capability_engine\CapabilityDeploymentEngineManager.js","117","method_or_function","if","if (deploymentResult && typeof deploymentResult.deployed === 'number') {"
"SERVICES\capability_engine\CapabilityDeploymentEngineManager.js","121","method_or_function","if","if (deploymentResult && typeof deploymentResult.failed === 'number') {"
"SERVICES\capability_engine\CapabilityDeploymentEngineManager.js","158","method_or_function","deployCapability","deployCapability(capability = {}) {"
"SERVICES\capability_engine\CapabilityDeploymentEngineManager.js","159","method_or_function","if","if (!this.engine || typeof this.engine.deployCapability !== 'function') {"
"SERVICES\capability_engine\CapabilityDeploymentEngineManager.js","171","method_or_function","if","if (result && result.ok) {"
"SERVICES\capability_engine\CapabilityDeploymentEngineManager.js","193","method_or_function","deployAllReadyCapabilities","deployAllReadyCapabilities() {"
"SERVICES\capability_engine\CapabilityDeploymentEngineManager.js","194","method_or_function","if","if (!this.engine || typeof this.engine.deployAllReadyCapabilities !== 'function') {"
"SERVICES\capability_engine\CapabilityDeploymentEngineManager.js","207","method_or_function","rollbackDeployment","rollbackDeployment(deploymentId) {"
"SERVICES\capability_engine\CapabilityDeploymentEngineManager.js","208","method_or_function","if","if (!this.engine || typeof this.engine.rollbackDeployment !== 'function') {"
"SERVICES\capability_engine\CapabilityDeploymentEngineManager.js","220","method_or_function","if","if (result && result.ok) {"
"SERVICES\capability_engine\CapabilityDeploymentEngineManager.js","240","method_or_function","listDeployments","listDeployments() {"
"SERVICES\capability_engine\CapabilityDeploymentEngineManager.js","241","method_or_function","if","if (!this.engine || typeof this.engine.listDeployments !== 'function') {"
"SERVICES\capability_engine\CapabilityDeploymentEngineManager.js","253","method_or_function","recover","async recover() {"
"SERVICES\capability_engine\CapabilityDeploymentEngineManager.js","258","method_or_function","if","if (this.engine && typeof this.engine.ensureStorage === 'function') {"
"SERVICES\capability_engine\CapabilityDeploymentEngineManager.js","262","method_or_function","if","if (this.engine && typeof this.engine.loadState === 'function') {"
"SERVICES\capability_engine\CapabilityDeploymentEngineManager.js","269","method_or_function","if","if (recovered) {"
"SERVICES\capability_engine\CapabilityDeploymentEngineManager.js","297","method_or_function","safeHealthCheck","async safeHealthCheck() {"
"SERVICES\capability_engine\CapabilityDeploymentEngineManager.js","298","method_or_function","if","if (!this.engine || typeof this.engine.healthCheck !== 'function') {"
"SERVICES\capability_engine\CapabilityDeploymentEngineManager.js","309","method_or_function","getExecutiveSummary","getExecutiveSummary() {"
"SERVICES\capability_engine\CapabilityDeploymentEngineManager.js","326","method_or_function","getState","getState() {"
"SERVICES\connector_runtime\ConnectorRuntime.js","6","class","ConnectorRuntime","class ConnectorRuntime {"
"SERVICES\connector_runtime\ConnectorRuntime.js","7","method_or_function","constructor","constructor(options = {}) {"
"SERVICES\connector_runtime\ConnectorRuntime.js","53","method_or_function","ensureRuntimeStorage","ensureRuntimeStorage() {"
"SERVICES\connector_runtime\ConnectorRuntime.js","69","method_or_function","persistState","persistState() {"
"SERVICES\connector_runtime\ConnectorRuntime.js","74","method_or_function","appendExecutionLog","appendExecutionLog(entry) {"
"SERVICES\connector_runtime\ConnectorRuntime.js","83","method_or_function","discoverConnectors","discoverConnectors() {"
"SERVICES\connector_runtime\ConnectorRuntime.js","93","method_or_function","for","for (const entry of entries) {"
"SERVICES\connector_runtime\ConnectorRuntime.js","155","method_or_function","loadConnector","loadConnector(connectorDefinition = {}) {"
"SERVICES\connector_runtime\ConnectorRuntime.js","163","method_or_function","if","if (!connectorId || !connectorPath) {"
"SERVICES\connector_runtime\ConnectorRuntime.js","181","method_or_function","if","if (typeof ConnectorModule === 'function') {"
"SERVICES\connector_runtime\ConnectorRuntime.js","226","method_or_function","loadAllConnectors","loadAllConnectors() {"
"SERVICES\connector_runtime\ConnectorRuntime.js","229","method_or_function","if","if (!discovery.ok) {"
"SERVICES\connector_runtime\ConnectorRuntime.js","235","method_or_function","for","for (const connector of discovery.connectors) {"
"SERVICES\connector_runtime\ConnectorRuntime.js","257","method_or_function","unloadConnector","unloadConnector(connectorId) {"
"SERVICES\connector_runtime\ConnectorRuntime.js","258","method_or_function","if","if (!connectorId) {"
"SERVICES\connector_runtime\ConnectorRuntime.js","289","method_or_function","execute","async execute(request = {}) {"
"SERVICES\connector_runtime\ConnectorRuntime.js","304","method_or_function","if","if (!connectorId) {"
"SERVICES\connector_runtime\ConnectorRuntime.js","314","method_or_function","if","if (!autoLoadResult.ok) {"
"SERVICES\connector_runtime\ConnectorRuntime.js","386","method_or_function","tryAutoLoadConnector","tryAutoLoadConnector(connectorId) {"
"SERVICES\connector_runtime\ConnectorRuntime.js","393","method_or_function","for","for (const candidate of candidates) {"
"SERVICES\connector_runtime\ConnectorRuntime.js","411","method_or_function","callConnector","async callConnector(instance, action, payload, request) {"
"SERVICES\connector_runtime\ConnectorRuntime.js","412","method_or_function","if","if (!instance) {"
"SERVICES\connector_runtime\ConnectorRuntime.js","416","method_or_function","if","if (typeof instance[action] === 'function') {"
"SERVICES\connector_runtime\ConnectorRuntime.js","420","method_or_function","if","if (typeof instance.execute === 'function') {"
"SERVICES\connector_runtime\ConnectorRuntime.js","428","method_or_function","if","if (typeof instance.run === 'function') {"
"SERVICES\connector_runtime\ConnectorRuntime.js","436","method_or_function","if","if (typeof instance.handle === 'function') {"
"SERVICES\connector_runtime\ConnectorRuntime.js","447","method_or_function","listConnectors","listConnectors() {"
"SERVICES\connector_runtime\ConnectorRuntime.js","461","method_or_function","healthCheck","async healthCheck() {"
"SERVICES\connector_runtime\ConnectorRuntime.js","524","method_or_function","getState","getState() {"
"SERVICES\connector_runtime\ConnectorRuntimeManager.js","6","class","ConnectorRuntimeManager","class ConnectorRuntimeManager {"
"SERVICES\connector_runtime\ConnectorRuntimeManager.js","7","method_or_function","constructor","constructor(options = {}) {"
"SERVICES\connector_runtime\ConnectorRuntimeManager.js","43","method_or_function","start","async start() {"
"SERVICES\connector_runtime\ConnectorRuntimeManager.js","44","method_or_function","if","if (this.running) {"
"SERVICES\connector_runtime\ConnectorRuntimeManager.js","77","method_or_function","stop","async stop() {"
"SERVICES\connector_runtime\ConnectorRuntimeManager.js","78","method_or_function","if","if (this.timer) {"
"SERVICES\connector_runtime\ConnectorRuntimeManager.js","93","method_or_function","runCycle","async runCycle() {"
"SERVICES\connector_runtime\ConnectorRuntimeManager.js","96","method_or_function","if","if (this.runtime && typeof this.runtime.healthCheck === 'function') {"
"SERVICES\connector_runtime\ConnectorRuntimeManager.js","139","method_or_function","extractConnectorCounts","extractConnectorCounts(health = {}) {"
"SERVICES\connector_runtime\ConnectorRuntimeManager.js","162","method_or_function","healthCheck","async healthCheck() {"
"SERVICES\connector_runtime\ConnectorRuntimeManager.js","181","method_or_function","getExecutiveSummary","getExecutiveSummary() {"
"SERVICES\connector_runtime\ConnectorRuntimeManager.js","196","method_or_function","getState","getState() {"
"SERVICES\connector_runtime\ConnectorRuntimeManager.js","204","method_or_function","saveState","saveState() {"
"SERVICES\connector_runtime\ConnectorRuntimeManager.js","208","method_or_function","writeJson","writeJson(filePath, data) {"
"SERVICES\connector_runtime\ConnectorRuntimeManager.js","213","method_or_function","ensureDir","ensureDir(dir) {"
"SERVICES\connector_runtime\ConnectorRuntimeManager.js","217","method_or_function","log","log(level, message) {"
"SERVICES\Decision\ApprovalEngine.js","3","class","ApprovalEngine","class ApprovalEngine {"
"SERVICES\Decision\ApprovalEngine.js","4","method_or_function","evaluate","evaluate(input = {}) {"
"SERVICES\Decision\AuthorityEngine.js","3","class","AuthorityEngine","class AuthorityEngine {"
"SERVICES\Decision\AuthorityEngine.js","4","method_or_function","evaluate","evaluate(input = {}) {"
"SERVICES\Decision\ConfidenceEngine.js","3","class","ConfidenceEngine","class ConfidenceEngine {"
"SERVICES\Decision\ConfidenceEngine.js","4","method_or_function","score","score(input = {}) {"
"SERVICES\Decision\DecisionEngine.js","9","class","DecisionEngine","class DecisionEngine {"
"SERVICES\Decision\DecisionEngine.js","10","method_or_function","evaluate","evaluate(input = {}) {"
"SERVICES\Decision\PolicyEngine.js","3","class","PolicyEngine","class PolicyEngine {"
"SERVICES\Decision\PolicyEngine.js","4","method_or_function","evaluate","evaluate(input = {}) {"
"SERVICES\Decision\RiskEngine.js","3","class","RiskEngine","class RiskEngine {"
"SERVICES\Decision\RiskEngine.js","4","method_or_function","evaluate","evaluate(input = {}) {"
"SERVICES\decision_engine\AutonomousDecisionEngine.js","6","class","AutonomousDecisionEngine","class AutonomousDecisionEngine {"
"SERVICES\decision_engine\AutonomousDecisionEngine.js","7","method_or_function","constructor","constructor(options = {}) {"
"SERVICES\decision_engine\AutonomousDecisionEngine.js","79","method_or_function","ensureStorage","ensureStorage() {"
"SERVICES\decision_engine\AutonomousDecisionEngine.js","101","method_or_function","loadState","loadState() {"
"SERVICES\decision_engine\AutonomousDecisionEngine.js","129","method_or_function","persistState","persistState() {"
"SERVICES\decision_engine\AutonomousDecisionEngine.js","134","method_or_function","appendJsonLine","appendJsonLine(filePath, payload) {"
"SERVICES\decision_engine\AutonomousDecisionEngine.js","145","method_or_function","evaluate","async evaluate(input = {}) {"
"SERVICES\decision_engine\AutonomousDecisionEngine.js","155","method_or_function","if","if (decision.approved) {"
"SERVICES\decision_engine\AutonomousDecisionEngine.js","204","method_or_function","normalizeDecisionInput","normalizeDecisionInput(input = {}) {"
"SERVICES\decision_engine\AutonomousDecisionEngine.js","253","method_or_function","gatherContext","async gatherContext(normalized) {"
"SERVICES\decision_engine\AutonomousDecisionEngine.js","269","method_or_function","makeDecision","makeDecision(normalized, context) {"
"SERVICES\decision_engine\AutonomousDecisionEngine.js","273","method_or_function","if","if (!this.policy.allowAutonomousExecution) {"
"SERVICES\decision_engine\AutonomousDecisionEngine.js","277","method_or_function","if","if (normalized.blocked) {"
"SERVICES\decision_engine\AutonomousDecisionEngine.js","281","method_or_function","if","if (normalized.requiresApproval) {"
"SERVICES\decision_engine\AutonomousDecisionEngine.js","285","method_or_function","if","if (normalized.priority > this.policy.maxPriorityToAutoExecute) {"
"SERVICES\decision_engine\AutonomousDecisionEngine.js","289","method_or_function","if","if (normalized.confidence < this.policy.minimumConfidenceToExecute) {"
"SERVICES\decision_engine\AutonomousDecisionEngine.js","293","method_or_function","for","for (const risk of risks) {"
"SERVICES\decision_engine\AutonomousDecisionEngine.js","294","method_or_function","if","if (risk.blocking) {"
"SERVICES\decision_engine\AutonomousDecisionEngine.js","305","method_or_function","if","if (approved) {"
"SERVICES\decision_engine\AutonomousDecisionEngine.js","326","method_or_function","requiresProtectedApproval","requiresProtectedApproval(operationType, operation = {}) {"
"SERVICES\decision_engine\AutonomousDecisionEngine.js","329","method_or_function","if","if (this.policy.requireApprovalForExternalSend) {"
"SERVICES\decision_engine\AutonomousDecisionEngine.js","340","method_or_function","if","if (this.policy.requireApprovalForPricing) {"
"SERVICES\decision_engine\AutonomousDecisionEngine.js","351","method_or_function","if","if (this.policy.requireApprovalForHiring) {"
"SERVICES\decision_engine\AutonomousDecisionEngine.js","361","method_or_function","if","if (this.policy.requireApprovalForDeletion) {"
"SERVICES\decision_engine\AutonomousDecisionEngine.js","372","method_or_function","if","if (this.policy.requireApprovalForContracts) {"
"SERVICES\decision_engine\AutonomousDecisionEngine.js","385","method_or_function","calculateRisk","calculateRisk(normalized, context) {"
"SERVICES\decision_engine\AutonomousDecisionEngine.js","395","method_or_function","if","if (learningMetrics && learningMetrics.repeatedFailures) {"
"SERVICES\decision_engine\AutonomousDecisionEngine.js","402","method_or_function","if","if (learningMetrics.repeatedFailures[target]) {"
"SERVICES\decision_engine\AutonomousDecisionEngine.js","426","method_or_function","resolveRoute","resolveRoute(operation = {}) {"
"SERVICES\decision_engine\AutonomousDecisionEngine.js","427","method_or_function","if","if (operation.workerId || operation.worker || operation.assignedWorker) {"
"SERVICES\decision_engine\AutonomousDecisionEngine.js","431","method_or_function","if","if (operation.connectorId || operation.connector) {"
"SERVICES\decision_engine\AutonomousDecisionEngine.js","435","method_or_function","if","if (this.operationExecutionKernel) {"
"SERVICES\decision_engine\AutonomousDecisionEngine.js","439","method_or_function","if","if (this.digitalCOORuntimeManager) {"
"SERVICES\decision_engine\AutonomousDecisionEngine.js","446","method_or_function","decideAndRoute","async decideAndRoute(input = {}) {"
"SERVICES\decision_engine\AutonomousDecisionEngine.js","449","method_or_function","if","if (!evaluation.ok) {"
"SERVICES\decision_engine\AutonomousDecisionEngine.js","455","method_or_function","if","if (!decision.approved) {"
"SERVICES\decision_engine\AutonomousDecisionEngine.js","470","method_or_function","if","if (routeResult && routeResult.ok) {"
"SERVICES\decision_engine\AutonomousDecisionEngine.js","492","method_or_function","routeDecision","async routeDecision(decision) {"
"SERVICES\decision_engine\AutonomousDecisionEngine.js","528","method_or_function","safeExecutiveSummary","async safeExecutiveSummary() {"
"SERVICES\decision_engine\AutonomousDecisionEngine.js","529","method_or_function","if","if (!this.executiveIntelligence) {"
"SERVICES\decision_engine\AutonomousDecisionEngine.js","536","method_or_function","if","if (typeof this.executiveIntelligence.getExecutiveSummary === 'function') {"
"SERVICES\decision_engine\AutonomousDecisionEngine.js","540","method_or_function","if","if (typeof this.executiveIntelligence.getState === 'function') {"
"SERVICES\decision_engine\AutonomousDecisionEngine.js","554","method_or_function","safeMissionStatus","async safeMissionStatus() {"
"SERVICES\decision_engine\AutonomousDecisionEngine.js","555","method_or_function","if","if (!this.missionEngine) {"
"SERVICES\decision_engine\AutonomousDecisionEngine.js","562","method_or_function","if","if (typeof this.missionEngine.getStatus === 'function') {"
"SERVICES\decision_engine\AutonomousDecisionEngine.js","566","method_or_function","if","if (typeof this.missionEngine.getState === 'function') {"
"SERVICES\decision_engine\AutonomousDecisionEngine.js","580","method_or_function","safeLearningSummary","async safeLearningSummary() {"
"SERVICES\decision_engine\AutonomousDecisionEngine.js","581","method_or_function","if","if (!this.learningEngineManager) {"
"SERVICES\decision_engine\AutonomousDecisionEngine.js","588","method_or_function","if","if (typeof this.learningEngineManager.getExecutiveSummary === 'function') {"
"SERVICES\decision_engine\AutonomousDecisionEngine.js","592","method_or_function","if","if (typeof this.learningEngineManager.safeGetMetrics === 'function') {"
"SERVICES\decision_engine\AutonomousDecisionEngine.js","607","method_or_function","safeCapabilityStatus","async safeCapabilityStatus() {"
"SERVICES\decision_engine\AutonomousDecisionEngine.js","608","method_or_function","if","if (!this.capabilityBuilder) {"
"SERVICES\decision_engine\AutonomousDecisionEngine.js","615","method_or_function","if","if (typeof this.capabilityBuilder.getState === 'function') {"
"SERVICES\decision_engine\AutonomousDecisionEngine.js","623","method_or_function","if","if (typeof this.capabilityBuilder.healthCheck === 'function') {"
"SERVICES\decision_engine\AutonomousDecisionEngine.js","633","method_or_function","safeDigitalCOOState","async safeDigitalCOOState() {"
"SERVICES\decision_engine\AutonomousDecisionEngine.js","634","method_or_function","if","if (!this.digitalCOORuntimeManager) {"
"SERVICES\decision_engine\AutonomousDecisionEngine.js","641","method_or_function","if","if (typeof this.digitalCOORuntimeManager.healthCheck === 'function') {"
"SERVICES\decision_engine\AutonomousDecisionEngine.js","645","method_or_function","if","if (typeof this.digitalCOORuntimeManager.getState === 'function') {"
"SERVICES\decision_engine\AutonomousDecisionEngine.js","659","method_or_function","recordLearningEvent","async recordLearningEvent(event = {}) {"
"SERVICES\decision_engine\AutonomousDecisionEngine.js","660","method_or_function","if","if (!this.learningEngineManager) {"
"SERVICES\decision_engine\AutonomousDecisionEngine.js","668","method_or_function","if","if (typeof this.learningEngineManager.recordEvent === 'function') {"
"SERVICES\decision_engine\AutonomousDecisionEngine.js","672","method_or_function","if","if (typeof this.learningEngineManager.recordOperationOutcome === 'function') {"
"SERVICES\decision_engine\AutonomousDecisionEngine.js","683","method_or_function","healthCheck","async healthCheck() {"
"SERVICES\decision_engine\AutonomousDecisionEngine.js","721","method_or_function","getState","getState() {"
"SERVICES\decision_engine\AutonomousDecisionEngineManager.js","5","class","AutonomousDecisionEngineManager","class AutonomousDecisionEngineManager {"
"SERVICES\decision_engine\AutonomousDecisionEngineManager.js","6","method_or_function","constructor","constructor(options = {}) {"
"SERVICES\decision_engine\AutonomousDecisionEngineManager.js","53","method_or_function","start","async start() {"
"SERVICES\decision_engine\AutonomousDecisionEngineManager.js","54","method_or_function","if","if (this.running) {"
"SERVICES\decision_engine\AutonomousDecisionEngineManager.js","85","method_or_function","stop","async stop() {"
"SERVICES\decision_engine\AutonomousDecisionEngineManager.js","86","method_or_function","if","if (this.loopHandle) {"
"SERVICES\decision_engine\AutonomousDecisionEngineManager.js","103","method_or_function","runCycle","async runCycle() {"
"SERVICES\decision_engine\AutonomousDecisionEngineManager.js","111","method_or_function","if","if (!health.ok) {"
"SERVICES\decision_engine\AutonomousDecisionEngineManager.js","147","method_or_function","submitDecision","async submitDecision(input = {}) {"
"SERVICES\decision_engine\AutonomousDecisionEngineManager.js","151","method_or_function","if","if (!this.engine || typeof this.engine.decideAndRoute !== 'function') {"
"SERVICES\decision_engine\AutonomousDecisionEngineManager.js","169","method_or_function","if","if (result && result.decision) {"
"SERVICES\decision_engine\AutonomousDecisionEngineManager.js","172","method_or_function","if","if (result.decision.approved) {"
"SERVICES\decision_engine\AutonomousDecisionEngineManager.js","179","method_or_function","if","if (result && result.ok) {"
"SERVICES\decision_engine\AutonomousDecisionEngineManager.js","201","method_or_function","evaluateOnly","async evaluateOnly(input = {}) {"
"SERVICES\decision_engine\AutonomousDecisionEngineManager.js","205","method_or_function","if","if (!this.engine || typeof this.engine.evaluate !== 'function') {"
"SERVICES\decision_engine\AutonomousDecisionEngineManager.js","223","method_or_function","if","if (result && result.decision) {"
"SERVICES\decision_engine\AutonomousDecisionEngineManager.js","226","method_or_function","if","if (result.decision.approved) {"
"SERVICES\decision_engine\AutonomousDecisionEngineManager.js","233","method_or_function","if","if (result && result.ok) {"
"SERVICES\decision_engine\AutonomousDecisionEngineManager.js","254","method_or_function","recover","async recover() {"
"SERVICES\decision_engine\AutonomousDecisionEngineManager.js","259","method_or_function","if","if (this.engine && typeof this.engine.ensureStorage === 'function') {"
"SERVICES\decision_engine\AutonomousDecisionEngineManager.js","263","method_or_function","if","if (this.engine && typeof this.engine.loadState === 'function') {"
"SERVICES\decision_engine\AutonomousDecisionEngineManager.js","270","method_or_function","if","if (recovered) {"
"SERVICES\decision_engine\AutonomousDecisionEngineManager.js","298","method_or_function","safeHealthCheck","async safeHealthCheck() {"
"SERVICES\decision_engine\AutonomousDecisionEngineManager.js","299","method_or_function","if","if (!this.engine || typeof this.engine.healthCheck !== 'function') {"
"SERVICES\decision_engine\AutonomousDecisionEngineManager.js","310","method_or_function","getExecutiveSummary","getExecutiveSummary() {"
"SERVICES\decision_engine\AutonomousDecisionEngineManager.js","323","method_or_function","getState","getState() {"
"SERVICES\digital_coo\COOBusinessStateEngine.js","6","class","COOBusinessStateEngine","class COOBusinessStateEngine {"
"SERVICES\digital_coo\COOBusinessStateEngine.js","7","method_or_function","constructor","constructor(options = {}) {"
"SERVICES\digital_coo\COOBusinessStateEngine.js","45","method_or_function","ensureDirectories","ensureDirectories() {"
"SERVICES\digital_coo\COOBusinessStateEngine.js","59","method_or_function","ensureDefaultFiles","ensureDefaultFiles() {"
"SERVICES\digital_coo\COOBusinessStateEngine.js","81","method_or_function","buildDefaultBusinessState","buildDefaultBusinessState() {"
"SERVICES\digital_coo\COOBusinessStateEngine.js","178","method_or_function","start","async start() {"
"SERVICES\digital_coo\COOBusinessStateEngine.js","179","method_or_function","if","if (this.running) {"
"SERVICES\digital_coo\COOBusinessStateEngine.js","207","method_or_function","stop","async stop() {"
"SERVICES\digital_coo\COOBusinessStateEngine.js","223","method_or_function","refreshBusinessState","async refreshBusinessState(input = {}) {"
"SERVICES\digital_coo\COOBusinessStateEngine.js","293","method_or_function","calculateOperationalReadiness","calculateOperationalReadiness(current, approvals, alerts) {"
"SERVICES\digital_coo\COOBusinessStateEngine.js","308","method_or_function","if","if (blockedDomains > 0) {"
"SERVICES\digital_coo\COOBusinessStateEngine.js","312","method_or_function","if","if (blockedDomains >= 3) {"
"SERVICES\digital_coo\COOBusinessStateEngine.js","327","method_or_function","getBusinessState","getBusinessState() {"
"SERVICES\digital_coo\COOBusinessStateEngine.js","331","method_or_function","addOpenItem","addOpenItem(domainName, item = {}) {"
"SERVICES\digital_coo\COOBusinessStateEngine.js","335","method_or_function","if","if (!domain) {"
"SERVICES\digital_coo\COOBusinessStateEngine.js","371","method_or_function","addCEOApproval","addCEOApproval(item = {}) {"
"SERVICES\digital_coo\COOBusinessStateEngine.js","401","method_or_function","addExecutiveAlert","addExecutiveAlert(item = {}) {"
"SERVICES\digital_coo\COOBusinessStateEngine.js","430","method_or_function","getRecommendedOperations","getRecommendedOperations() {"
"SERVICES\digital_coo\COOBusinessStateEngine.js","495","method_or_function","mapDomainToWorker","mapDomainToWorker(domainName) {"
"SERVICES\digital_coo\COOBusinessStateEngine.js","509","method_or_function","writeExecutiveFeed","writeExecutiveFeed(businessState) {"
"SERVICES\digital_coo\COOBusinessStateEngine.js","521","method_or_function","writeLearningFeed","writeLearningFeed(businessState) {"
"SERVICES\digital_coo\COOBusinessStateEngine.js","531","method_or_function","writeRecoveryFeed","writeRecoveryFeed(businessState) {"
"SERVICES\digital_coo\COOBusinessStateEngine.js","544","method_or_function","healthCheck","async healthCheck() {"
"SERVICES\digital_coo\COOBusinessStateEngine.js","567","method_or_function","getExecutiveSummary","getExecutiveSummary() {"
"SERVICES\digital_coo\COOBusinessStateEngine.js","583","method_or_function","getState","getState() {"
"SERVICES\digital_coo\COOBusinessStateEngine.js","591","method_or_function","saveRuntimeState","saveRuntimeState() {"
"SERVICES\digital_coo\COOBusinessStateEngine.js","596","method_or_function","buildId","buildId(prefix) {"
"SERVICES\digital_coo\COOBusinessStateEngine.js","604","method_or_function","readJson","readJson(filePath, fallback) {"
"SERVICES\digital_coo\COOBusinessStateEngine.js","613","method_or_function","writeJson","writeJson(filePath, data) {"
"SERVICES\digital_coo\COOBusinessStateEngine.js","617","method_or_function","log","log(level, message) {"
"SERVICES\digital_coo\COOExecutionLoop.js","7","class","COOExecutionLoop","class COOExecutionLoop {"
"SERVICES\digital_coo\COOExecutionLoop.js","8","method_or_function","constructor","constructor(options = {}) {"
"SERVICES\digital_coo\COOExecutionLoop.js","57","method_or_function","ensureDirectories","ensureDirectories() {"
"SERVICES\digital_coo\COOExecutionLoop.js","71","method_or_function","ensureLedger","ensureLedger() {"
"SERVICES\digital_coo\COOExecutionLoop.js","81","method_or_function","start","async start() {"
"SERVICES\digital_coo\COOExecutionLoop.js","82","method_or_function","if","if (this.running) {"
"SERVICES\digital_coo\COOExecutionLoop.js","91","method_or_function","if","if (this.goalEngine && typeof this.goalEngine.start === 'function') {"
"SERVICES\digital_coo\COOExecutionLoop.js","124","method_or_function","stop","async stop() {"
"SERVICES\digital_coo\COOExecutionLoop.js","125","method_or_function","if","if (this.timer) {"
"SERVICES\digital_coo\COOExecutionLoop.js","134","method_or_function","if","if (this.goalEngine && typeof this.goalEngine.stop === 'function') {"
"SERVICES\digital_coo\COOExecutionLoop.js","149","method_or_function","runCycle","async runCycle() {"
"SERVICES\digital_coo\COOExecutionLoop.js","150","method_or_function","if","if (this.activeCycle) {"
"SERVICES\digital_coo\COOExecutionLoop.js","176","method_or_function","for","for (const operation of recommendedOperations) {"
"SERVICES\digital_coo\COOExecutionLoop.js","242","method_or_function","queueOperationOnce","async queueOperationOnce(operation = {}) {"
"SERVICES\digital_coo\COOExecutionLoop.js","275","method_or_function","if","if (queued) {"
"SERVICES\digital_coo\COOExecutionLoop.js","298","method_or_function","normalizeOperation","normalizeOperation(operation = {}) {"
"SERVICES\digital_coo\COOExecutionLoop.js","323","method_or_function","isDuplicateOperation","isDuplicateOperation(operation) {"
"SERVICES\digital_coo\COOExecutionLoop.js","342","method_or_function","recordOperation","recordOperation(operation) {"
"SERVICES\digital_coo\COOExecutionLoop.js","361","method_or_function","getRuntimeHealth","async getRuntimeHealth() {"
"SERVICES\digital_coo\COOExecutionLoop.js","376","method_or_function","getHostExecutiveSummary","async getHostExecutiveSummary() {"
"SERVICES\digital_coo\COOExecutionLoop.js","391","method_or_function","writeLearningFeed","writeLearningFeed(cycle) {"
"SERVICES\digital_coo\COOExecutionLoop.js","407","method_or_function","writeRecoveryPlan","writeRecoveryPlan(cycle) {"
"SERVICES\digital_coo\COOExecutionLoop.js","425","method_or_function","mapAreaToWorker","mapAreaToWorker(area) {"
"SERVICES\digital_coo\COOExecutionLoop.js","441","method_or_function","buildOperationId","buildOperationId(area, worker) {"
"SERVICES\digital_coo\COOExecutionLoop.js","450","method_or_function","healthCheck","async healthCheck() {"
"SERVICES\digital_coo\COOExecutionLoop.js","466","method_or_function","getExecutiveSummary","getExecutiveSummary() {"
"SERVICES\digital_coo\COOExecutionLoop.js","483","method_or_function","getState","getState() {"
"SERVICES\digital_coo\COOExecutionLoop.js","492","method_or_function","saveState","saveState() {"
"SERVICES\digital_coo\COOExecutionLoop.js","496","method_or_function","readJson","readJson(filePath, fallback) {"
"SERVICES\digital_coo\COOExecutionLoop.js","505","method_or_function","writeJson","writeJson(filePath, data) {"
"SERVICES\digital_coo\COOExecutionLoop.js","509","method_or_function","log","log(level, message) {"
"SERVICES\digital_coo\COOGoalEngine.js","6","class","COOGoalEngine","class COOGoalEngine {"
"SERVICES\digital_coo\COOGoalEngine.js","7","method_or_function","constructor","constructor(options = {}) {"
"SERVICES\digital_coo\COOGoalEngine.js","41","method_or_function","ensureDirectories","ensureDirectories() {"
"SERVICES\digital_coo\COOGoalEngine.js","42","method_or_function","for","for (const dir of [this.stateDir, this.executiveDir, this.logsDir]) {"
"SERVICES\digital_coo\COOGoalEngine.js","49","method_or_function","ensureDefaultFiles","ensureDefaultFiles() {"
"SERVICES\digital_coo\COOGoalEngine.js","161","method_or_function","start","async start() {"
"SERVICES\digital_coo\COOGoalEngine.js","162","method_or_function","if","if (this.running) {"
"SERVICES\digital_coo\COOGoalEngine.js","188","method_or_function","stop","async stop() {"
"SERVICES\digital_coo\COOGoalEngine.js","203","method_or_function","healthCheck","async healthCheck() {"
"SERVICES\digital_coo\COOGoalEngine.js","224","method_or_function","evaluateGoals","async evaluateGoals(context = {}) {"
"SERVICES\digital_coo\COOGoalEngine.js","270","method_or_function","buildRecommendedOperations","buildRecommendedOperations(goals, priorities, context) {"
"SERVICES\digital_coo\COOGoalEngine.js","276","method_or_function","for","for (const goal of activeGoals) {"
"SERVICES\digital_coo\COOGoalEngine.js","279","method_or_function","if","if (goal.category === 'revenue' || goal.category === 'sales') {"
"SERVICES\digital_coo\COOGoalEngine.js","294","method_or_function","if","if (goal.category === 'operations') {"
"SERVICES\digital_coo\COOGoalEngine.js","310","method_or_function","for","for (const priority of priorityList) {"
"SERVICES\digital_coo\COOGoalEngine.js","324","method_or_function","if","if (context && context.runtimeHealth && context.runtimeHealth.ok === false) {"
"SERVICES\digital_coo\COOGoalEngine.js","341","method_or_function","mapAreaToWorker","mapAreaToWorker(area) {"
"SERVICES\digital_coo\COOGoalEngine.js","354","method_or_function","buildOperationId","buildOperationId(prefix, seed) {"
"SERVICES\digital_coo\COOGoalEngine.js","362","method_or_function","getExecutiveSummary","getExecutiveSummary() {"
"SERVICES\digital_coo\COOGoalEngine.js","380","method_or_function","getState","getState() {"
"SERVICES\digital_coo\COOGoalEngine.js","388","method_or_function","readJson","readJson(filePath, fallback) {"
"SERVICES\digital_coo\COOGoalEngine.js","397","method_or_function","writeJson","writeJson(filePath, data) {"
"SERVICES\digital_coo\COOGoalEngine.js","401","method_or_function","log","log(level, message) {"
"SERVICES\digital_coo\DigitalCOOHost.js","9","function","ensureDir","function ensureDir(dir) {"
"SERVICES\digital_coo\DigitalCOOHost.js","13","function","now","function now() {"
"SERVICES\digital_coo\DigitalCOOHost.js","17","function","safeRequire","function safeRequire(candidates) {"
"SERVICES\digital_coo\DigitalCOOHost.js","18","method_or_function","for","for (const candidate of candidates) {"
"SERVICES\digital_coo\DigitalCOOHost.js","26","method_or_function","if","if (error.code !== 'MODULE_NOT_FOUND') {"
"SERVICES\digital_coo\DigitalCOOHost.js","43","function","resolveExport","function resolveExport(loaded, preferredNames = []) {"
"SERVICES\digital_coo\DigitalCOOHost.js","44","method_or_function","if","if (!loaded || !loaded.ok) {"
"SERVICES\digital_coo\DigitalCOOHost.js","50","method_or_function","if","if (typeof mod === 'function') {"
"SERVICES\digital_coo\DigitalCOOHost.js","54","method_or_function","if","if (mod && typeof mod.default === 'function') {"
"SERVICES\digital_coo\DigitalCOOHost.js","58","method_or_function","for","for (const name of preferredNames) {"
"SERVICES\digital_coo\DigitalCOOHost.js","59","method_or_function","if","if (mod && typeof mod[name] === 'function') {"
"SERVICES\digital_coo\DigitalCOOHost.js","67","function","makeComponent","function makeComponent("
"SERVICES\digital_coo\DigitalCOOHost.js","73","method_or_function","if","if (!LoadedClass) {"
"SERVICES\digital_coo\DigitalCOOHost.js","95","class","DigitalCOOHost","class DigitalCOOHost {"
"SERVICES\digital_coo\DigitalCOOHost.js","96","method_or_function","constructor","constructor(options = {}) {"
"SERVICES\digital_coo\DigitalCOOHost.js","515","method_or_function","registerOperationalWorkers","registerOperationalWorkers() {"
"SERVICES\digital_coo\DigitalCOOHost.js","542","method_or_function","for","for (const alias of aliases) {"
"SERVICES\digital_coo\DigitalCOOHost.js","570","method_or_function","start","async start() {"
"SERVICES\digital_coo\DigitalCOOHost.js","573","method_or_function","if","if (this.running) {"
"SERVICES\digital_coo\DigitalCOOHost.js","664","method_or_function","stop","async stop() {"
"SERVICES\digital_coo\DigitalCOOHost.js","738","method_or_function","safeStart","async safeStart(name, component) {"
"SERVICES\digital_coo\DigitalCOOHost.js","778","method_or_function","safeStop","async safeStop(name, component) {"
"SERVICES\digital_coo\DigitalCOOHost.js","818","method_or_function","healthCheck","async healthCheck() {"
"SERVICES\digital_coo\DigitalCOOHost.js","921","method_or_function","safeHealth","async safeHealth(component) {"
"SERVICES\digital_coo\DigitalCOOHost.js","922","method_or_function","if","if (!component) {"
"SERVICES\digital_coo\DigitalCOOHost.js","961","method_or_function","enqueueOperation","async enqueueOperation(operation = {}) {"
"SERVICES\digital_coo\DigitalCOOHost.js","1017","method_or_function","if","if (requiresApproval) {"
"SERVICES\digital_coo\DigitalCOOHost.js","1117","method_or_function","if","if (record.ok) {"
"SERVICES\digital_coo\DigitalCOOHost.js","1182","method_or_function","runCOOCycle","async runCOOCycle() {"
"SERVICES\digital_coo\DigitalCOOHost.js","1199","method_or_function","getExecutiveSummary","getExecutiveSummary() {"
"SERVICES\digital_coo\DigitalCOOHost.js","1241","method_or_function","callSummary","callSummary(component) {"
"SERVICES\digital_coo\DigitalCOOHost.js","1268","method_or_function","getState","getState() {"
"SERVICES\digital_coo\DigitalCOOHost.js","1276","method_or_function","saveState","saveState() {"
"SERVICES\digital_coo\DigitalCOOHost.js","1283","method_or_function","readJson","readJson(file, fallback) {"
"SERVICES\digital_coo\DigitalCOOHost.js","1300","method_or_function","writeJson","writeJson(file, data) {"
"SERVICES\digital_coo\DigitalCOOHost.js","1316","method_or_function","log","log(level, message, metadata = {}) {"
"SERVICES\digital_coo\DigitalCOOHost.js","1344","method_or_function","if","if (require.main === module) {"
"SERVICES\digital_coo\DigitalCOORuntime.js","3","class","DigitalCOORuntime","class DigitalCOORuntime {"
"SERVICES\digital_coo\DigitalCOORuntime.js","4","method_or_function","constructor","constructor(options = {}) {"
"SERVICES\digital_coo\DigitalCOORuntime.js","75","method_or_function","evaluateOperation","async evaluateOperation(operation = {}) {"
"SERVICES\digital_coo\DigitalCOORuntime.js","92","method_or_function","if","if (decision.approved) {"
"SERVICES\digital_coo\DigitalCOORuntime.js","131","method_or_function","makeDecision","makeDecision(operation = {}) {"
"SERVICES\digital_coo\DigitalCOORuntime.js","183","method_or_function","if","if (blocked) {"
"SERVICES\digital_coo\DigitalCOORuntime.js","189","method_or_function","if","if (requiresApproval) {"
"SERVICES\digital_coo\DigitalCOORuntime.js","205","method_or_function","if","if (reasons.length === 0) {"
"SERVICES\digital_coo\DigitalCOORuntime.js","222","method_or_function","resolveRoute","resolveRoute(operation = {}) {"
"SERVICES\digital_coo\DigitalCOORuntime.js","252","method_or_function","executeOperation","async executeOperation(operation = {}) {"
"SERVICES\digital_coo\DigitalCOORuntime.js","273","method_or_function","if","if (!evaluation.ok) {"
"SERVICES\digital_coo\DigitalCOORuntime.js","375","method_or_function","if","if (successful) {"
"SERVICES\digital_coo\DigitalCOORuntime.js","507","method_or_function","if","if (!manager) {"
"SERVICES\digital_coo\DigitalCOORuntime.js","564","method_or_function","if","if (runtime) {"
"SERVICES\digital_coo\DigitalCOORuntime.js","650","method_or_function","if","if (!manager) {"
"SERVICES\digital_coo\DigitalCOORuntime.js","697","method_or_function","if","if (runtime) {"
"SERVICES\digital_coo\DigitalCOORuntime.js","741","method_or_function","if","if (!kernel) {"
"SERVICES\digital_coo\DigitalCOORuntime.js","857","method_or_function","getExecutiveSummary","async getExecutiveSummary() {"
"SERVICES\digital_coo\DigitalCOORuntime.js","907","method_or_function","safeManagerHealth","async safeManagerHealth(manager) {"
"SERVICES\digital_coo\DigitalCOORuntime.js","908","method_or_function","if","if (!manager) {"
"SERVICES\digital_coo\DigitalCOORuntime.js","953","method_or_function","safeExecutiveIntelligence","async safeExecutiveIntelligence() {"
"SERVICES\digital_coo\DigitalCOORuntime.js","1004","method_or_function","healthCheck","async healthCheck() {"
"SERVICES\digital_coo\DigitalCOORuntime.js","1042","method_or_function","if","if (ok) {"
"SERVICES\digital_coo\DigitalCOORuntime.js","1079","method_or_function","if","if (!execution) {"
"SERVICES\digital_coo\DigitalCOORuntime.js","1099","method_or_function","getState","getState() {"
"SERVICES\digital_coo\DigitalCOORuntimeManager.js","8","class","DigitalCOORuntimeManager","class DigitalCOORuntimeManager {"
"SERVICES\digital_coo\DigitalCOORuntimeManager.js","9","method_or_function","constructor","constructor(options = {}) {"
"SERVICES\digital_coo\DigitalCOORuntimeManager.js","92","method_or_function","ensureStorage","ensureStorage() {"
"SERVICES\digital_coo\DigitalCOORuntimeManager.js","118","method_or_function","loadState","loadState() {"
"SERVICES\digital_coo\DigitalCOORuntimeManager.js","146","method_or_function","persistState","persistState() {"
"SERVICES\digital_coo\DigitalCOORuntimeManager.js","151","method_or_function","appendJsonLine","appendJsonLine(filePath, payload) {"
"SERVICES\digital_coo\DigitalCOORuntimeManager.js","162","method_or_function","readQueue","readQueue() {"
"SERVICES\digital_coo\DigitalCOORuntimeManager.js","194","method_or_function","writeQueue","writeQueue(queue) {"
"SERVICES\digital_coo\DigitalCOORuntimeManager.js","198","method_or_function","enqueueOperation","enqueueOperation(operation = {}) {"
"SERVICES\digital_coo\DigitalCOORuntimeManager.js","244","method_or_function","dequeueOperations","dequeueOperations(limit = this.maxOperationsPerCycle) {"
"SERVICES\digital_coo\DigitalCOORuntimeManager.js","257","method_or_function","start","async start() {"
"SERVICES\digital_coo\DigitalCOORuntimeManager.js","258","method_or_function","if","if (this.running) {"
"SERVICES\digital_coo\DigitalCOORuntimeManager.js","290","method_or_function","stop","async stop() {"
"SERVICES\digital_coo\DigitalCOORuntimeManager.js","291","method_or_function","if","if (this.loopHandle) {"
"SERVICES\digital_coo\DigitalCOORuntimeManager.js","309","method_or_function","runCycle","async runCycle() {"
"SERVICES\digital_coo\DigitalCOORuntimeManager.js","317","method_or_function","if","if (!health.ok) {"
"SERVICES\digital_coo\DigitalCOORuntimeManager.js","324","method_or_function","for","for (const operation of operations) {"
"SERVICES\digital_coo\DigitalCOORuntimeManager.js","374","method_or_function","processOperation","async processOperation(operation = {}) {"
"SERVICES\digital_coo\DigitalCOORuntimeManager.js","383","method_or_function","if","if (!this.runtime || typeof this.runtime.executeOperation !== 'function') {"
"SERVICES\digital_coo\DigitalCOORuntimeManager.js","400","method_or_function","if","if (execution && execution.ok) {"
"SERVICES\digital_coo\DigitalCOORuntimeManager.js","422","method_or_function","if","if (execution && execution.status === 'OPERATION_REJECTED') {"
"SERVICES\digital_coo\DigitalCOORuntimeManager.js","471","method_or_function","generateExecutiveSummary","async generateExecutiveSummary() {"
"SERVICES\digital_coo\DigitalCOORuntimeManager.js","475","method_or_function","if","if (this.runtime && typeof this.runtime.getExecutiveSummary === 'function') {"
"SERVICES\digital_coo\DigitalCOORuntimeManager.js","507","method_or_function","safeHealthCheck","async safeHealthCheck() {"
"SERVICES\digital_coo\DigitalCOORuntimeManager.js","508","method_or_function","if","if (!this.runtime || typeof this.runtime.healthCheck !== 'function') {"
"SERVICES\digital_coo\DigitalCOORuntimeManager.js","519","method_or_function","recover","async recover() {"
"SERVICES\digital_coo\DigitalCOORuntimeManager.js","530","method_or_function","if","if (recovered) {"
"SERVICES\digital_coo\DigitalCOORuntimeManager.js","561","method_or_function","healthCheck","async healthCheck() {"
"SERVICES\digital_coo\DigitalCOORuntimeManager.js","609","method_or_function","getState","getState() {"
"SERVICES\digital_coo\MarketingCOOService.js","8","function","now","function now() {"
"SERVICES\digital_coo\MarketingCOOService.js","12","function","ensureDir","function ensureDir(file) {"
"SERVICES\digital_coo\MarketingCOOService.js","16","function","writeJson","function writeJson(file, data) {"
"SERVICES\digital_coo\MarketingCOOService.js","21","function","readCsvCount","function readCsvCount(file) {"
"SERVICES\digital_coo\MarketingCOOService.js","31","function","scanSegments","function scanSegments() {"
"SERVICES\digital_coo\MarketingCOOService.js","40","method_or_function","for","for (const dir of dirs) {"
"SERVICES\digital_coo\MarketingCOOService.js","66","async function","getInstantlyCampaigns","async function getInstantlyCampaigns() {"
"SERVICES\digital_coo\MarketingCOOService.js","98","function","buildWorkItems","function buildWorkItems(campaignRegistry, segmentRegistry) {"
"SERVICES\digital_coo\MarketingCOOService.js","101","method_or_function","if","if (!campaignRegistry.ok) {"
"SERVICES\digital_coo\MarketingCOOService.js","112","method_or_function","if","if (campaignRegistry.pausedCampaigns > campaignRegistry.activeCampaigns) {"
"SERVICES\digital_coo\MarketingCOOService.js","141","async function","runMarketingCOO","async function runMarketingCOO() {"
"SERVICES\digital_coo\MilesCommandCenter.js","21","function","now","function now() {"
"SERVICES\digital_coo\MilesCommandCenter.js","25","function","readJson","function readJson(file, fallback) {"
"SERVICES\digital_coo\MilesCommandCenter.js","34","function","writeJson","function writeJson(file, data) {"
"SERVICES\digital_coo\MilesCommandCenter.js","38","function","log","function log(level, message, metadata = {}) {"
"SERVICES\digital_coo\MilesCommandCenter.js","51","function","classifyWorker","function classifyWorker(text, plan = {}) {"
"SERVICES\digital_coo\MilesCommandCenter.js","78","function","needsApproval","function needsApproval(text) {"
"SERVICES\digital_coo\MilesCommandCenter.js","96","function","normalizeProvider","function normalizeProvider(provider) {"
"SERVICES\digital_coo\MilesCommandCenter.js","105","function","makeOperation","function makeOperation(command, plan = {}) {"
"SERVICES\digital_coo\MilesCommandCenter.js","154","function","addToQueue","function addToQueue(operation) {"
"SERVICES\digital_coo\MilesCommandCenter.js","171","async function","handleCommand","async function handleCommand(command) {"
"SERVICES\digital_coo\MilesCommandCenter.js","174","method_or_function","if","if (!cleanCommand) {"
"SERVICES\digital_coo\MilesCommandCenter.js","192","method_or_function","if","if (host && typeof host.enqueueOperation === 'function') {"
"SERVICES\digital_coo\MilesCommandCenter.js","215","function","page","function page() {"
"SERVICES\digital_coo\MilesCommandCenter.js","330","function","esc","function esc(value) {"
"SERVICES\digital_coo\MilesCommandCenter.js","337","function","statusClass","function statusClass(status) {"
"SERVICES\digital_coo\MilesCommandCenter.js","345","function","renderAccepted","function renderAccepted(data) {"
"SERVICES\digital_coo\MilesCommandCenter.js","361","function","renderResponse","function renderResponse(data) {"
"SERVICES\digital_coo\MilesCommandCenter.js","377","async function","send","async function send() {"
"SERVICES\digital_coo\MilesCommandCenter.js","391","method_or_function","if","if (!data.ok) {"
"SERVICES\digital_coo\MilesCommandCenter.js","402","method_or_function","if","if (currentOperationId) {"
"SERVICES\digital_coo\MilesCommandCenter.js","407","function","startPolling","function startPolling(operationId) {"
"SERVICES\digital_coo\MilesCommandCenter.js","417","async function","pollOperation","async function pollOperation(operationId) {"
"SERVICES\digital_coo\MilesCommandCenter.js","445","async function","start","async function start() {"
"SERVICES\digital_coo\MilesCommandCenter.js","449","method_or_function","if","if (req.method === 'GET' && req.url === '/') {"
"SERVICES\digital_coo\MilesCommandCenter.js","476","method_or_function","if","if (req.method === 'POST' && req.url === '/api/command') {"
"SERVICES\digital_coo\MilesExecutionTracer.js","8","function","readJson","function readJson(file, fallback) {"
"SERVICES\digital_coo\MilesExecutionTracer.js","17","function","exists","function exists(file) {"
"SERVICES\digital_coo\MilesExecutionTracer.js","21","function","tail","function tail(file, lines = 20) {"
"SERVICES\digital_coo\MilesExecutionTracer.js","30","function","report","function report() {"
"SERVICES\digital_coo\MilesExecutionTracer.js","105","method_or_function","if","if (output.queues.businessOperationsQueue.count > 0 && output.workerRuntime.lastExecutionAt === null) {"
"SERVICES\digital_coo\MilesExecutionTracer.js","109","method_or_function","if","if (output.queues.hostOperationQueue.count > 0 && output.workerRuntime.lastExecutionAt === null) {"
"SERVICES\digital_coo\MilesExecutionTracer.js","113","method_or_function","if","if (output.workerRuntime.workersAvailable > 0 && output.workerRuntime.lastExecutionAt === null) {"
"SERVICES\digital_coo\MilesExecutionTracer.js","117","method_or_function","if","if (output.connectorRuntime.connectorsLoaded === 0) {"
"SERVICES\Discovery\DiscoveryEngine.js","15","function","ensureDirs","function ensureDirs() {"
"SERVICES\Discovery\DiscoveryEngine.js","19","function","readJson","function readJson(file, fallback = null) {"
"SERVICES\Discovery\DiscoveryEngine.js","27","function","latestJsonFile","function latestJsonFile(dir, prefix) {"
"SERVICES\Discovery\DiscoveryEngine.js","46","function","workItem","function workItem({"
"SERVICES\Discovery\DiscoveryEngine.js","71","class","InstantlyOperationalDiscovery","class InstantlyOperationalDiscovery {"
"SERVICES\Discovery\DiscoveryEngine.js","72","method_or_function","discover","async discover() {"
"SERVICES\Discovery\DiscoveryEngine.js","89","method_or_function","if","if (!lastResult) {"
"SERVICES\Discovery\DiscoveryEngine.js","113","method_or_function","if","if (draftCampaigns.length > 0) {"
"SERVICES\Discovery\DiscoveryEngine.js","127","method_or_function","if","if (pausedCampaigns.length > 0) {"
"SERVICES\Discovery\DiscoveryEngine.js","141","method_or_function","if","if (activeCampaigns.length > 0) {"
"SERVICES\Discovery\DiscoveryEngine.js","163","class","WebsiteGrowthDiscovery","class WebsiteGrowthDiscovery {"
"SERVICES\Discovery\DiscoveryEngine.js","164","method_or_function","discover","async discover() {"
"SERVICES\Discovery\DiscoveryEngine.js","184","class","LinkedInGrowthDiscovery","class LinkedInGrowthDiscovery {"
"SERVICES\Discovery\DiscoveryEngine.js","185","method_or_function","discover","async discover() {"
"SERVICES\Discovery\DiscoveryEngine.js","205","class","GovernmentDataDiscovery","class GovernmentDataDiscovery {"
"SERVICES\Discovery\DiscoveryEngine.js","206","method_or_function","discover","async discover() {"
"SERVICES\Discovery\DiscoveryEngine.js","226","class","DiscoveryEngine","class DiscoveryEngine {"
"SERVICES\Discovery\DiscoveryEngine.js","227","method_or_function","constructor","constructor() {"
"SERVICES\Discovery\DiscoveryEngine.js","244","method_or_function","discoverAll","async discoverAll() {"
"SERVICES\Discovery\DiscoveryEngine.js","259","method_or_function","for","for (const source of this.sources) {"
"SERVICES\Discovery\DiscoveryEngine.js","264","method_or_function","for","for (const item of result.work || []) {"
"SERVICES\Discovery\DiscoveryEngine.js","305","method_or_function","dedupe","dedupe(work) {"
"SERVICES\Discovery\DiscoveryEngine.js","309","method_or_function","for","for (const item of work || []) {"
"SERVICES\Discovery\DiscoveryEngine.js","321","method_or_function","save","save(work) {"
"SERVICES\Discovery\DiscoveryEngine.js","325","method_or_function","recent","recent() {"
"SERVICES\Discovery\DiscoveryEngine.js","335","method_or_function","status","status() {"
"SERVICES\Discovery\MarketingDiscovery.js","5","class","MarketingDiscovery","class MarketingDiscovery {"
"SERVICES\Discovery\MarketingDiscovery.js","6","method_or_function","discover","async discover() {"
"SERVICES\Discovery\MarketingDiscovery.js","25","method_or_function","if","if (paused > 0) {"
"SERVICES\Discovery\MarketingDiscovery.js","39","method_or_function","if","if (active === 0) {"
"SERVICES\Discovery\OrionDiscovery.js","5","class","OrionDiscovery","class OrionDiscovery {"
"SERVICES\Discovery\OrionDiscovery.js","6","method_or_function","discover","async discover() {"
"SERVICES\Discovery\OrionDiscovery.js","22","method_or_function","if","if (!result.ok || result.status !== ""Healthy"") {"
"SERVICES\Events\EventBus.js","10","function","ensureDirs","function ensureDirs() {"
"SERVICES\Events\EventBus.js","14","function","safeJson","function safeJson(value) {"
"SERVICES\Events\EventBus.js","22","class","EventBus","class EventBus {"
"SERVICES\Events\EventBus.js","23","method_or_function","constructor","constructor() {"
"SERVICES\Events\EventBus.js","28","method_or_function","publish","publish(eventType, payload = {}, metadata = {}) {"
"SERVICES\Events\EventBus.js","29","method_or_function","if","if (!eventType || typeof eventType !== ""string"") {"
"SERVICES\Events\EventBus.js","54","method_or_function","for","for (const handler of [...handlers, ...wildcardHandlers]) {"
"SERVICES\Events\EventBus.js","80","method_or_function","subscribe","subscribe(eventType, handler) {"
"SERVICES\Events\EventBus.js","81","method_or_function","if","if (!eventType || typeof eventType !== ""string"") {"
"SERVICES\Events\EventBus.js","85","method_or_function","if","if (typeof handler !== ""function"") {"
"SERVICES\Events\EventBus.js","89","method_or_function","if","if (!this.subscribers[eventType]) {"
"SERVICES\Events\EventBus.js","102","method_or_function","recent","recent(limit = 50) {"
"SERVICES\Events\EventBus.js","125","method_or_function","status","status() {"
"SERVICES\Events\EventBus.js","134","method_or_function","createEventId","createEventId() {"
"SERVICES\Executive\CEOApprovalQueue.js","11","function","ensureFiles","function ensureFiles() {"
"SERVICES\Executive\CEOApprovalQueue.js","23","function","loadJson","function loadJson(file) {"
"SERVICES\Executive\CEOApprovalQueue.js","28","function","saveJson","function saveJson(file, data) {"
"SERVICES\Executive\CEOApprovalQueue.js","33","function","createId","function createId() {"
"SERVICES\Executive\CEOApprovalQueue.js","39","class","CEOApprovalQueue","class CEOApprovalQueue {"
"SERVICES\Executive\CEOApprovalQueue.js","40","method_or_function","enqueue","enqueue(request = {}) {"
"SERVICES\Executive\CEOApprovalQueue.js","75","method_or_function","list","list() {"
"SERVICES\Executive\CEOApprovalQueue.js","79","method_or_function","pending","pending() {"
"SERVICES\Executive\CEOApprovalQueue.js","83","method_or_function","history","history() {"
"SERVICES\Executive\CEOApprovalQueue.js","87","method_or_function","approve","approve(id, note = """") {"
"SERVICES\Executive\CEOApprovalQueue.js","91","method_or_function","reject","reject(id, note = """") {"
"SERVICES\Executive\CEOApprovalQueue.js","95","method_or_function","delegate","delegate(id, note = """") {"
"SERVICES\Executive\CEOApprovalQueue.js","99","method_or_function","resolve","resolve(id, status, note = """") {"
"SERVICES\Executive\CEOApprovalQueue.js","105","method_or_function","if","if (index === -1) {"
"SERVICES\Executive\CEOApprovalQueue.js","133","method_or_function","clearTestItems","clearTestItems() {"
"SERVICES\Executive\CEOApprovalQueue.js","145","method_or_function","statistics","statistics() {"
"SERVICES\Learning\ConfidenceAdjuster.js","5","class","ConfidenceAdjuster","class ConfidenceAdjuster {"
"SERVICES\Learning\ConfidenceAdjuster.js","7","method_or_function","adjust","adjust(provider, baseConfidence = 100) {"
"SERVICES\Learning\DecisionHistory.js","16","class","DecisionHistory","class DecisionHistory {"
"SERVICES\Learning\DecisionHistory.js","18","method_or_function","constructor","constructor() {"
"SERVICES\Learning\DecisionHistory.js","31","method_or_function","load","load(){"
"SERVICES\Learning\DecisionHistory.js","37","method_or_function","save","save(history){"
"SERVICES\Learning\DecisionHistory.js","45","method_or_function","record","record(decision){"
"SERVICES\Learning\LearningEngine.js","5","class","LearningEngine","class LearningEngine {"
"SERVICES\Learning\LearningEngine.js","7","method_or_function","analyze","analyze() {"
"SERVICES\Learning\LearningEngine.js","18","method_or_function","if","if (!providerScores[provider]) {"
"SERVICES\Learning\LearningEngine.js","27","method_or_function","if","if (exec.status === ""COMPLETED"") {"
"SERVICES\Learning\PerformanceScorer.js","5","class","PerformanceScorer","class PerformanceScorer {"
"SERVICES\Learning\PerformanceScorer.js","7","method_or_function","scoreProvider","scoreProvider(providerName) {"
"SERVICES\learning_engine\LearningEngine.js","6","class","LearningEngine","class LearningEngine {"
"SERVICES\learning_engine\LearningEngine.js","7","method_or_function","constructor","constructor(options = {}) {"
"SERVICES\learning_engine\LearningEngine.js","59","method_or_function","ensureStorage","ensureStorage() {"
"SERVICES\learning_engine\LearningEngine.js","77","method_or_function","loadState","loadState() {"
"SERVICES\learning_engine\LearningEngine.js","98","method_or_function","persistState","persistState() {"
"SERVICES\learning_engine\LearningEngine.js","103","method_or_function","appendEvent","appendEvent(event) {"
"SERVICES\learning_engine\LearningEngine.js","112","method_or_function","recordWorkerExecution","recordWorkerExecution(event = {}) {"
"SERVICES\learning_engine\LearningEngine.js","119","method_or_function","recordConnectorExecution","recordConnectorExecution(event = {}) {"
"SERVICES\learning_engine\LearningEngine.js","126","method_or_function","recordOperationOutcome","recordOperationOutcome(event = {}) {"
"SERVICES\learning_engine\LearningEngine.js","133","method_or_function","recordEvent","recordEvent(event = {}) {"
"SERVICES\learning_engine\LearningEngine.js","174","method_or_function","normalizeEvent","normalizeEvent(event = {}) {"
"SERVICES\learning_engine\LearningEngine.js","209","method_or_function","updateMetrics","updateMetrics(event) {"
"SERVICES\learning_engine\LearningEngine.js","210","method_or_function","if","if (event.eventType === 'WORKER_EXECUTION') {"
"SERVICES\learning_engine\LearningEngine.js","214","method_or_function","if","if (event.eventType === 'CONNECTOR_EXECUTION') {"
"SERVICES\learning_engine\LearningEngine.js","218","method_or_function","if","if (event.eventType === 'OPERATION_OUTCOME') {"
"SERVICES\learning_engine\LearningEngine.js","222","method_or_function","if","if (event.ok) {"
"SERVICES\learning_engine\LearningEngine.js","233","method_or_function","trackRepeatedFailure","trackRepeatedFailure(event) {"
"SERVICES\learning_engine\LearningEngine.js","234","method_or_function","if","if (!this.state.repeatedFailures[event.target]) {"
"SERVICES\learning_engine\LearningEngine.js","250","method_or_function","clearRepeatedFailure","clearRepeatedFailure(target) {"
"SERVICES\learning_engine\LearningEngine.js","251","method_or_function","if","if (this.state.repeatedFailures[target]) {"
"SERVICES\learning_engine\LearningEngine.js","256","method_or_function","updateSuccessRate","updateSuccessRate(event) {"
"SERVICES\learning_engine\LearningEngine.js","257","method_or_function","if","if (!this.state.successRates[event.target]) {"
"SERVICES\learning_engine\LearningEngine.js","271","method_or_function","if","if (event.ok) {"
"SERVICES\learning_engine\LearningEngine.js","283","method_or_function","generateRecommendations","generateRecommendations() {"
"SERVICES\learning_engine\LearningEngine.js","287","method_or_function","if","if (failure.count >= this.repeatedFailureThreshold) {"
"SERVICES\learning_engine\LearningEngine.js","304","method_or_function","if","if (rate.attempts >= 5 && rate.successRate < 0.5) {"
"SERVICES\learning_engine\LearningEngine.js","324","method_or_function","persistRecommendations","persistRecommendations(recommendations) {"
"SERVICES\learning_engine\LearningEngine.js","328","method_or_function","getRecommendations","getRecommendations() {"
"SERVICES\learning_engine\LearningEngine.js","358","method_or_function","getMetrics","getMetrics() {"
"SERVICES\learning_engine\LearningEngine.js","381","method_or_function","healthCheck","async healthCheck() {"
"SERVICES\learning_engine\LearningEngine.js","410","method_or_function","getState","getState() {"
"SERVICES\learning_engine\LearningEngineManager.js","5","class","LearningEngineManager","class LearningEngineManager {"
"SERVICES\learning_engine\LearningEngineManager.js","6","method_or_function","constructor","constructor(options = {}) {"
"SERVICES\learning_engine\LearningEngineManager.js","46","method_or_function","start","async start() {"
"SERVICES\learning_engine\LearningEngineManager.js","47","method_or_function","if","if (this.running) {"
"SERVICES\learning_engine\LearningEngineManager.js","77","method_or_function","stop","async stop() {"
"SERVICES\learning_engine\LearningEngineManager.js","78","method_or_function","if","if (this.loopHandle) {"
"SERVICES\learning_engine\LearningEngineManager.js","95","method_or_function","runCycle","async runCycle() {"
"SERVICES\learning_engine\LearningEngineManager.js","106","method_or_function","if","if (!health.ok) {"
"SERVICES\learning_engine\LearningEngineManager.js","155","method_or_function","recordWorkerExecution","recordWorkerExecution(event = {}) {"
"SERVICES\learning_engine\LearningEngineManager.js","169","method_or_function","if","if (result && result.ok) {"
"SERVICES\learning_engine\LearningEngineManager.js","185","method_or_function","recordConnectorExecution","recordConnectorExecution(event = {}) {"
"SERVICES\learning_engine\LearningEngineManager.js","199","method_or_function","if","if (result && result.ok) {"
"SERVICES\learning_engine\LearningEngineManager.js","215","method_or_function","recordOperationOutcome","recordOperationOutcome(event = {}) {"
"SERVICES\learning_engine\LearningEngineManager.js","229","method_or_function","if","if (result && result.ok) {"
"SERVICES\learning_engine\LearningEngineManager.js","245","method_or_function","recordEvent","recordEvent(event = {}) {"
"SERVICES\learning_engine\LearningEngineManager.js","246","method_or_function","if","if (!this.learningEngine || typeof this.learningEngine.recordEvent !== 'function') {"
"SERVICES\learning_engine\LearningEngineManager.js","256","method_or_function","if","if (result && result.ok) {"
"SERVICES\learning_engine\LearningEngineManager.js","272","method_or_function","safeGetMetrics","safeGetMetrics() {"
"SERVICES\learning_engine\LearningEngineManager.js","273","method_or_function","if","if (!this.learningEngine || typeof this.learningEngine.getMetrics !== 'function') {"
"SERVICES\learning_engine\LearningEngineManager.js","284","method_or_function","safeGetRecommendations","safeGetRecommendations() {"
"SERVICES\learning_engine\LearningEngineManager.js","300","method_or_function","safeHealthCheck","async safeHealthCheck() {"
"SERVICES\learning_engine\LearningEngineManager.js","301","method_or_function","if","if (!this.learningEngine || typeof this.learningEngine.healthCheck !== 'function') {"
"SERVICES\learning_engine\LearningEngineManager.js","312","method_or_function","recover","async recover() {"
"SERVICES\learning_engine\LearningEngineManager.js","334","method_or_function","if","if (recovered) {"
"SERVICES\learning_engine\LearningEngineManager.js","362","method_or_function","getExecutiveSummary","getExecutiveSummary() {"
"SERVICES\learning_engine\LearningEngineManager.js","385","method_or_function","getState","getState() {"
"SERVICES\Memory\OperationalMemoryService.js","10","class","OperationalMemoryService","class OperationalMemoryService {"
"SERVICES\Memory\OperationalMemoryService.js","12","method_or_function","constructor","constructor() {"
"SERVICES\Memory\OperationalMemoryService.js","26","method_or_function","load","load() {"
"SERVICES\Memory\OperationalMemoryService.js","30","method_or_function","save","save(memory) {"
"SERVICES\Memory\OperationalMemoryService.js","37","method_or_function","record","record(execution) {"
"SERVICES\Memory\OperationalMemoryService.js","56","method_or_function","if","if (memory.executions.length > 10000) {"
"SERVICES\Memory\OperationalMemoryService.js","68","method_or_function","recent","recent(limit = 20) {"
"SERVICES\Memory\OperationalMemoryService.js","75","method_or_function","statistics","statistics() {"
"SERVICES\operation_kernel\OperationExecutionKernel.js","17","function","now","function now() {"
"SERVICES\operation_kernel\OperationExecutionKernel.js","21","function","ensureDir","function ensureDir(dir) {"
"SERVICES\operation_kernel\OperationExecutionKernel.js","25","function","readJson","function readJson(file, fallback = {}) {"
"SERVICES\operation_kernel\OperationExecutionKernel.js","42","function","writeJson","function writeJson(file, data) {"
"SERVICES\operation_kernel\OperationExecutionKernel.js","47","function","appendJsonl","function appendJsonl(file, data) {"
"SERVICES\operation_kernel\OperationExecutionKernel.js","52","class","OperationExecutionKernel","class OperationExecutionKernel {"
"SERVICES\operation_kernel\OperationExecutionKernel.js","54","method_or_function","constructor","constructor() {"
"SERVICES\operation_kernel\OperationExecutionKernel.js","67","method_or_function","run","run() {"
"SERVICES\operation_kernel\OperationExecutionKernel.js","147","method_or_function","loadInputs","loadInputs() {"
"SERVICES\operation_kernel\OperationExecutionKernel.js","235","method_or_function","buildDecisionQueue","buildDecisionQueue(inputs) {"
"SERVICES\operation_kernel\OperationExecutionKernel.js","299","method_or_function","buildExecutionPlan","buildExecutionPlan(queue) {"
"SERVICES\Planning\BasePlanner.js","1","class","BasePlanner","class BasePlanner {"
"SERVICES\Planning\BasePlanner.js","2","method_or_function","constructor","constructor(config = {}) {"
"SERVICES\Planning\BasePlanner.js","8","method_or_function","matches","matches() {"
"SERVICES\Planning\BasePlanner.js","12","method_or_function","createStep","createStep(index, capability, options = {}) {"
"SERVICES\Planning\BasePlanner.js","28","method_or_function","createPlan","createPlan(objective, context = {}) {"
"SERVICES\Planning\ExecutivePlanner.js","3","class","ExecutivePlanner","class ExecutivePlanner extends BasePlanner {"
"SERVICES\Planning\ExecutivePlanner.js","4","method_or_function","constructor","constructor() {"
"SERVICES\Planning\ExecutivePlanner.js","12","method_or_function","matches","matches() {"
"SERVICES\Planning\ExecutivePlanner.js","16","method_or_function","createPlan","createPlan(objective, context = {}) {"
"SERVICES\Planning\ExecutivePlanner.js","67","method_or_function","requiresApproval","requiresApproval(objective = """") {"
"SERVICES\Planning\MarketingPlanner.js","3","class","MarketingPlanner","class MarketingPlanner extends BasePlanner {"
"SERVICES\Planning\MarketingPlanner.js","4","method_or_function","constructor","constructor() {"
"SERVICES\Planning\MarketingPlanner.js","12","method_or_function","matches","matches(objective = """") {"
"SERVICES\Planning\MarketingPlanner.js","17","method_or_function","createPlan","createPlan(objective, context = {}) {"
"SERVICES\Planning\OrionPlanner.js","5","class","OrionPlanner","class OrionPlanner extends BasePlanner {"
"SERVICES\Planning\OrionPlanner.js","6","method_or_function","constructor","constructor() {"
"SERVICES\Planning\OrionPlanner.js","14","method_or_function","matches","matches(objective = """", context = {}) {"
"SERVICES\Planning\OrionPlanner.js","29","method_or_function","createPlan","createPlan(objective, context = {}) {"
"SERVICES\Planning\PlannerRegistry.js","5","class","PlannerRegistry","class PlannerRegistry {"
"SERVICES\Planning\PlannerRegistry.js","6","method_or_function","constructor","constructor() {"
"SERVICES\Planning\PlannerRegistry.js","14","method_or_function","list","list() {"
"SERVICES\Planning\PlannerRegistry.js","21","method_or_function","findPlanner","findPlanner(objective = """", context = {}) {"
"SERVICES\Planning\PlannerRegistry.js","31","method_or_function","createOperationalPlan","createOperationalPlan(objective = """", context = {}) {"
"SERVICES\runtime\digital_coo_autonomy_supervisor.ps1","46","method_or_function","foreach","foreach ($dir in $RequiredDirectories) {"
"SERVICES\runtime\digital_coo_autonomy_supervisor.ps1","52","function","Write","function Write-MilesLog {"
"SERVICES\runtime\digital_coo_autonomy_supervisor.ps1","67","function","Save","function Save-Json {"
"SERVICES\runtime\digital_coo_autonomy_supervisor.ps1","76","function","Read","function Read-JsonSafe {"
"SERVICES\runtime\digital_coo_autonomy_supervisor.ps1","95","function","Find","function Find-MilesFile {"
"SERVICES\runtime\digital_coo_autonomy_supervisor.ps1","100","method_or_function","foreach","foreach ($name in $Names) {"
"SERVICES\runtime\digital_coo_autonomy_supervisor.ps1","102","method_or_function","if","if (Test-Path $direct) {"
"SERVICES\runtime\digital_coo_autonomy_supervisor.ps1","110","method_or_function","if","if ($found) {"
"SERVICES\runtime\digital_coo_autonomy_supervisor.ps1","118","function","Test","function Test-ComponentPresence {"
"SERVICES\runtime\digital_coo_autonomy_supervisor.ps1","137","method_or_function","if","if (-not $file) {"
"SERVICES\runtime\digital_coo_autonomy_supervisor.ps1","154","method_or_function","foreach","foreach ($marker in $ExpectedMarkers) {"
"SERVICES\runtime\digital_coo_autonomy_supervisor.ps1","164","method_or_function","if","if ($ExpectedMarkers.Count -eq 0 -or $foundMarkers.Count -gt 0) {"
"SERVICES\runtime\digital_coo_autonomy_supervisor.ps1","176","function","Get","function Get-RuntimeAudit {"
"SERVICES\runtime\digital_coo_autonomy_supervisor.ps1","237","method_or_function","foreach","foreach ($component in $components) {"
"SERVICES\runtime\digital_coo_autonomy_supervisor.ps1","247","function","Get","function Get-HealthSummary {"
"SERVICES\runtime\digital_coo_autonomy_supervisor.ps1","259","method_or_function","if","if ($highRisk.Count -gt 0) {"
"SERVICES\runtime\digital_coo_autonomy_supervisor.ps1","263","method_or_function","if","if ($missing.Count -ge 3 -or $unreadable.Count -gt 0) {"
"SERVICES\runtime\digital_coo_autonomy_supervisor.ps1","277","function","Build","function Build-RecoveryPlan {"
"SERVICES\runtime\digital_coo_autonomy_supervisor.ps1","285","method_or_function","foreach","foreach ($item in $Audit) {"
"SERVICES\runtime\digital_coo_autonomy_supervisor.ps1","286","method_or_function","if","if ($item.status -eq ""missing"") {"
"SERVICES\runtime\digital_coo_autonomy_supervisor.ps1","294","method_or_function","elseif","elseif ($item.status -eq ""unreadable"") {"
"SERVICES\runtime\digital_coo_autonomy_supervisor.ps1","302","method_or_function","elseif","elseif ($item.status -eq ""present_marker_unverified"") {"
"SERVICES\runtime\digital_coo_autonomy_supervisor.ps1","312","method_or_function","if","if ($actions.Count -eq 0) {"
"SERVICES\runtime\digital_coo_autonomy_supervisor.ps1","328","function","Build","function Build-ExecutiveFeed {"
"SERVICES\runtime\digital_coo_autonomy_supervisor.ps1","347","method_or_function","elseif","elseif ($HealthSummary.status -eq ""degraded"") {"
"SERVICES\runtime\digital_coo_autonomy_supervisor.ps1","357","function","Build","function Build-LearningFeed {"
"SERVICES\runtime\digital_coo_autonomy_supervisor.ps1","365","method_or_function","foreach","foreach ($item in $Audit) {"
"SERVICES\runtime\digital_coo_autonomy_supervisor.ps1","383","function","Invoke","function Invoke-DigitalCOOAutonomySupervisor {"
"SERVICES\runtime\digital_coo_autonomy_supervisor.ps1","392","method_or_function","if","if ($previousState.cycle_count -ne $null) {"
"SERVICES\runtime\digital_coo_autonomy_supervisor.ps1","438","method_or_function","if","if ($Once) {"
"SERVICES\Supervisor\ExecutiveSupervisor.js","5","class","ExecutiveSupervisor","class ExecutiveSupervisor {"
"SERVICES\Supervisor\ExecutiveSupervisor.js","7","method_or_function","collectWork","async collectWork() {"
"SERVICES\Supervisor\ExecutiveSupervisor.js","23","method_or_function","nextWorkItem","async nextWorkItem(){"
"SERVICES\Supervisor\ExecutiveSupervisor.js","27","method_or_function","if","if(result.work.length===0){"
"SERVICES\workers\BaseCOOWorker.js","8","class","BaseCOOWorker","class BaseCOOWorker extends TaskExecutionWorker {"
"SERVICES\workers\BaseCOOWorker.js","9","method_or_function","constructor","constructor(options = {}) {"
"SERVICES\workers\BaseCOOWorker.js","74","method_or_function","ensureCOOStorage","ensureCOOStorage() {"
"SERVICES\workers\BaseCOOWorker.js","96","method_or_function","readWorkQueue","readWorkQueue() {"
"SERVICES\workers\BaseCOOWorker.js","121","method_or_function","writeWorkQueue","writeWorkQueue(queue) {"
"SERVICES\workers\BaseCOOWorker.js","125","method_or_function","queueWork","queueWork(work = {}) {"
"SERVICES\workers\BaseCOOWorker.js","168","method_or_function","actionRequiresApproval","actionRequiresApproval(action) {"
"SERVICES\workers\BaseCOOWorker.js","174","method_or_function","run","async run(input = {}, context = {}) {"
"SERVICES\workers\BaseCOOWorker.js","177","method_or_function","if","if (task.action === 'QUEUE_WORK') {"
"SERVICES\workers\BaseCOOWorker.js","181","method_or_function","if","if (task.action === 'PROCESS_WORK_QUEUE') {"
"SERVICES\workers\BaseCOOWorker.js","185","method_or_function","if","if (task.action === 'GENERATE_REPORT') {"
"SERVICES\workers\BaseCOOWorker.js","189","method_or_function","if","if (task.action === 'DOMAIN_TASK') {"
"SERVICES\workers\BaseCOOWorker.js","196","method_or_function","processWorkQueue","async processWorkQueue(options = {}, context = {}) {"
"SERVICES\workers\BaseCOOWorker.js","207","method_or_function","for","for (const work of selected) {"
"SERVICES\workers\BaseCOOWorker.js","223","method_or_function","processWorkItem","async processWorkItem(work = {}, context = {}) {"
"SERVICES\workers\BaseCOOWorker.js","227","method_or_function","if","if (work.requiresApproval) {"
"SERVICES\workers\BaseCOOWorker.js","237","method_or_function","if","if (!decision || !decision.ok) {"
"SERVICES\workers\BaseCOOWorker.js","259","method_or_function","if","if (result && result.ok) {"
"SERVICES\workers\BaseCOOWorker.js","344","method_or_function","executeDomainTask","async executeDomainTask(task = {}, context = {}) {"
"SERVICES\workers\BaseCOOWorker.js","360","method_or_function","executeDomainWork","async executeDomainWork(work = {}) {"
"SERVICES\workers\BaseCOOWorker.js","371","method_or_function","generateCOOReport","async generateCOOReport() {"
"SERVICES\workers\BaseCOOWorker.js","399","method_or_function","healthCheck","async healthCheck() {"
"SERVICES\workers\BaseCOOWorker.js","444","method_or_function","getMetadata","getMetadata() {"
"SERVICES\workers\GoogleWorkspaceCOOWorker.js","8","class","GoogleWorkspaceCOOWorker","class GoogleWorkspaceCOOWorker extends BaseCOOWorker {"
"SERVICES\workers\GoogleWorkspaceCOOWorker.js","9","method_or_function","constructor","constructor(options = {}) {"
"SERVICES\workers\GoogleWorkspaceCOOWorker.js","128","method_or_function","ensureGoogleStorage","ensureGoogleStorage() {"
"SERVICES\workers\GoogleWorkspaceCOOWorker.js","166","method_or_function","loadGoogleState","loadGoogleState() {"
"SERVICES\workers\GoogleWorkspaceCOOWorker.js","194","method_or_function","persistGoogleState","persistGoogleState() {"
"SERVICES\workers\GoogleWorkspaceCOOWorker.js","199","method_or_function","readJsonArray","readJsonArray(filePath) {"
"SERVICES\workers\GoogleWorkspaceCOOWorker.js","224","method_or_function","writeJsonArray","writeJsonArray(filePath, value) {"
"SERVICES\workers\GoogleWorkspaceCOOWorker.js","228","method_or_function","appendGoogleLog","appendGoogleLog(payload) {"
"SERVICES\workers\GoogleWorkspaceCOOWorker.js","236","method_or_function","run","async run(input = {}, context = {}) {"
"SERVICES\workers\GoogleWorkspaceCOOWorker.js","239","method_or_function","switch","switch (task.action) {"
"SERVICES\workers\GoogleWorkspaceCOOWorker.js","280","method_or_function","executeDomainWork","async executeDomainWork(work = {}, context = {}) {"
"SERVICES\workers\GoogleWorkspaceCOOWorker.js","283","method_or_function","switch","switch (action) {"
"SERVICES\workers\GoogleWorkspaceCOOWorker.js","331","method_or_function","syncUsers","async syncUsers(payload = {}) {"
"SERVICES\workers\GoogleWorkspaceCOOWorker.js","344","method_or_function","syncAliases","async syncAliases(payload = {}) {"
"SERVICES\workers\GoogleWorkspaceCOOWorker.js","357","method_or_function","syncGroups","async syncGroups(payload = {}) {"
"SERVICES\workers\GoogleWorkspaceCOOWorker.js","370","method_or_function","syncDomains","async syncDomains(payload = {}) {"
"SERVICES\workers\GoogleWorkspaceCOOWorker.js","383","method_or_function","syncRegistry","async syncRegistry(config = {}) {"
"SERVICES\workers\GoogleWorkspaceCOOWorker.js","460","method_or_function","normalizeUser","normalizeUser(user = {}, index = 0) {"
"SERVICES\workers\GoogleWorkspaceCOOWorker.js","475","method_or_function","normalizeAlias","normalizeAlias(alias = {}, index = 0) {"
"SERVICES\workers\GoogleWorkspaceCOOWorker.js","485","method_or_function","normalizeGroup","normalizeGroup(group = {}, index = 0) {"
"SERVICES\workers\GoogleWorkspaceCOOWorker.js","497","method_or_function","normalizeDomain","normalizeDomain(domain = {}, index = 0) {"
"SERVICES\workers\GoogleWorkspaceCOOWorker.js","508","method_or_function","queueProvisioning","queueProvisioning(item = {}) {"
"SERVICES\workers\GoogleWorkspaceCOOWorker.js","555","method_or_function","processProvisioningQueue","async processProvisioningQueue(payload = {}, context = {}) {"
"SERVICES\workers\GoogleWorkspaceCOOWorker.js","566","method_or_function","for","for (const item of selected) {"
"SERVICES\workers\GoogleWorkspaceCOOWorker.js","585","method_or_function","workspaceAction","async workspaceAction(action, payload = {}, context = {}) {"
"SERVICES\workers\GoogleWorkspaceCOOWorker.js","595","method_or_function","if","if (requiresApproval) {"
"SERVICES\workers\GoogleWorkspaceCOOWorker.js","611","method_or_function","if","if (!decision || !decision.ok) {"
"SERVICES\workers\GoogleWorkspaceCOOWorker.js","636","method_or_function","if","if (ok) {"
"SERVICES\workers\GoogleWorkspaceCOOWorker.js","641","method_or_function","if","if (payload.provisioningId) {"
"SERVICES\workers\GoogleWorkspaceCOOWorker.js","652","method_or_function","if","if (payload.provisioningId) {"
"SERVICES\workers\GoogleWorkspaceCOOWorker.js","712","method_or_function","resolveWorkspaceConnectorAction","resolveWorkspaceConnectorAction(action) {"
"SERVICES\workers\GoogleWorkspaceCOOWorker.js","730","method_or_function","googleWorkspaceHealthCheck","async googleWorkspaceHealthCheck() {"
"SERVICES\workers\GoogleWorkspaceCOOWorker.js","736","method_or_function","if","if (this.connectorRuntimeManager && typeof this.connectorRuntimeManager.execute === 'function') {"
"SERVICES\workers\GoogleWorkspaceCOOWorker.js","782","method_or_function","generateGoogleWorkspaceReport","async generateGoogleWorkspaceReport() {"
"SERVICES\workers\GoogleWorkspaceCOOWorker.js","830","method_or_function","healthCheck","async healthCheck() {"
"SERVICES\workers\GoogleWorkspaceCOOWorker.js","857","method_or_function","getMetadata","getMetadata() {"
"SERVICES\workers\InstantlyCOOWorker.js","8","class","InstantlyCOOWorker","class InstantlyCOOWorker extends BaseCOOWorker {"
"SERVICES\workers\InstantlyCOOWorker.js","9","method_or_function","constructor","constructor(options = {}) {"
"SERVICES\workers\InstantlyCOOWorker.js","118","method_or_function","ensureInstantlyStorage","ensureInstantlyStorage() {"
"SERVICES\workers\InstantlyCOOWorker.js","152","method_or_function","loadInstantlyState","loadInstantlyState() {"
"SERVICES\workers\InstantlyCOOWorker.js","180","method_or_function","persistInstantlyState","persistInstantlyState() {"
"SERVICES\workers\InstantlyCOOWorker.js","185","method_or_function","readJsonArray","readJsonArray(filePath) {"
"SERVICES\workers\InstantlyCOOWorker.js","210","method_or_function","writeJsonArray","writeJsonArray(filePath, value) {"
"SERVICES\workers\InstantlyCOOWorker.js","214","method_or_function","appendInstantlyLog","appendInstantlyLog(payload) {"
"SERVICES\workers\InstantlyCOOWorker.js","222","method_or_function","run","async run(input = {}, context = {}) {"
"SERVICES\workers\InstantlyCOOWorker.js","225","method_or_function","switch","switch (task.action) {"
"SERVICES\workers\InstantlyCOOWorker.js","267","method_or_function","executeDomainWork","async executeDomainWork(work = {}, context = {}) {"
"SERVICES\workers\InstantlyCOOWorker.js","270","method_or_function","switch","switch (action) {"
"SERVICES\workers\InstantlyCOOWorker.js","313","method_or_function","syncCampaigns","async syncCampaigns(payload = {}) {"
"SERVICES\workers\InstantlyCOOWorker.js","381","method_or_function","normalizeCampaign","normalizeCampaign(campaign = {}, index = 0) {"
"SERVICES\workers\InstantlyCOOWorker.js","408","method_or_function","syncSegments","async syncSegments(payload = {}) {"
"SERVICES\workers\InstantlyCOOWorker.js","477","method_or_function","normalizeSegment","normalizeSegment(segment = {}, index = 0) {"
"SERVICES\workers\InstantlyCOOWorker.js","499","method_or_function","queueLeadUpload","queueLeadUpload(upload = {}) {"
"SERVICES\workers\InstantlyCOOWorker.js","541","method_or_function","processLeadUploads","async processLeadUploads(payload = {}, context = {}) {"
"SERVICES\workers\InstantlyCOOWorker.js","552","method_or_function","for","for (const upload of selected) {"
"SERVICES\workers\InstantlyCOOWorker.js","571","method_or_function","uploadLeads","async uploadLeads(upload = {}, context = {}) {"
"SERVICES\workers\InstantlyCOOWorker.js","575","method_or_function","if","if (upload.requiresApproval) {"
"SERVICES\workers\InstantlyCOOWorker.js","585","method_or_function","if","if (!decision || !decision.ok) {"
"SERVICES\workers\InstantlyCOOWorker.js","609","method_or_function","if","if (ok) {"
"SERVICES\workers\InstantlyCOOWorker.js","658","method_or_function","checkDeliverability","async checkDeliverability(payload = {}) {"
"SERVICES\workers\InstantlyCOOWorker.js","722","method_or_function","campaignAction","async campaignAction(action, payload = {}, context = {}) {"
"SERVICES\workers\InstantlyCOOWorker.js","731","method_or_function","if","if (requiresApproval) {"
"SERVICES\workers\InstantlyCOOWorker.js","746","method_or_function","if","if (!decision || !decision.ok) {"
"SERVICES\workers\InstantlyCOOWorker.js","806","method_or_function","resolveCampaignConnectorAction","resolveCampaignConnectorAction(action) {"
"SERVICES\workers\InstantlyCOOWorker.js","817","method_or_function","updateCampaignActionState","updateCampaignActionState(action, ok, connectorResult) {"
"SERVICES\workers\InstantlyCOOWorker.js","818","method_or_function","if","if (action === 'PAUSE_CAMPAIGN' && ok) {"
"SERVICES\workers\InstantlyCOOWorker.js","822","method_or_function","if","if (action === 'RESUME_CAMPAIGN' && ok) {"
"SERVICES\workers\InstantlyCOOWorker.js","826","method_or_function","if","if (action === 'START_CAMPAIGN' && ok) {"
"SERVICES\workers\InstantlyCOOWorker.js","830","method_or_function","if","if (action === 'STOP_CAMPAIGN' && ok) {"
"SERVICES\workers\InstantlyCOOWorker.js","846","method_or_function","instantlyHealthCheck","async instantlyHealthCheck() {"
"SERVICES\workers\InstantlyCOOWorker.js","852","method_or_function","if","if (this.connectorRuntimeManager && typeof this.connectorRuntimeManager.execute === 'function') {"
"SERVICES\workers\InstantlyCOOWorker.js","889","method_or_function","generateInstantlyReport","async generateInstantlyReport() {"
"SERVICES\workers\InstantlyCOOWorker.js","932","method_or_function","healthCheck","async healthCheck() {"
"SERVICES\workers\InstantlyCOOWorker.js","959","method_or_function","getMetadata","getMetadata() {"
"SERVICES\workers\NamecheapCOOWorker.js","8","class","NamecheapCOOWorker","class NamecheapCOOWorker extends BaseCOOWorker {"
"SERVICES\workers\NamecheapCOOWorker.js","9","method_or_function","constructor","constructor(options = {}) {"
"SERVICES\workers\NamecheapCOOWorker.js","110","method_or_function","ensureNamecheapStorage","ensureNamecheapStorage() {"
"SERVICES\workers\NamecheapCOOWorker.js","140","method_or_function","loadNamecheapState","loadNamecheapState() {"
"SERVICES\workers\NamecheapCOOWorker.js","168","method_or_function","persistNamecheapState","persistNamecheapState() {"
"SERVICES\workers\NamecheapCOOWorker.js","173","method_or_function","readJsonArray","readJsonArray(filePath) {"
"SERVICES\workers\NamecheapCOOWorker.js","198","method_or_function","writeJsonArray","writeJsonArray(filePath, value) {"
"SERVICES\workers\NamecheapCOOWorker.js","202","method_or_function","appendNamecheapLog","appendNamecheapLog(payload) {"
"SERVICES\workers\NamecheapCOOWorker.js","210","method_or_function","run","async run(input = {}, context = {}) {"
"SERVICES\workers\NamecheapCOOWorker.js","213","method_or_function","switch","switch (task.action) {"
"SERVICES\workers\NamecheapCOOWorker.js","246","method_or_function","executeDomainWork","async executeDomainWork(work = {}, context = {}) {"
"SERVICES\workers\NamecheapCOOWorker.js","249","method_or_function","switch","switch (action) {"
"SERVICES\workers\NamecheapCOOWorker.js","289","method_or_function","syncDomains","async syncDomains(payload = {}) {"
"SERVICES\workers\NamecheapCOOWorker.js","358","method_or_function","normalizeDomain","normalizeDomain(domain = {}, index = 0) {"
"SERVICES\workers\NamecheapCOOWorker.js","372","method_or_function","syncDnsRecords","async syncDnsRecords(payload = {}) {"
"SERVICES\workers\NamecheapCOOWorker.js","441","method_or_function","normalizeDnsRecord","normalizeDnsRecord(record = {}, index = 0) {"
"SERVICES\workers\NamecheapCOOWorker.js","455","method_or_function","queueDomainAction","queueDomainAction(item = {}) {"
"SERVICES\workers\NamecheapCOOWorker.js","502","method_or_function","processDomainActionQueue","async processDomainActionQueue(payload = {}, context = {}) {"
"SERVICES\workers\NamecheapCOOWorker.js","513","method_or_function","for","for (const item of selected) {"
"SERVICES\workers\NamecheapCOOWorker.js","532","method_or_function","domainAction","async domainAction(action, payload = {}, context = {}) {"
"SERVICES\workers\NamecheapCOOWorker.js","542","method_or_function","if","if (requiresApproval) {"
"SERVICES\workers\NamecheapCOOWorker.js","558","method_or_function","if","if (!decision || !decision.ok) {"
"SERVICES\workers\NamecheapCOOWorker.js","583","method_or_function","if","if (ok) {"
"SERVICES\workers\NamecheapCOOWorker.js","648","method_or_function","resolveNamecheapConnectorAction","resolveNamecheapConnectorAction(action) {"
"SERVICES\workers\NamecheapCOOWorker.js","662","method_or_function","checkDomainHealth","async checkDomainHealth(payload = {}, context = {}) {"
"SERVICES\workers\NamecheapCOOWorker.js","725","method_or_function","namecheapHealthCheck","async namecheapHealthCheck() {"
"SERVICES\workers\NamecheapCOOWorker.js","731","method_or_function","if","if (this.connectorRuntimeManager && typeof this.connectorRuntimeManager.execute === 'function') {"
"SERVICES\workers\NamecheapCOOWorker.js","771","method_or_function","generateNamecheapReport","async generateNamecheapReport() {"
"SERVICES\workers\NamecheapCOOWorker.js","813","method_or_function","healthCheck","async healthCheck() {"
"SERVICES\workers\NamecheapCOOWorker.js","840","method_or_function","getMetadata","getMetadata() {"
"SERVICES\workers\WebsiteCOOWorker.js","8","class","WebsiteCOOWorker","class WebsiteCOOWorker extends BaseCOOWorker {"
"SERVICES\workers\WebsiteCOOWorker.js","9","method_or_function","constructor","constructor(options = {}) {"
"SERVICES\workers\WebsiteCOOWorker.js","98","method_or_function","ensureWebsiteStorage","ensureWebsiteStorage() {"
"SERVICES\workers\WebsiteCOOWorker.js","124","method_or_function","loadWebsiteState","loadWebsiteState() {"
"SERVICES\workers\WebsiteCOOWorker.js","152","method_or_function","persistWebsiteState","persistWebsiteState() {"
"SERVICES\workers\WebsiteCOOWorker.js","157","method_or_function","readJsonArray","readJsonArray(filePath) {"
"SERVICES\workers\WebsiteCOOWorker.js","182","method_or_function","writeJsonArray","writeJsonArray(filePath, value) {"
"SERVICES\workers\WebsiteCOOWorker.js","186","method_or_function","appendWebsiteLog","appendWebsiteLog(payload) {"
"SERVICES\workers\WebsiteCOOWorker.js","194","method_or_function","run","async run(input = {}, context = {}) {"
"SERVICES\workers\WebsiteCOOWorker.js","197","method_or_function","switch","switch (task.action) {"
"SERVICES\workers\WebsiteCOOWorker.js","224","method_or_function","executeDomainWork","async executeDomainWork(work = {}, context = {}) {"
"SERVICES\workers\WebsiteCOOWorker.js","227","method_or_function","switch","switch (action) {"
"SERVICES\workers\WebsiteCOOWorker.js","261","method_or_function","discoverPages","async discoverPages(payload = {}) {"
"SERVICES\workers\WebsiteCOOWorker.js","267","method_or_function","if","if (payload.useConnector !== false) {"
"SERVICES\workers\WebsiteCOOWorker.js","358","method_or_function","normalizePage","normalizePage(page = {}, index = 0) {"
"SERVICES\workers\WebsiteCOOWorker.js","386","method_or_function","queueWebsiteChange","queueWebsiteChange(change = {}) {"
"SERVICES\workers\WebsiteCOOWorker.js","441","method_or_function","processWebsiteChanges","async processWebsiteChanges(payload = {}, context = {}) {"
"SERVICES\workers\WebsiteCOOWorker.js","452","method_or_function","for","for (const change of selected) {"
"SERVICES\workers\WebsiteCOOWorker.js","479","method_or_function","applyWebsiteChange","async applyWebsiteChange(change = {}, context = {}) {"
"SERVICES\workers\WebsiteCOOWorker.js","498","method_or_function","if","if (!decision || !decision.ok) {"
"SERVICES\workers\WebsiteCOOWorker.js","537","method_or_function","if","if (ok) {"
"SERVICES\workers\WebsiteCOOWorker.js","618","method_or_function","resolveConnectorAction","resolveConnectorAction(action) {"
"SERVICES\workers\WebsiteCOOWorker.js","637","method_or_function","publishSite","async publishSite(payload = {}, context = {}) {"
"SERVICES\workers\WebsiteCOOWorker.js","649","method_or_function","if","if (requiresApproval) {"
"SERVICES\workers\WebsiteCOOWorker.js","664","method_or_function","if","if (!decision || !decision.ok) {"
"SERVICES\workers\WebsiteCOOWorker.js","692","method_or_function","if","if (ok) {"
"SERVICES\workers\WebsiteCOOWorker.js","762","method_or_function","websiteHealthCheck","async websiteHealthCheck() {"
"SERVICES\workers\WebsiteCOOWorker.js","768","method_or_function","if","if (this.connectorRuntimeManager && typeof this.connectorRuntimeManager.execute === 'function') {"
"SERVICES\workers\WebsiteCOOWorker.js","802","method_or_function","generateWebsiteReport","async generateWebsiteReport() {"
"SERVICES\workers\WebsiteCOOWorker.js","841","method_or_function","healthCheck","async healthCheck() {"
"SERVICES\workers\WebsiteCOOWorker.js","868","method_or_function","getMetadata","getMetadata() {"
"SERVICES\worker_runtime\AutonomousWorkerScheduler.js","6","class","AutonomousWorkerScheduler","class AutonomousWorkerScheduler {"
"SERVICES\worker_runtime\AutonomousWorkerScheduler.js","7","method_or_function","constructor","constructor(options = {}) {"
"SERVICES\worker_runtime\AutonomousWorkerScheduler.js","75","method_or_function","ensureStorage","ensureStorage() {"
"SERVICES\worker_runtime\AutonomousWorkerScheduler.js","97","method_or_function","loadState","loadState() {"
"SERVICES\worker_runtime\AutonomousWorkerScheduler.js","125","method_or_function","persistState","persistState() {"
"SERVICES\worker_runtime\AutonomousWorkerScheduler.js","130","method_or_function","appendJsonLine","appendJsonLine(filePath, payload) {"
"SERVICES\worker_runtime\AutonomousWorkerScheduler.js","141","method_or_function","readRegistry","readRegistry() {"
"SERVICES\worker_runtime\AutonomousWorkerScheduler.js","165","method_or_function","writeRegistry","writeRegistry(registry) {"
"SERVICES\worker_runtime\AutonomousWorkerScheduler.js","171","method_or_function","registerSchedule","registerSchedule(schedule = {}) {"
"SERVICES\worker_runtime\AutonomousWorkerScheduler.js","180","method_or_function","if","if (!workerId) {"
"SERVICES\worker_runtime\AutonomousWorkerScheduler.js","242","method_or_function","removeSchedule","removeSchedule(scheduleId) {"
"SERVICES\worker_runtime\AutonomousWorkerScheduler.js","258","method_or_function","if","if (schedule.nextRunAt) {"
"SERVICES\worker_runtime\AutonomousWorkerScheduler.js","262","method_or_function","if","if (schedule.intervalMs) {"
"SERVICES\worker_runtime\AutonomousWorkerScheduler.js","266","method_or_function","if","if (schedule.cron) {"
"SERVICES\worker_runtime\AutonomousWorkerScheduler.js","276","method_or_function","if","if (parts.length !== 5) {"
"SERVICES\worker_runtime\AutonomousWorkerScheduler.js","285","method_or_function","if","if (minute !== '*') {"
"SERVICES\worker_runtime\AutonomousWorkerScheduler.js","291","method_or_function","if","if (hour !== '*') {"
"SERVICES\worker_runtime\AutonomousWorkerScheduler.js","295","method_or_function","if","if (next <= fromDate) {"
"SERVICES\worker_runtime\AutonomousWorkerScheduler.js","302","method_or_function","getDueSchedules","getDueSchedules() {"
"SERVICES\worker_runtime\AutonomousWorkerScheduler.js","307","method_or_function","if","if (!schedule.enabled) {"
"SERVICES\worker_runtime\AutonomousWorkerScheduler.js","311","method_or_function","if","if (!schedule.nextRunAt) {"
"SERVICES\worker_runtime\AutonomousWorkerScheduler.js","319","method_or_function","updateSchedule","updateSchedule(scheduleId, updates = {}) {"
"SERVICES\worker_runtime\AutonomousWorkerScheduler.js","323","method_or_function","if","if (schedule.scheduleId !== scheduleId) {"
"SERVICES\worker_runtime\AutonomousWorkerScheduler.js","345","method_or_function","start","async start() {"
"SERVICES\worker_runtime\AutonomousWorkerScheduler.js","346","method_or_function","if","if (this.running) {"
"SERVICES\worker_runtime\AutonomousWorkerScheduler.js","378","method_or_function","stop","async stop() {"
"SERVICES\worker_runtime\AutonomousWorkerScheduler.js","379","method_or_function","if","if (this.loopHandle) {"
"SERVICES\worker_runtime\AutonomousWorkerScheduler.js","397","method_or_function","runCycle","async runCycle() {"
"SERVICES\worker_runtime\AutonomousWorkerScheduler.js","408","method_or_function","for","for (const schedule of dueSchedules) {"
"SERVICES\worker_runtime\AutonomousWorkerScheduler.js","409","method_or_function","if","if (results.length >= this.maxConcurrentSchedules) {"
"SERVICES\worker_runtime\AutonomousWorkerScheduler.js","458","method_or_function","executeSchedule","async executeSchedule(schedule = {}) {"
"SERVICES\worker_runtime\AutonomousWorkerScheduler.js","528","method_or_function","if","if (ok) {"
"SERVICES\worker_runtime\AutonomousWorkerScheduler.js","633","method_or_function","emitLearningEvent","async emitLearningEvent(event = {}) {"
"SERVICES\worker_runtime\AutonomousWorkerScheduler.js","634","method_or_function","if","if (!this.learningEngineManager) {"
"SERVICES\worker_runtime\AutonomousWorkerScheduler.js","644","method_or_function","if","if (typeof this.learningEngineManager.recordEvent === 'function') {"
"SERVICES\worker_runtime\AutonomousWorkerScheduler.js","656","method_or_function","if","if (result && result.ok) {"
"SERVICES\worker_runtime\AutonomousWorkerScheduler.js","664","method_or_function","listSchedules","listSchedules() {"
"SERVICES\worker_runtime\AutonomousWorkerScheduler.js","673","method_or_function","healthCheck","async healthCheck() {"
"SERVICES\worker_runtime\AutonomousWorkerScheduler.js","713","method_or_function","getState","getState() {"
"SERVICES\worker_runtime\AutonomousWorkOrchestrator.js","6","class","AutonomousWorkOrchestrator","class AutonomousWorkOrchestrator {"
"SERVICES\worker_runtime\AutonomousWorkOrchestrator.js","7","method_or_function","constructor","constructor(options = {}) {"
"SERVICES\worker_runtime\AutonomousWorkOrchestrator.js","105","method_or_function","ensureStorage","ensureStorage() {"
"SERVICES\worker_runtime\AutonomousWorkOrchestrator.js","139","method_or_function","loadState","loadState() {"
"SERVICES\worker_runtime\AutonomousWorkOrchestrator.js","167","method_or_function","persistState","persistState() {"
"SERVICES\worker_runtime\AutonomousWorkOrchestrator.js","172","method_or_function","appendJsonLine","appendJsonLine(filePath, payload) {"
"SERVICES\worker_runtime\AutonomousWorkOrchestrator.js","183","method_or_function","readJsonArray","readJsonArray(filePath) {"
"SERVICES\worker_runtime\AutonomousWorkOrchestrator.js","208","method_or_function","writeJsonArray","writeJsonArray(filePath, value) {"
"SERVICES\worker_runtime\AutonomousWorkOrchestrator.js","212","method_or_function","loadActiveOperations","loadActiveOperations() {"
"SERVICES\worker_runtime\AutonomousWorkOrchestrator.js","217","method_or_function","for","for (const operation of active) {"
"SERVICES\worker_runtime\AutonomousWorkOrchestrator.js","218","method_or_function","if","if (operation && operation.operationId) {"
"SERVICES\worker_runtime\AutonomousWorkOrchestrator.js","224","method_or_function","persistActiveOperations","persistActiveOperations() {"
"SERVICES\worker_runtime\AutonomousWorkOrchestrator.js","231","method_or_function","normalizeOperation","normalizeOperation(operation = {}) {"
"SERVICES\worker_runtime\AutonomousWorkOrchestrator.js","289","method_or_function","enqueueOperation","enqueueOperation(operation = {}) {"
"SERVICES\worker_runtime\AutonomousWorkOrchestrator.js","297","method_or_function","if","if (exists) {"
"SERVICES\worker_runtime\AutonomousWorkOrchestrator.js","327","method_or_function","dequeueOperations","dequeueOperations(limit = this.maxOperationsPerCycle) {"
"SERVICES\worker_runtime\AutonomousWorkOrchestrator.js","340","method_or_function","pullOperationsFromKernel","async pullOperationsFromKernel() {"
"SERVICES\worker_runtime\AutonomousWorkOrchestrator.js","341","method_or_function","if","if (!this.operationExecutionKernel) {"
"SERVICES\worker_runtime\AutonomousWorkOrchestrator.js","353","method_or_function","if","if (typeof this.operationExecutionKernel.getPendingOperations === 'function') {"
"SERVICES\worker_runtime\AutonomousWorkOrchestrator.js","402","method_or_function","start","async start() {"
"SERVICES\worker_runtime\AutonomousWorkOrchestrator.js","403","method_or_function","if","if (this.running) {"
"SERVICES\worker_runtime\AutonomousWorkOrchestrator.js","435","method_or_function","stop","async stop() {"
"SERVICES\worker_runtime\AutonomousWorkOrchestrator.js","436","method_or_function","if","if (this.loopHandle) {"
"SERVICES\worker_runtime\AutonomousWorkOrchestrator.js","454","method_or_function","runCycle","async runCycle() {"
"SERVICES\worker_runtime\AutonomousWorkOrchestrator.js","472","method_or_function","for","for (const operation of operations) {"
"SERVICES\worker_runtime\AutonomousWorkOrchestrator.js","522","method_or_function","dispatchOperation","async dispatchOperation(operation = {}) {"
"SERVICES\worker_runtime\AutonomousWorkOrchestrator.js","554","method_or_function","if","if (decision && decision.ok === false) {"
"SERVICES\worker_runtime\AutonomousWorkOrchestrator.js","570","method_or_function","if","if (!workerResolution.ok) {"
"SERVICES\worker_runtime\AutonomousWorkOrchestrator.js","576","method_or_function","if","if (execution && execution.ok) {"
"SERVICES\worker_runtime\AutonomousWorkOrchestrator.js","591","method_or_function","if","if (shouldRetry) {"
"SERVICES\worker_runtime\AutonomousWorkOrchestrator.js","617","method_or_function","if","if (shouldRetry) {"
"SERVICES\worker_runtime\AutonomousWorkOrchestrator.js","646","method_or_function","requestDecisionIfNeeded","async requestDecisionIfNeeded(operation) {"
"SERVICES\worker_runtime\AutonomousWorkOrchestrator.js","647","method_or_function","if","if (!operation.requiresApproval && !this.decisionEngineManager) {"
"SERVICES\worker_runtime\AutonomousWorkOrchestrator.js","654","method_or_function","if","if (!this.decisionEngineManager) {"
"SERVICES\worker_runtime\AutonomousWorkOrchestrator.js","661","method_or_function","if","if (typeof this.decisionEngineManager.evaluateOnly === 'function') {"
"SERVICES\worker_runtime\AutonomousWorkOrchestrator.js","666","method_or_function","if","if (operation.requiresApproval && result && result.result && result.result.decision) {"
"SERVICES\worker_runtime\AutonomousWorkOrchestrator.js","681","method_or_function","if","if (typeof this.decisionEngineManager.submitDecision === 'function') {"
"SERVICES\worker_runtime\AutonomousWorkOrchestrator.js","693","method_or_function","resolveWorker","async resolveWorker(operation = {}) {"
"SERVICES\worker_runtime\AutonomousWorkOrchestrator.js","694","method_or_function","if","if (operation.workerId) {"
"SERVICES\worker_runtime\AutonomousWorkOrchestrator.js","705","method_or_function","if","if (this.workerRegistry) {"
"SERVICES\worker_runtime\AutonomousWorkOrchestrator.js","706","method_or_function","if","if (typeof this.workerRegistry.findWorkerForOperation === 'function') {"
"SERVICES\worker_runtime\AutonomousWorkOrchestrator.js","708","method_or_function","if","if (worker) {"
"SERVICES\worker_runtime\AutonomousWorkOrchestrator.js","718","method_or_function","if","if (typeof this.workerRegistry.resolveWorker === 'function') {"
"SERVICES\worker_runtime\AutonomousWorkOrchestrator.js","720","method_or_function","if","if (worker) {"
"SERVICES\worker_runtime\AutonomousWorkOrchestrator.js","730","method_or_function","if","if (typeof this.workerRegistry.listWorkers === 'function') {"
"SERVICES\worker_runtime\AutonomousWorkOrchestrator.js","743","method_or_function","if","if (operation.connectorId) {"
"SERVICES\worker_runtime\AutonomousWorkOrchestrator.js","762","method_or_function","executeWithWorker","async executeWithWorker(operation = {}, worker = {}) {"
"SERVICES\worker_runtime\AutonomousWorkOrchestrator.js","779","method_or_function","if","if (this.workerDispatcher) {"
"SERVICES\worker_runtime\AutonomousWorkOrchestrator.js","780","method_or_function","if","if (typeof this.workerDispatcher.dispatch === 'function') {"
"SERVICES\worker_runtime\AutonomousWorkOrchestrator.js","784","method_or_function","if","if (typeof this.workerDispatcher.execute === 'function') {"
"SERVICES\worker_runtime\AutonomousWorkOrchestrator.js","788","method_or_function","if","if (typeof this.workerDispatcher.run === 'function') {"
"SERVICES\worker_runtime\AutonomousWorkOrchestrator.js","823","method_or_function","completeOperation","async completeOperation(operation = {}, execution = {}) {"
"SERVICES\worker_runtime\AutonomousWorkOrchestrator.js","864","method_or_function","retryOperation","async retryOperation(operation = {}, execution = {}) {"
"SERVICES\worker_runtime\AutonomousWorkOrchestrator.js","906","method_or_function","failOperation","async failOperation(operation = {}, execution = {}, escalate = true) {"
"SERVICES\worker_runtime\AutonomousWorkOrchestrator.js","940","method_or_function","if","if (escalate) {"
"SERVICES\worker_runtime\AutonomousWorkOrchestrator.js","952","method_or_function","escalateOperation","async escalateOperation(operation = {}, execution = {}) {"
"SERVICES\worker_runtime\AutonomousWorkOrchestrator.js","988","method_or_function","feedScheduler","async feedScheduler() {"
"SERVICES\worker_runtime\AutonomousWorkOrchestrator.js","1013","method_or_function","emitLearningEvent","async emitLearningEvent(event = {}) {"
"SERVICES\worker_runtime\AutonomousWorkOrchestrator.js","1014","method_or_function","if","if (!this.learningEngineManager) {"
"SERVICES\worker_runtime\AutonomousWorkOrchestrator.js","1024","method_or_function","if","if (typeof this.learningEngineManager.recordEvent === 'function') {"
"SERVICES\worker_runtime\AutonomousWorkOrchestrator.js","1036","method_or_function","if","if (result && result.ok) {"
"SERVICES\worker_runtime\AutonomousWorkOrchestrator.js","1044","method_or_function","emitExecutiveEvent","async emitExecutiveEvent(event = {}) {"
"SERVICES\worker_runtime\AutonomousWorkOrchestrator.js","1045","method_or_function","if","if (!this.executiveIntelligence) {"
"SERVICES\worker_runtime\AutonomousWorkOrchestrator.js","1055","method_or_function","if","if (typeof this.executiveIntelligence.recordEvent === 'function') {"
"SERVICES\worker_runtime\AutonomousWorkOrchestrator.js","1069","method_or_function","if","if (result && result.ok !== false) {"
"SERVICES\worker_runtime\AutonomousWorkOrchestrator.js","1077","method_or_function","healthCheck","async healthCheck() {"
"SERVICES\worker_runtime\AutonomousWorkOrchestrator.js","1131","method_or_function","listPendingOperations","listPendingOperations() {"
"SERVICES\worker_runtime\AutonomousWorkOrchestrator.js","1140","method_or_function","listActiveOperations","listActiveOperations() {"
"SERVICES\worker_runtime\AutonomousWorkOrchestrator.js","1149","method_or_function","getExecutiveSummary","getExecutiveSummary() {"
"SERVICES\worker_runtime\AutonomousWorkOrchestrator.js","1163","method_or_function","getState","getState() {"
"SERVICES\worker_runtime\AutonomousWorkOrchestrator.js","1175","method_or_function","delay","delay(ms) {"
"SERVICES\worker_runtime\AutonomousWorkOrchestratorManager.js","5","class","AutonomousWorkOrchestratorManager","class AutonomousWorkOrchestratorManager {"
"SERVICES\worker_runtime\AutonomousWorkOrchestratorManager.js","6","method_or_function","constructor","constructor(options = {}) {"
"SERVICES\worker_runtime\AutonomousWorkOrchestratorManager.js","53","method_or_function","start","async start() {"
"SERVICES\worker_runtime\AutonomousWorkOrchestratorManager.js","54","method_or_function","if","if (this.running) {"
"SERVICES\worker_runtime\AutonomousWorkOrchestratorManager.js","85","method_or_function","stop","async stop() {"
"SERVICES\worker_runtime\AutonomousWorkOrchestratorManager.js","86","method_or_function","if","if (this.loopHandle) {"
"SERVICES\worker_runtime\AutonomousWorkOrchestratorManager.js","103","method_or_function","runCycle","async runCycle() {"
"SERVICES\worker_runtime\AutonomousWorkOrchestratorManager.js","111","method_or_function","if","if (!health.ok) {"
"SERVICES\worker_runtime\AutonomousWorkOrchestratorManager.js","126","method_or_function","if","if (cycle && cycle.ok) {"
"SERVICES\worker_runtime\AutonomousWorkOrchestratorManager.js","173","method_or_function","enqueueOperation","enqueueOperation(operation = {}) {"
"SERVICES\worker_runtime\AutonomousWorkOrchestratorManager.js","174","method_or_function","if","if (!this.orchestrator || typeof this.orchestrator.enqueueOperation !== 'function') {"
"SERVICES\worker_runtime\AutonomousWorkOrchestratorManager.js","184","method_or_function","if","if (result && result.ok) {"
"SERVICES\worker_runtime\AutonomousWorkOrchestratorManager.js","206","method_or_function","recover","async recover() {"
"SERVICES\worker_runtime\AutonomousWorkOrchestratorManager.js","211","method_or_function","if","if (this.orchestrator && typeof this.orchestrator.ensureStorage === 'function') {"
"SERVICES\worker_runtime\AutonomousWorkOrchestratorManager.js","215","method_or_function","if","if (this.orchestrator && typeof this.orchestrator.loadState === 'function') {"
"SERVICES\worker_runtime\AutonomousWorkOrchestratorManager.js","219","method_or_function","if","if (this.orchestrator && typeof this.orchestrator.loadActiveOperations === 'function') {"
"SERVICES\worker_runtime\AutonomousWorkOrchestratorManager.js","226","method_or_function","if","if (recovered) {"
"SERVICES\worker_runtime\AutonomousWorkOrchestratorManager.js","254","method_or_function","safeHealthCheck","async safeHealthCheck() {"
"SERVICES\worker_runtime\AutonomousWorkOrchestratorManager.js","255","method_or_function","if","if (!this.orchestrator || typeof this.orchestrator.healthCheck !== 'function') {"
"SERVICES\worker_runtime\AutonomousWorkOrchestratorManager.js","266","method_or_function","listPendingOperations","listPendingOperations() {"
"SERVICES\worker_runtime\AutonomousWorkOrchestratorManager.js","267","method_or_function","if","if (!this.orchestrator || typeof this.orchestrator.listPendingOperations !== 'function') {"
"SERVICES\worker_runtime\AutonomousWorkOrchestratorManager.js","279","method_or_function","listActiveOperations","listActiveOperations() {"
"SERVICES\worker_runtime\AutonomousWorkOrchestratorManager.js","280","method_or_function","if","if (!this.orchestrator || typeof this.orchestrator.listActiveOperations !== 'function') {"
"SERVICES\worker_runtime\AutonomousWorkOrchestratorManager.js","292","method_or_function","getExecutiveSummary","getExecutiveSummary() {"
"SERVICES\worker_runtime\AutonomousWorkOrchestratorManager.js","313","method_or_function","getState","getState() {"
"SERVICES\worker_runtime\BaseAutonomousWorker.js","6","class","BaseAutonomousWorker","class BaseAutonomousWorker {"
"SERVICES\worker_runtime\BaseAutonomousWorker.js","7","method_or_function","constructor","constructor(options = {}) {"
"SERVICES\worker_runtime\BaseAutonomousWorker.js","101","method_or_function","ensureStorage","ensureStorage() {"
"SERVICES\worker_runtime\BaseAutonomousWorker.js","123","method_or_function","loadState","loadState() {"
"SERVICES\worker_runtime\BaseAutonomousWorker.js","155","method_or_function","persistState","persistState() {"
"SERVICES\worker_runtime\BaseAutonomousWorker.js","160","method_or_function","appendJsonLine","appendJsonLine(filePath, payload) {"
"SERVICES\worker_runtime\BaseAutonomousWorker.js","171","method_or_function","initialize","async initialize(context = {}) {"
"SERVICES\worker_runtime\BaseAutonomousWorker.js","215","method_or_function","onInitialize","async onInitialize() {"
"SERVICES\worker_runtime\BaseAutonomousWorker.js","222","method_or_function","execute","async execute(input = {}) {"
"SERVICES\worker_runtime\BaseAutonomousWorker.js","229","method_or_function","if","if (!this.state.initialized) {"
"SERVICES\worker_runtime\BaseAutonomousWorker.js","252","method_or_function","while","while (attempt <= this.maxRetries) {"
"SERVICES\worker_runtime\BaseAutonomousWorker.js","309","method_or_function","if","if (attempt <= this.maxRetries) {"
"SERVICES\worker_runtime\BaseAutonomousWorker.js","347","method_or_function","run","async run() {"
"SERVICES\worker_runtime\BaseAutonomousWorker.js","351","method_or_function","callConnector","async callConnector(connectorId, action, payload = {}, request = {}) {"
"SERVICES\worker_runtime\BaseAutonomousWorker.js","352","method_or_function","if","if (!connectorId) {"
"SERVICES\worker_runtime\BaseAutonomousWorker.js","386","method_or_function","if","if (!result || !result.ok) {"
"SERVICES\worker_runtime\BaseAutonomousWorker.js","412","method_or_function","requestDecision","async requestDecision(operation = {}) {"
"SERVICES\worker_runtime\BaseAutonomousWorker.js","433","method_or_function","emitLearningEvent","async emitLearningEvent(event = {}) {"
"SERVICES\worker_runtime\BaseAutonomousWorker.js","434","method_or_function","if","if (!this.learningEngineManager) {"
"SERVICES\worker_runtime\BaseAutonomousWorker.js","445","method_or_function","if","if (typeof this.learningEngineManager.recordEvent === 'function') {"
"SERVICES\worker_runtime\BaseAutonomousWorker.js","458","method_or_function","if","if (result && result.ok) {"
"SERVICES\worker_runtime\BaseAutonomousWorker.js","466","method_or_function","recordExecutiveEvent","async recordExecutiveEvent(event = {}) {"
"SERVICES\worker_runtime\BaseAutonomousWorker.js","467","method_or_function","if","if (!this.executiveIntelligence) {"
"SERVICES\worker_runtime\BaseAutonomousWorker.js","476","method_or_function","if","if (typeof this.executiveIntelligence.recordEvent === 'function') {"
"SERVICES\worker_runtime\BaseAutonomousWorker.js","483","method_or_function","if","if (typeof this.executiveIntelligence.update === 'function') {"
"SERVICES\worker_runtime\BaseAutonomousWorker.js","500","method_or_function","heartbeat","async heartbeat() {"
"SERVICES\worker_runtime\BaseAutonomousWorker.js","520","method_or_function","shutdown","async shutdown(context = {}) {"
"SERVICES\worker_runtime\BaseAutonomousWorker.js","563","method_or_function","onShutdown","async onShutdown() {"
"SERVICES\worker_runtime\BaseAutonomousWorker.js","570","method_or_function","healthCheck","async healthCheck() {"
"SERVICES\worker_runtime\BaseAutonomousWorker.js","613","method_or_function","getMetadata","getMetadata() {"
"SERVICES\worker_runtime\BaseAutonomousWorker.js","624","method_or_function","getState","getState() {"
"SERVICES\worker_runtime\BaseAutonomousWorker.js","631","method_or_function","delay","delay(ms) {"
"SERVICES\worker_runtime\TaskExecutionWorker.js","5","class","TaskExecutionWorker","class TaskExecutionWorker extends BaseAutonomousWorker {"
"SERVICES\worker_runtime\TaskExecutionWorker.js","6","method_or_function","constructor","constructor(options = {}) {"
"SERVICES\worker_runtime\TaskExecutionWorker.js","29","method_or_function","execute","async execute(input = {}, context = {}) {"
"SERVICES\worker_runtime\TaskExecutionWorker.js","38","method_or_function","run","async run(input = {}, context = {}) {"
"SERVICES\worker_runtime\TaskExecutionWorker.js","43","method_or_function","if","if (!validation.ok) {"
"SERVICES\worker_runtime\TaskExecutionWorker.js","64","method_or_function","if","if (task.requiresDecision) {"
"SERVICES\worker_runtime\TaskExecutionWorker.js","76","method_or_function","if","if (!decision || !decision.ok) {"
"SERVICES\worker_runtime\TaskExecutionWorker.js","97","method_or_function","switch","switch (task.action) {"
"SERVICES\worker_runtime\TaskExecutionWorker.js","163","method_or_function","normalizeTask","normalizeTask(input = {}) {"
"SERVICES\worker_runtime\TaskExecutionWorker.js","376","method_or_function","validateTask","validateTask(task = {}) {"
"SERVICES\worker_runtime\TaskExecutionWorker.js","379","method_or_function","if","if (!task.taskId) {"
"SERVICES\worker_runtime\TaskExecutionWorker.js","383","method_or_function","if","if (!task.action) {"
"SERVICES\worker_runtime\TaskExecutionWorker.js","405","method_or_function","if","if (!task.connectorId) {"
"SERVICES\worker_runtime\TaskExecutionWorker.js","411","method_or_function","if","if (!task.connectorAction) {"
"SERVICES\worker_runtime\TaskExecutionWorker.js","475","method_or_function","executeNoop","async executeNoop(task = {}) {"
"SERVICES\worker_runtime\TaskExecutionWorker.js","572","method_or_function","getMetadata","getMetadata() {"
"SERVICES\worker_runtime\WorkerDispatcher.js","6","class","WorkerDispatcher","class WorkerDispatcher {"
"SERVICES\worker_runtime\WorkerDispatcher.js","7","method_or_function","constructor","constructor(options = {}) {"
"SERVICES\worker_runtime\WorkerDispatcher.js","41","method_or_function","start","async start() {"
"SERVICES\worker_runtime\WorkerDispatcher.js","54","method_or_function","stop","async stop() {"
"SERVICES\worker_runtime\WorkerDispatcher.js","66","method_or_function","dispatch","async dispatch(operation = {}) {"
"SERVICES\worker_runtime\WorkerDispatcher.js","70","method_or_function","dispatchOperation","async dispatchOperation(operation = {}) {"
"SERVICES\worker_runtime\WorkerDispatcher.js","78","method_or_function","if","if (!workerName) {"
"SERVICES\worker_runtime\WorkerDispatcher.js","84","method_or_function","if","if (!worker) {"
"SERVICES\worker_runtime\WorkerDispatcher.js","91","method_or_function","if","if (typeof worker.execute === 'function') {"
"SERVICES\worker_runtime\WorkerDispatcher.js","126","method_or_function","resolveWorker","resolveWorker(workerName) {"
"SERVICES\worker_runtime\WorkerDispatcher.js","129","method_or_function","if","if (typeof this.registry.getWorker === 'function') {"
"SERVICES\worker_runtime\WorkerDispatcher.js","133","method_or_function","if","if (typeof this.registry.get === 'function') {"
"SERVICES\worker_runtime\WorkerDispatcher.js","137","method_or_function","if","if (this.registry.workers && typeof this.registry.workers.get === 'function') {"
"SERVICES\worker_runtime\WorkerDispatcher.js","145","method_or_function","recordFailure","recordFailure(operation, workerName, reason) {"
"SERVICES\worker_runtime\WorkerDispatcher.js","167","method_or_function","healthCheck","async healthCheck() {"
"SERVICES\worker_runtime\WorkerDispatcher.js","179","method_or_function","getExecutiveSummary","getExecutiveSummary() {"
"SERVICES\worker_runtime\WorkerDispatcher.js","194","method_or_function","getState","getState() {"
"SERVICES\worker_runtime\WorkerDispatcher.js","201","method_or_function","appendDispatchLog","appendDispatchLog(record) {"
"SERVICES\worker_runtime\WorkerDispatcher.js","206","method_or_function","saveState","saveState() {"
"SERVICES\worker_runtime\WorkerDispatcher.js","210","method_or_function","writeJson","writeJson(filePath, data) {"
"SERVICES\worker_runtime\WorkerDispatcher.js","215","method_or_function","ensureDir","ensureDir(dir) {"
"SERVICES\worker_runtime\WorkerDispatcher.js","219","method_or_function","log","log(level, message) {"
"SERVICES\worker_runtime\WorkerRegistry.js","6","class","WorkerRegistry","class WorkerRegistry {"
"SERVICES\worker_runtime\WorkerRegistry.js","7","method_or_function","constructor","constructor(options = {}) {"
"SERVICES\worker_runtime\WorkerRegistry.js","39","method_or_function","register","register(workerName, workerOrDefinition = {}) {"
"SERVICES\worker_runtime\WorkerRegistry.js","42","method_or_function","if","if (!name) {"
"SERVICES\worker_runtime\WorkerRegistry.js","75","method_or_function","unregister","unregister(workerName) {"
"SERVICES\worker_runtime\WorkerRegistry.js","103","method_or_function","get","get(workerName) {"
"SERVICES\worker_runtime\WorkerRegistry.js","107","method_or_function","getWorker","getWorker(workerName) {"
"SERVICES\worker_runtime\WorkerRegistry.js","116","method_or_function","getWorkerRecord","getWorkerRecord(workerName) {"
"SERVICES\worker_runtime\WorkerRegistry.js","121","method_or_function","has","has(workerName) {"
"SERVICES\worker_runtime\WorkerRegistry.js","125","method_or_function","hasWorker","hasWorker(workerName) {"
"SERVICES\worker_runtime\WorkerRegistry.js","129","method_or_function","list","list() {"
"SERVICES\worker_runtime\WorkerRegistry.js","133","method_or_function","listWorkers","listWorkers() {"
"SERVICES\worker_runtime\WorkerRegistry.js","146","method_or_function","clear","clear() {"
"SERVICES\worker_runtime\WorkerRegistry.js","158","method_or_function","start","async start() {"
"SERVICES\worker_runtime\WorkerRegistry.js","171","method_or_function","stop","async stop() {"
"SERVICES\worker_runtime\WorkerRegistry.js","183","method_or_function","healthCheck","async healthCheck() {"
"SERVICES\worker_runtime\WorkerRegistry.js","196","method_or_function","getExecutiveSummary","getExecutiveSummary() {"
"SERVICES\worker_runtime\WorkerRegistry.js","208","method_or_function","getState","getState() {"
"SERVICES\worker_runtime\WorkerRegistry.js","216","method_or_function","normalizeName","normalizeName(value) {"
"SERVICES\worker_runtime\WorkerRegistry.js","220","method_or_function","loadFromDisk","loadFromDisk() {"
"SERVICES\worker_runtime\WorkerRegistry.js","227","method_or_function","for","for (const worker of workers) {"
"SERVICES\worker_runtime\WorkerRegistry.js","247","method_or_function","persist","persist() {"
"SERVICES\worker_runtime\WorkerRegistry.js","270","method_or_function","saveState","saveState() {"
"SERVICES\worker_runtime\WorkerRegistry.js","274","method_or_function","writeJson","writeJson(filePath, data) {"
"SERVICES\worker_runtime\WorkerRegistry.js","279","method_or_function","ensureDir","ensureDir(dir) {"
"SERVICES\worker_runtime\WorkerRegistry.js","283","method_or_function","log","log(level, message) {"
"SERVICES\worker_runtime\WorkerRuntime.js","10","class","WorkerRuntimeManager","class WorkerRuntimeManager {"
"SERVICES\worker_runtime\WorkerRuntime.js","11","method_or_function","constructor","constructor(options = {}) {"
"SERVICES\worker_runtime\WorkerRuntime.js","53","method_or_function","start","async start() {"
"SERVICES\worker_runtime\WorkerRuntime.js","54","method_or_function","if","if (this.running) {"
"SERVICES\worker_runtime\WorkerRuntime.js","73","method_or_function","stop","async stop() {"
"SERVICES\worker_runtime\WorkerRuntime.js","74","method_or_function","if","if (this.loopHandle) {"
"SERVICES\worker_runtime\WorkerRuntime.js","86","method_or_function","runCycle","async runCycle() {"
"SERVICES\worker_runtime\WorkerRuntime.js","96","method_or_function","if","if (nextWork) {"
"SERVICES\worker_runtime\WorkerRuntime.js","99","method_or_function","if","if (execution && execution.ok) {"
"SERVICES\worker_runtime\WorkerRuntime.js","129","method_or_function","safeDiscoverWorkers","async safeDiscoverWorkers() {"
"SERVICES\worker_runtime\WorkerRuntime.js","130","method_or_function","if","if (!this.runtime || typeof this.runtime.discoverWorkers !== 'function') {"
"SERVICES\worker_runtime\WorkerRuntime.js","137","method_or_function","getNextWork","async getNextWork() {"
"SERVICES\worker_runtime\WorkerRuntime.js","157","method_or_function","executeBusinessOperation","async executeBusinessOperation(operation) {"
"SERVICES\worker_runtime\WorkerRuntime.js","160","method_or_function","if","if (!workerId) {"
"SERVICES\worker_runtime\WorkerRuntime.js","184","method_or_function","if","if (result && result.ok) {"
"SERVICES\worker_runtime\WorkerRuntime.js","198","method_or_function","updateOperation","updateOperation(operationId, status, result) {"
"SERVICES\worker_runtime\WorkerRuntime.js","217","method_or_function","readQueue","readQueue() {"
"SERVICES\worker_runtime\WorkerRuntime.js","228","method_or_function","writeQueue","writeQueue(queue) {"
"SERVICES\worker_runtime\WorkerRuntime.js","233","method_or_function","healthCheck","async healthCheck() {"
"SERVICES\worker_runtime\WorkerRuntime.js","252","method_or_function","getState","getState() {"
"SERVICES\worker_runtime\WorkerRuntimeManager.js","9","class","WorkerRuntimeManager","class WorkerRuntimeManager {"
"SERVICES\worker_runtime\WorkerRuntimeManager.js","10","method_or_function","constructor","constructor(options = {}) {"
"SERVICES\worker_runtime\WorkerRuntimeManager.js","60","method_or_function","start","async start() {"
"SERVICES\worker_runtime\WorkerRuntimeManager.js","61","method_or_function","if","if (this.running) {"
"SERVICES\worker_runtime\WorkerRuntimeManager.js","91","method_or_function","stop","async stop() {"
"SERVICES\worker_runtime\WorkerRuntimeManager.js","92","method_or_function","if","if (this.loopHandle) {"
"SERVICES\worker_runtime\WorkerRuntimeManager.js","109","method_or_function","runCycle","async runCycle() {"
"SERVICES\worker_runtime\WorkerRuntimeManager.js","119","method_or_function","if","if (nextWork) {"
"SERVICES\worker_runtime\WorkerRuntimeManager.js","122","method_or_function","if","if (execution && execution.ok) {"
"SERVICES\worker_runtime\WorkerRuntimeManager.js","169","method_or_function","safeDiscoverWorkers","async safeDiscoverWorkers() {"
"SERVICES\worker_runtime\WorkerRuntimeManager.js","170","method_or_function","if","if (!this.runtime || typeof this.runtime.discoverWorkers !== 'function') {"
"SERVICES\worker_runtime\WorkerRuntimeManager.js","181","method_or_function","getNextWork","async getNextWork() {"
"SERVICES\worker_runtime\WorkerRuntimeManager.js","182","method_or_function","if","if (this.dispatcher) {"
"SERVICES\worker_runtime\WorkerRuntimeManager.js","183","method_or_function","if","if (typeof this.dispatcher.getNextWork === 'function') {"
"SERVICES\worker_runtime\WorkerRuntimeManager.js","187","method_or_function","if","if (typeof this.dispatcher.next === 'function') {"
"SERVICES\worker_runtime\WorkerRuntimeManager.js","191","method_or_function","if","if (typeof this.dispatcher.dequeue === 'function') {"
"SERVICES\worker_runtime\WorkerRuntimeManager.js","195","method_or_function","if","if (typeof this.dispatcher.poll === 'function') {"
"SERVICES\worker_runtime\WorkerRuntimeManager.js","200","method_or_function","if","if (this.registry) {"
"SERVICES\worker_runtime\WorkerRuntimeManager.js","201","method_or_function","if","if (typeof this.registry.getNextWorker === 'function') {"
"SERVICES\worker_runtime\WorkerRuntimeManager.js","205","method_or_function","if","if (typeof this.registry.next === 'function') {"
"SERVICES\worker_runtime\WorkerRuntimeManager.js","209","method_or_function","if","if (typeof this.registry.listAvailableWorkers === 'function') {"
"SERVICES\worker_runtime\WorkerRuntimeManager.js","216","method_or_function","if","if (typeof this.registry.listWorkers === 'function') {"
"SERVICES\worker_runtime\WorkerRuntimeManager.js","227","method_or_function","healthCheck","async healthCheck() {"
"SERVICES\worker_runtime\WorkerRuntimeManager.js","248","method_or_function","getState","getState() {"
"SERVICES\engineering\RepositoryInventoryService.js","19","function","now","function now() {"
"SERVICES\engineering\RepositoryInventoryService.js","23","function","ensureDir","function ensureDir(dir) {"
"SERVICES\engineering\RepositoryInventoryService.js","27","function","walk","function walk(dir, files = []) {"
"SERVICES\engineering\RepositoryInventoryService.js","47","function","rel","function rel(file) {"
"SERVICES\engineering\RepositoryInventoryService.js","51","function","read","function read(file) {"
"SERVICES\engineering\RepositoryInventoryService.js","59","function","extractRequires","function extractRequires(text) {"
"SERVICES\engineering\RepositoryInventoryService.js","67","function","extractClasses","function extractClasses(text) {"
"SERVICES\engineering\RepositoryInventoryService.js","75","function","detectExports","function detectExports(text) {"
"SERVICES\engineering\RepositoryInventoryService.js","86","function","detectRole","function detectRole(file, text) {"
"SERVICES\engineering\RepositoryInventoryService.js","110","function","duplicateKey","function duplicateKey(file) {"
"SERVICES\engineering\RepositoryInventoryService.js","114","function","main","function main() {"
"SERVICES\engineering\RepositoryInventoryService.js","133","method_or_function","for","for (const r of records) {"
"SERVICES\engineering\RepositoryInventoryService.js","144","method_or_function","for","for (const r of records) {"
"SERVICES\WORKER_ADAPTERS\AtlasWorkerAdapter.js","9","method_or_function","execute","execute(task) {"
"SERVICES\WORKER_ADAPTERS\ArchitectAdapter.js","5","method_or_function","execute","execute(task){"
"SERVICES\WORKER_ADAPTERS\BuilderAdapter.js","5","method_or_function","execute","execute(task){"
"SERVICES\WORKER_ADAPTERS\ValidatorAdapter.js","5","method_or_function","execute","execute(task){"
"SERVICES\WORKER_ADAPTERS\TesterAdapter.js","3","class","TesterAdapter","class TesterAdapter {"
"SERVICES\WORKER_ADAPTERS\TesterAdapter.js","5","method_or_function","constructor","constructor() {"
"SERVICES\WORKER_ADAPTERS\TesterAdapter.js","10","method_or_function","execute","execute(task) {"
"SERVICES\WORKER_ADAPTERS\RecoveryAdapter.js","3","class","RecoveryAdapter","class RecoveryAdapter {"
"SERVICES\WORKER_ADAPTERS\RecoveryAdapter.js","5","method_or_function","constructor","constructor() {"
"SERVICES\WORKER_ADAPTERS\RecoveryAdapter.js","10","method_or_function","execute","execute(task) {"
"PROVIDERS\StartProductionSystem.js","11","function","sleep","function sleep(ms) {"
"PROVIDERS\StartProductionSystem.js","15","function","bool","function bool(name, fallback = false) {"
"PROVIDERS\StartProductionSystem.js","21","async function","main","async function main() {"
"PROVIDERS\StartProductionSystem.js","57","method_or_function","while","while (true) {"
"PROVIDERS\StartProductionSystem.js","75","method_or_function","if","if (plan.length > 0) {"
"PROVIDERS\StartProductionSystem.js","118","function","mapActionType","function mapActionType(area) {"
"PROVIDERS\BaseProvider.js","3","class","BaseProvider","class BaseProvider {"
"PROVIDERS\BaseProvider.js","4","method_or_function","constructor","constructor(options = {}) {"
"PROVIDERS\BaseProvider.js","8","method_or_function","healthCheck","async healthCheck() {"
"PROVIDERS\BaseProvider.js","16","method_or_function","uploadSegment","async uploadSegment() {"
"PROVIDERS\InstantlyProvider.js","7","class","InstantlyProvider","class InstantlyProvider extends BaseProvider {"
"PROVIDERS\InstantlyProvider.js","8","method_or_function","constructor","constructor(options = {}) {"
"PROVIDERS\InstantlyProvider.js","15","method_or_function","csvEscape","csvEscape(value) {"
"PROVIDERS\InstantlyProvider.js","20","method_or_function","uploadSegment","async uploadSegment(job = {}) {"
"PROVIDERS\InstantlyProvider.js","23","method_or_function","if","if (this.mode === ""LIVE"") {"
"PROVIDERS\ProviderRegistry.js","5","class","ProviderRegistry","class ProviderRegistry {"
"PROVIDERS\ProviderRegistry.js","6","method_or_function","constructor","constructor() {"
"PROVIDERS\ProviderRegistry.js","11","method_or_function","register","register(name, provider) {"
"PROVIDERS\ProviderRegistry.js","15","method_or_function","get","get(name) {"
"PROVIDERS\ProviderRegistry.js","21","method_or_function","list","list() {"
"PROVIDERS\contracts\IDataProvider.js","17","class","IDataProvider","class IDataProvider {"
"PROVIDERS\contracts\IDataProvider.js","18","method_or_function","constructor","constructor(name) {"
"PROVIDERS\contracts\IDataProvider.js","19","method_or_function","if","if (!name) {"
"PROVIDERS\contracts\IDataProvider.js","42","method_or_function","initialize","async initialize() {"
"PROVIDERS\contracts\IDataProvider.js","46","method_or_function","refresh","async refresh() {"
"PROVIDERS\contracts\IDataProvider.js","52","method_or_function","getStatus","getStatus() {"
"PROVIDERS\contracts\IDataProvider.js","61","method_or_function","getMetrics","getMetrics() {"
"PROVIDERS\contracts\IDataProvider.js","65","method_or_function","getExceptions","getExceptions() {"
"PROVIDERS\contracts\IDataProvider.js","69","method_or_function","getRecommendations","getRecommendations() {"
"PROVIDERS\contracts\IDataProvider.js","73","method_or_function","getProviderState","getProviderState() {"
"PROVIDERS\contracts\IDataProvider.js","87","method_or_function","shutdown","async shutdown() {"
"PROVIDERS\providers\InstantlyProvider.js","6","class","InstantlyProvider","class InstantlyProvider extends IDataProvider {"
"PROVIDERS\providers\InstantlyProvider.js","8","method_or_function","constructor","constructor() {"
"PROVIDERS\providers\InstantlyProvider.js","22","method_or_function","initialize","async initialize() {"
"PROVIDERS\providers\InstantlyProvider.js","32","method_or_function","refresh","async refresh() {"
"PROVIDERS\providers\InstantlyProvider.js","87","method_or_function","if","if (campaigns.length === 0) {"
"PROVIDERS\providers\InstantlyProvider.js","102","method_or_function","if","if (activeCampaigns.length === 0) {"
"PROVIDERS\providers\InstantlyProvider.js","119","method_or_function","if","if (activeCampaigns.length < 2) {"
"PROVIDERS\providers\InstantlyProvider.js","129","method_or_function","catch","catch (err) {"
"PROVIDERS\providers\InstantlyProvider.js","161","method_or_function","getCampaignByName","getCampaignByName(name) {"
"PROVIDERS\providers\InstantlyProvider.js","163","method_or_function","if","if (!this.metrics.campaigns) {"
"PROVIDERS\providers\InstantlyProvider.js","175","method_or_function","getActiveCampaigns","getActiveCampaigns() {"
"PROVIDERS\providers\InstantlyProvider.js","177","method_or_function","if","if (!this.metrics.campaigns) {"
"PROVIDERS\providers\InstantlyProvider.js","189","method_or_function","shutdown","async shutdown() {"
"PROVIDERS\providers\MarketingProvider.js","4","class","MarketingProvider","class MarketingProvider extends IDataProvider {"
"PROVIDERS\providers\MarketingProvider.js","6","method_or_function","constructor","constructor() {"
"PROVIDERS\providers\MarketingProvider.js","24","method_or_function","initialize","async initialize() {"
"PROVIDERS\providers\MarketingProvider.js","34","method_or_function","refresh","async refresh() {"
"PROVIDERS\providers\MarketingProvider.js","85","method_or_function","if","if (campaigns.length === 0) {"
"PROVIDERS\providers\MarketingProvider.js","99","method_or_function","if","if (activeCampaigns.length === 0) {"
"PROVIDERS\providers\MarketingProvider.js","115","method_or_function","if","if (activeCampaigns.length < 2) {"
"PROVIDERS\providers\MarketingProvider.js","125","method_or_function","catch","catch (err) {"
"PROVIDERS\providers\MarketingProvider.js","157","method_or_function","getCampaignByName","getCampaignByName(name) {"
"PROVIDERS\providers\MarketingProvider.js","159","method_or_function","if","if (!this.metrics.campaigns) {"
"PROVIDERS\providers\MarketingProvider.js","169","method_or_function","getActiveCampaigns","getActiveCampaigns() {"
"PROVIDERS\providers\MarketingProvider.js","171","method_or_function","if","if (!this.metrics.campaigns) {"
"PROVIDERS\providers\MarketingProvider.js","181","method_or_function","shutdown","async shutdown() {"
"PROVIDERS\providers\OrionProvider.js","6","class","OrionProvider","class OrionProvider extends IDataProvider {"
"PROVIDERS\providers\OrionProvider.js","8","method_or_function","constructor","constructor() {"
"PROVIDERS\providers\OrionProvider.js","29","method_or_function","initialize","async initialize() {"
"PROVIDERS\providers\OrionProvider.js","39","method_or_function","refresh","async refresh() {"
"PROVIDERS\providers\OrionProvider.js","101","method_or_function","if","if (!summary.health.ok) {"
"PROVIDERS\providers\OrionProvider.js","117","method_or_function","if","if (summary.opportunities.count === 0) {"
"PROVIDERS\providers\OrionProvider.js","127","method_or_function","catch","catch (err) {"
"PROVIDERS\providers\OrionProvider.js","165","method_or_function","getProviderState","getProviderState() {"
"PROVIDERS\providers\OrionProvider.js","218","method_or_function","shutdown","async shutdown() {"
"PROVIDERS\providers\WebsiteProvider.js","4","class","WebsiteProvider","class WebsiteProvider extends IDataProvider {"
"PROVIDERS\providers\WebsiteProvider.js","6","method_or_function","constructor","constructor() {"
"PROVIDERS\providers\WebsiteProvider.js","16","method_or_function","initialize","async initialize() {"
"PROVIDERS\providers\WebsiteProvider.js","21","method_or_function","refresh","async refresh() {"
"PROVIDERS\providers\WebsiteProvider.js","72","method_or_function","shutdown","async shutdown() {"
"PROVIDERS\registry\ProviderRegistry.js","1","class","ProviderRegistry","class ProviderRegistry {"
"PROVIDERS\registry\ProviderRegistry.js","2","method_or_function","constructor","constructor() {"
"PROVIDERS\registry\ProviderRegistry.js","6","method_or_function","register","register(provider) {"
"PROVIDERS\registry\ProviderRegistry.js","7","method_or_function","if","if (!provider || !provider.name) {"
"PROVIDERS\registry\ProviderRegistry.js","16","method_or_function","unregister","unregister(name) {"
"PROVIDERS\registry\ProviderRegistry.js","20","method_or_function","get","get(name) {"
"PROVIDERS\registry\ProviderRegistry.js","24","method_or_function","getAll","getAll() {"
"PROVIDERS\registry\ProviderRegistry.js","28","method_or_function","initializeAll","async initializeAll() {"
"PROVIDERS\registry\ProviderRegistry.js","30","method_or_function","if","if (typeof provider.initialize === ""function"") {"
"PROVIDERS\registry\ProviderRegistry.js","36","method_or_function","refreshAll","async refreshAll() {"
"PROVIDERS\registry\ProviderRegistry.js","56","method_or_function","getHealthSummary","getHealthSummary() {"
"PROVIDERS\registry\ProviderRegistry.js","60","method_or_function","getMetrics","getMetrics() {"
"PROVIDERS\registry\ProviderRegistry.js","70","method_or_function","getExceptions","getExceptions() {"
"PROVIDERS\registry\ProviderRegistry.js","80","method_or_function","getRecommendations","getRecommendations() {"
"CONNECTORS\GOOGLE\account_manager.js","9","function","safeAccountKey","function safeAccountKey(email) {"
"CONNECTORS\GOOGLE\account_manager.js","17","function","ensureAccountsRoot","function ensureAccountsRoot() {"
"CONNECTORS\GOOGLE\account_manager.js","23","function","getTokenPathForAccount","function getTokenPathForAccount(accountKey) {"
"CONNECTORS\GOOGLE\account_manager.js","30","function","listAccounts","function listAccounts() {"
"CONNECTORS\GOOGLE\account_manager.js","38","method_or_function","if","if (valid) {"
"CONNECTORS\GOOGLE\account_manager.js","50","async function","getProfileEmail","async function getProfileEmail(auth) {"
"CONNECTORS\GOOGLE\account_manager.js","56","async function","authenticateAccount","async function authenticateAccount(label = ""default"") {"
"CONNECTORS\GOOGLE\account_manager.js","87","async function","getAuthClientForAccount","async function getAuthClientForAccount(accountKeyOrEmail) {"
"CONNECTORS\GOOGLE\account_manager.js","99","async function","healthCheckAccounts","async function healthCheckAccounts() {"
"CONNECTORS\GOOGLE\account_manager.js","102","method_or_function","for","for (const account of accounts) {"
"CONNECTORS\GOOGLE\account_manager.js","114","async function","cli","async function cli() {"
"CONNECTORS\GOOGLE\account_manager.js","117","method_or_function","if","if (command === ""add"") {"
"CONNECTORS\GOOGLE\account_manager.js","128","method_or_function","if","if (command === ""health"") {"
"CONNECTORS\GOOGLE\account_manager.js","133","method_or_function","for","for (const r of results) {"
"CONNECTORS\GOOGLE\account_manager.js","143","method_or_function","if","if (!accounts.length) {"
"CONNECTORS\GOOGLE\account_manager.js","148","method_or_function","for","for (const account of accounts) {"
"CONNECTORS\GOOGLE\account_manager.js","153","method_or_function","if","if (require.main === module) {"
"CONNECTORS\GOOGLE\auth.js","7","async function","getGoogleAuthClient","async function getGoogleAuthClient() {"
"CONNECTORS\GOOGLE\auth.js","43","async function","testGoogleAuth","async function testGoogleAuth() {"
"CONNECTORS\GOOGLE\auth.js","61","method_or_function","if","if (require.main === module) {"
"CONNECTORS\GOOGLE\gmail.js","4","async function","listRecentEmails","async function listRecentEmails(maxResults = 10) {"
"CONNECTORS\GOOGLE\gmail.js","25","method_or_function","for","for (const message of messages) {"
"CONNECTORS\GOOGLE\gmail.js","45","method_or_function","if","if (require.main === module) {"
"CONNECTORS\GOOGLE\index.js","9","async function","healthCheck","async function healthCheck() {"
"CONNECTORS\GOOGLE\workspace.js","4","async function","getWorkspaceSnapshot","async function getWorkspaceSnapshot(accountKeyOrEmail) {"
"CONNECTORS\GOOGLE\workspace.js","32","async function","cli","async function cli() {"
"CONNECTORS\GOOGLE\workspace.js","34","method_or_function","if","if (!account) {"
"CONNECTORS\GOOGLE\workspace.js","36","method_or_function","if","if (!accounts.length) {"
"CONNECTORS\GOOGLE\workspace.js","40","method_or_function","for","for (const a of accounts) {"
"CONNECTORS\GOOGLE\workspace.js","50","method_or_function","if","if (require.main === module) {"
"CONNECTORS\GOOGLE\miles_google_account_manager_dropin\miles_google_accounts_health.js","5","async function","main","async function main() {"
"CONNECTORS\GOOGLE\miles_google_account_manager_dropin\miles_google_accounts_health.js","11","method_or_function","for","for (const account of health.accounts || []) {"
"CONNECTORS\GOOGLE\miles_google_account_manager_dropin\CONNECTORS\GOOGLE\account_manager.js","9","function","safeAccountKey","function safeAccountKey(email) {"
"CONNECTORS\GOOGLE\miles_google_account_manager_dropin\CONNECTORS\GOOGLE\account_manager.js","17","function","ensureAccountsRoot","function ensureAccountsRoot() {"
"CONNECTORS\GOOGLE\miles_google_account_manager_dropin\CONNECTORS\GOOGLE\account_manager.js","23","function","getTokenPathForAccount","function getTokenPathForAccount(accountKey) {"
"CONNECTORS\GOOGLE\miles_google_account_manager_dropin\CONNECTORS\GOOGLE\account_manager.js","30","function","listAccounts","function listAccounts() {"
"CONNECTORS\GOOGLE\miles_google_account_manager_dropin\CONNECTORS\GOOGLE\account_manager.js","38","method_or_function","if","if (valid) {"
"CONNECTORS\GOOGLE\miles_google_account_manager_dropin\CONNECTORS\GOOGLE\account_manager.js","50","async function","getProfileEmail","async function getProfileEmail(auth) {"
"CONNECTORS\GOOGLE\miles_google_account_manager_dropin\CONNECTORS\GOOGLE\account_manager.js","56","async function","authenticateAccount","async function authenticateAccount(label = ""default"") {"
"CONNECTORS\GOOGLE\miles_google_account_manager_dropin\CONNECTORS\GOOGLE\account_manager.js","87","async function","getAuthClientForAccount","async function getAuthClientForAccount(accountKeyOrEmail) {"
"CONNECTORS\GOOGLE\miles_google_account_manager_dropin\CONNECTORS\GOOGLE\account_manager.js","99","async function","healthCheckAccounts","async function healthCheckAccounts() {"
"CONNECTORS\GOOGLE\miles_google_account_manager_dropin\CONNECTORS\GOOGLE\account_manager.js","102","method_or_function","for","for (const account of accounts) {"
"CONNECTORS\GOOGLE\miles_google_account_manager_dropin\CONNECTORS\GOOGLE\account_manager.js","114","async function","cli","async function cli() {"
"CONNECTORS\GOOGLE\miles_google_account_manager_dropin\CONNECTORS\GOOGLE\account_manager.js","117","method_or_function","if","if (command === ""add"") {"
"CONNECTORS\GOOGLE\miles_google_account_manager_dropin\CONNECTORS\GOOGLE\account_manager.js","128","method_or_function","if","if (command === ""health"") {"
"CONNECTORS\GOOGLE\miles_google_account_manager_dropin\CONNECTORS\GOOGLE\account_manager.js","133","method_or_function","for","for (const r of results) {"
"CONNECTORS\GOOGLE\miles_google_account_manager_dropin\CONNECTORS\GOOGLE\account_manager.js","143","method_or_function","if","if (!accounts.length) {"
"CONNECTORS\GOOGLE\miles_google_account_manager_dropin\CONNECTORS\GOOGLE\account_manager.js","148","method_or_function","for","for (const account of accounts) {"
"CONNECTORS\GOOGLE\miles_google_account_manager_dropin\CONNECTORS\GOOGLE\account_manager.js","153","method_or_function","if","if (require.main === module) {"
"CONNECTORS\GOOGLE\miles_google_account_manager_dropin\CONNECTORS\GOOGLE\index.js","9","async function","healthCheck","async function healthCheck() {"
"CONNECTORS\GOOGLE\miles_google_account_manager_dropin\CONNECTORS\GOOGLE\workspace.js","4","async function","getWorkspaceSnapshot","async function getWorkspaceSnapshot(accountKeyOrEmail) {"
"CONNECTORS\GOOGLE\miles_google_account_manager_dropin\CONNECTORS\GOOGLE\workspace.js","32","async function","cli","async function cli() {"
"CONNECTORS\GOOGLE\miles_google_account_manager_dropin\CONNECTORS\GOOGLE\workspace.js","34","method_or_function","if","if (!account) {"
"CONNECTORS\GOOGLE\miles_google_account_manager_dropin\CONNECTORS\GOOGLE\workspace.js","36","method_or_function","if","if (!accounts.length) {"
"CONNECTORS\GOOGLE\miles_google_account_manager_dropin\CONNECTORS\GOOGLE\workspace.js","40","method_or_function","for","for (const a of accounts) {"
"CONNECTORS\GOOGLE\miles_google_account_manager_dropin\CONNECTORS\GOOGLE\workspace.js","50","method_or_function","if","if (require.main === module) {"
"CONNECTORS\GOOGLE\miles_google_connector_pack\miles_google_connector_pack\CONNECTORS\GOOGLE\auth.js","7","function","ensureParentDirectory","function ensureParentDirectory(filePath) {"
"CONNECTORS\GOOGLE\miles_google_connector_pack\miles_google_connector_pack\CONNECTORS\GOOGLE\auth.js","12","async function","getGoogleAuthClient","async function getGoogleAuthClient() {"
"CONNECTORS\GOOGLE\miles_google_connector_pack\miles_google_connector_pack\CONNECTORS\GOOGLE\auth.js","30","method_or_function","if","if (!credentials.refresh_token) {"
"CONNECTORS\GOOGLE\miles_google_connector_pack\miles_google_connector_pack\CONNECTORS\GOOGLE\auth.js","49","async function","getUserProfile","async function getUserProfile(auth) {"
"CONNECTORS\GOOGLE\miles_google_connector_pack\miles_google_connector_pack\CONNECTORS\GOOGLE\auth.js","55","async function","testGoogleAuth","async function testGoogleAuth() {"
"CONNECTORS\GOOGLE\miles_google_connector_pack\miles_google_connector_pack\CONNECTORS\GOOGLE\auth.js","69","method_or_function","if","if (require.main === module) {"
"CONNECTORS\GOOGLE\miles_google_connector_pack\miles_google_connector_pack\CONNECTORS\GOOGLE\calendar.js","4","async function","getCalendarClient","async function getCalendarClient() {"
"CONNECTORS\GOOGLE\miles_google_connector_pack\miles_google_connector_pack\CONNECTORS\GOOGLE\calendar.js","9","async function","listTodaysEvents","async function listTodaysEvents() {"
"CONNECTORS\GOOGLE\miles_google_connector_pack\miles_google_connector_pack\CONNECTORS\GOOGLE\calendar.js","33","async function","healthCheck","async function healthCheck() {"
"CONNECTORS\GOOGLE\miles_google_connector_pack\miles_google_connector_pack\CONNECTORS\GOOGLE\contacts.js","4","async function","getPeopleClient","async function getPeopleClient() {"
"CONNECTORS\GOOGLE\miles_google_connector_pack\miles_google_connector_pack\CONNECTORS\GOOGLE\contacts.js","9","async function","listContacts","async function listContacts(pageSize = 10) {"
"CONNECTORS\GOOGLE\miles_google_connector_pack\miles_google_connector_pack\CONNECTORS\GOOGLE\contacts.js","25","async function","healthCheck","async function healthCheck() {"
"CONNECTORS\GOOGLE\miles_google_connector_pack\miles_google_connector_pack\CONNECTORS\GOOGLE\drive.js","4","async function","getDriveClient","async function getDriveClient() {"
"CONNECTORS\GOOGLE\miles_google_connector_pack\miles_google_connector_pack\CONNECTORS\GOOGLE\drive.js","9","async function","searchFiles","async function searchFiles(query = """", maxResults = 10) {"
"CONNECTORS\GOOGLE\miles_google_connector_pack\miles_google_connector_pack\CONNECTORS\GOOGLE\drive.js","21","async function","healthCheck","async function healthCheck() {"
"CONNECTORS\GOOGLE\miles_google_connector_pack\miles_google_connector_pack\CONNECTORS\GOOGLE\gmail.js","4","async function","getGmailClient","async function getGmailClient() {"
"CONNECTORS\GOOGLE\miles_google_connector_pack\miles_google_connector_pack\CONNECTORS\GOOGLE\gmail.js","9","async function","listUnreadEmails","async function listUnreadEmails(maxResults = 10) {"
"CONNECTORS\GOOGLE\miles_google_connector_pack\miles_google_connector_pack\CONNECTORS\GOOGLE\gmail.js","19","method_or_function","for","for (const msg of messages) {"
"CONNECTORS\GOOGLE\miles_google_connector_pack\miles_google_connector_pack\CONNECTORS\GOOGLE\gmail.js","38","async function","healthCheck","async function healthCheck() {"
"CONNECTORS\GOOGLE\miles_google_connector_pack\miles_google_connector_pack\CONNECTORS\GOOGLE\health.js","7","async function","healthCheck","async function healthCheck() {"
"CONNECTORS\GOOGLE\miles_google_connector_pack\miles_google_connector_pack\CONNECTORS\GOOGLE\health.js","19","method_or_function","for","for (const svc of [gmail, calendar, drive, contacts]) {"
"CONNECTORS\GOOGLE\miles_google_connector_pack\miles_google_connector_pack\CONNECTORS\GOOGLE\health.js","30","async function","printHealth","async function printHealth() {"
"CONNECTORS\GOOGLE\miles_google_connector_pack\miles_google_connector_pack\CONNECTORS\GOOGLE\health.js","35","method_or_function","for","for (const r of results) {"
"CONNECTORS\GOOGLE\miles_google_connector_pack\miles_google_connector_pack\CONNECTORS\GOOGLE\health.js","40","method_or_function","if","if (require.main === module) {"
"CONNECTORS\INSTANTLY\connector.js","5","method_or_function","healthCheck","async healthCheck() {"
"CONNECTORS\INSTANTLY\connector.js","9","method_or_function","execute","async execute(task = {}, context = {}) {"
"CONNECTORS\INSTANTLY\connector.js","38","method_or_function","switch","switch (action) {"
"CONNECTORS\INSTANTLY\instantly.js","8","async function","request","async function request(endpoint, method = ""GET"", body = null) {"
"CONNECTORS\INSTANTLY\instantly.js","10","method_or_function","if","if (!API_KEY) {"
"CONNECTORS\INSTANTLY\instantly.js","33","async function","healthCheck","async function healthCheck() {"
"CONNECTORS\INSTANTLY\instantly.js","56","async function","listCampaigns","async function listCampaigns() {"
"CONNECTORS\INSTANTLY\instantly_test.js","11","method_or_function","if","if (!health.ok) {"
"CONNECTORS\INSTANTLY\miles_instantly_connector\miles_os\services\instantly\client.py","8","class","InstantlyAPIError","class InstantlyAPIError(RuntimeError):"
"CONNECTORS\INSTANTLY\miles_instantly_connector\miles_os\services\instantly\client.py","12","class","InstantlyClient","class InstantlyClient:"
"CONNECTORS\INSTANTLY\miles_instantly_connector\miles_os\services\instantly\config.py","7","class","InstantlyConfig","class InstantlyConfig:"
"CONNECTORS\INSTANTLY\miles_instantly_connector\miles_os\services\instantly\service.py","10","class","HealthResult","class HealthResult:"
"CONNECTORS\INSTANTLY\miles_instantly_connector\miles_os\services\instantly\service.py","17","class","InstantlyService","class InstantlyService:"
"CONNECTORS\INSTANTLY\miles_instantly_connector\tests\test_instantly_service.py","4","class","FakeClient","class FakeClient:"
"CONNECTORS\MILES\connector.js","6","method_or_function","initialize","async initialize() {"
"CONNECTORS\MILES\connector.js","10","method_or_function","healthCheck","async healthCheck() {"
"CONNECTORS\MILES\connector.js","20","method_or_function","execute","async execute(task) {"
"CONNECTORS\MILES\connector.js","25","method_or_function","shutdown","async shutdown() {"
"CONNECTORS\ORION\connector.js","11","class","OrionConnector","class OrionConnector {"
"CONNECTORS\ORION\connector.js","13","method_or_function","constructor","constructor() {"
"CONNECTORS\ORION\connector.js","17","method_or_function","initialize","initialize() {"
"CONNECTORS\ORION\connector.js","26","method_or_function","if","if (!this.db) {"
"CONNECTORS\ORION\connector.js","37","method_or_function","healthCheck","healthCheck() {"
"CONNECTORS\ORION\connector.js","40","method_or_function","if","if (!init.ok) {"
"CONNECTORS\ORION\connector.js","58","method_or_function","getTables","getTables() {"
"CONNECTORS\ORION\connector.js","66","method_or_function","getTableCount","getTableCount(tableName) {"
"CONNECTORS\ORION\connector.js","91","method_or_function","getSummary","getSummary() {"
"CONNECTORS\ORION\connector.js","103","method_or_function","safeLimit","safeLimit(limit = 100) {"
"CONNECTORS\ORION\connector.js","108","method_or_function","getRows","getRows(tableName, limit = 100, offset = 0) {"
"CONNECTORS\ORION\connector.js","119","method_or_function","query","query(sql, params = []) {"
"CONNECTORS\ORION\connector.js","124","method_or_function","getContractors","getContractors(limit = 100, offset = 0) {"
"CONNECTORS\ORION\connector.js","128","method_or_function","getBuyers","getBuyers(limit = 100, offset = 0) {"
"CONNECTORS\ORION\connector.js","132","method_or_function","getOpportunities","getOpportunities(limit = 100, offset = 0) {"
"CONNECTORS\ORION\connector.js","136","method_or_function","getRecompetes","getRecompetes(limit = 100, offset = 0) {"
"CONNECTORS\ORION\connector.js","140","method_or_function","getRecommendations","getRecommendations(limit = 100, offset = 0) {"
"CONNECTORS\ORION\connector.js","144","method_or_function","getPersonas","getPersonas(limit = 100, offset = 0) {"
"CONNECTORS\ORION\connector.js","148","method_or_function","searchContractors","searchContractors(term, limit = 50) {"
"CONNECTORS\ORION\connector.js","153","method_or_function","if","if (!term) {"
"CONNECTORS\ORION\connector.js","167","method_or_function","getTopRecommendations","getTopRecommendations(limit = 100) {"
"CONNECTORS\ORION\connector.js","181","method_or_function","normalizeAction","normalizeAction(task = {}) {"
"CONNECTORS\ORION\connector.js","233","method_or_function","execute","execute(task = {}) {"
"CONNECTORS\ORION\connector.js","246","method_or_function","switch","switch (action) {"
"CONNECTORS\ORION\connector.js","316","method_or_function","shutdown","shutdown() {"
"CONNECTORS\ORION\connector.js","317","method_or_function","if","if (this.db) {"
"CONNECTORS\Real\crmClient.js","5","class","CRMClient","class CRMClient {"
"CONNECTORS\Real\crmClient.js","7","method_or_function","constructor","constructor(apiKey, baseUrl) {"
"CONNECTORS\Real\crmClient.js","12","method_or_function","updateDeal","async updateDeal(deal) {"
"CONNECTORS\Real\gmailListener.js","6","class","GmailListener","class GmailListener {"
"CONNECTORS\Real\gmailListener.js","8","method_or_function","constructor","constructor(auth) {"
"CONNECTORS\Real\gmailListener.js","13","method_or_function","init","async init() {"
"CONNECTORS\Real\gmailListener.js","22","method_or_function","pollInbox","async pollInbox() {"
"CONNECTORS\Real\gmailListener.js","34","method_or_function","for","for (const msg of messages) {"
"CONNECTORS\Real\instantlyClient.js","5","class","InstantlyClient","class InstantlyClient {"
"CONNECTORS\Real\instantlyClient.js","7","method_or_function","constructor","constructor(apiKey) {"
"CONNECTORS\Real\instantlyClient.js","11","method_or_function","sendEmail","async sendEmail(to, subject, body) {"
"CONNECTORS\WEBSITE\website.js","10","function","now","function now() {"
"CONNECTORS\WEBSITE\website.js","14","function","fetchUrl","function fetchUrl(url, timeoutMs = 15000) {"
"CONNECTORS\WEBSITE\website.js","62","function","extractTag","function extractTag(html, tag) {"
"CONNECTORS\WEBSITE\website.js","69","function","extractMetaDescription","function extractMetaDescription(html) {"
"CONNECTORS\WEBSITE\website.js","76","function","contains","function contains(html, list = []) {"
"CONNECTORS\WEBSITE\website.js","87","async function","auditWebsite","async function auditWebsite(url = DEFAULT_URL) {"
"CONNECTORS\WEBSITE_B12\controller.js","7","async function","main","async function main() {"
"CONNECTORS\WEBSITE_B12\modules\audit.js","4","function","readChangeQueue","function readChangeQueue() {"
"CONNECTORS\WEBSITE_B12\modules\audit.js","14","function","writeAudit","function writeAudit(session, screenshot) {"
"CONNECTORS\WEBSITE_B12\modules\browser.js","3","async function","launchBrowser","async function launchBrowser() {"
"CONNECTORS\WEBSITE_B12\modules\logger.js","4","function","log","function log(action, result, notes = '') {"
"CONNECTORS\WEBSITE_B12\modules\screenshots.js","5","async function","capture","async function capture(page, prefix = 'b12') {"
"CONNECTORS\WEBSITE_B12\modules\session.js","1","async function","detectSession","async function detectSession(page) {"
"WORKERS\atlasWorker.js","5","function","runAtlas","function runAtlas() {"
"WORKERS\atlasWorker.js","14","method_or_function","if","if (report.architecture.drift.length > 0) {"
"WORKERS\atlasWorker.js","18","method_or_function","for","for (const d of report.architecture.drift) {"
"WORKERS\commandWorker.js","7","function","runCommandWorker","function runCommandWorker() {"
"WORKERS\cooWorker.js","25","method_or_function","if","if (typeof coo.runOnce === ""function"") {"
"WORKERS\dispatcherWorker.js","7","function","bootstrapSelfDevelopmentMission","function bootstrapSelfDevelopmentMission() {"
"DIGITAL_COO\SegmentRegistry.js","21","function","now","function now() {"
"DIGITAL_COO\SegmentRegistry.js","25","function","ensureDir","function ensureDir(dir) {"
"DIGITAL_COO\SegmentRegistry.js","29","function","safeStat","function safeStat(file) {"
"DIGITAL_COO\SegmentRegistry.js","37","function","shouldIncludeCsv","function shouldIncludeCsv(file) {"
"DIGITAL_COO\SegmentRegistry.js","57","function","readHeader","function readHeader(file, sizeBytes) {"
"DIGITAL_COO\SegmentRegistry.js","72","function","countRowsIfSmall","function countRowsIfSmall(file, sizeBytes) {"
"DIGITAL_COO\SegmentRegistry.js","84","function","classify","function classify(file, name, headers) {"
"DIGITAL_COO\SegmentRegistry.js","110","function","scanFiles","function scanFiles() {"
"DIGITAL_COO\SegmentRegistry.js","114","method_or_function","for","for (const root of SEGMENT_ROOTS) {"
"DIGITAL_COO\SegmentRegistry.js","119","method_or_function","while","while (stack.length) {"
"DIGITAL_COO\SegmentRegistry.js","129","method_or_function","for","for (const item of items) {"
"DIGITAL_COO\SegmentRegistry.js","185","function","buildSegmentRegistry","function buildSegmentRegistry() {"
"DIGITAL_COO\Marketing\MarketingCOO.js","24","function","now","function now() {"
"DIGITAL_COO\Marketing\MarketingCOO.js","28","function","ensureDir","function ensureDir(dir) {"
"DIGITAL_COO\Marketing\MarketingCOO.js","32","function","writeJson","function writeJson(file, data) {"
"DIGITAL_COO\Marketing\MarketingCOO.js","37","function","safeStat","function safeStat(file) {"
"DIGITAL_COO\Marketing\MarketingCOO.js","45","function","readCsvMetadata","function readCsvMetadata(file) {"
"DIGITAL_COO\Marketing\MarketingCOO.js","67","method_or_function","if","if (stat.size <= MAX_FULL_READ_BYTES) {"
"DIGITAL_COO\Marketing\MarketingCOO.js","96","function","classifySegment","function classifySegment(file, name, headers) {"
"DIGITAL_COO\Marketing\MarketingCOO.js","122","function","shouldIncludeCsv","function shouldIncludeCsv(file) {"
"DIGITAL_COO\Marketing\MarketingCOO.js","142","function","scanSegments","function scanSegments() {"
"DIGITAL_COO\Marketing\MarketingCOO.js","146","method_or_function","for","for (const root of PATHS.segmentRoots) {"
"DIGITAL_COO\Marketing\MarketingCOO.js","151","method_or_function","while","while (stack.length) {"
"DIGITAL_COO\Marketing\MarketingCOO.js","162","method_or_function","for","for (const item of items) {"
"DIGITAL_COO\Marketing\MarketingCOO.js","218","async function","readInstantly","async function readInstantly() {"
"DIGITAL_COO\Marketing\MarketingCOO.js","250","function","matchSegmentsToCampaigns","function matchSegmentsToCampaigns(segments, campaigns) {"
"DIGITAL_COO\Marketing\MarketingCOO.js","274","function","createMarketingWork","function createMarketingWork({ instantly, segments }) {"
"DIGITAL_COO\Marketing\MarketingCOO.js","277","method_or_function","if","if (!instantly.ok) {"
"DIGITAL_COO\Marketing\MarketingCOO.js","287","method_or_function","if","if (instantly.paused > instantly.active) {"
"DIGITAL_COO\Marketing\MarketingCOO.js","341","async function","runMarketingCOO","async function runMarketingCOO() {"
"DIGITAL_COO\Marketing\MarketingCOO.js","349","method_or_function","for","for (const item of work) {"
"DIGITAL_COO\Marketing\SegmentImporter.js","18","function","now","function now() {"
"DIGITAL_COO\Marketing\SegmentImporter.js","22","function","safeStat","function safeStat(file) {"
"DIGITAL_COO\Marketing\SegmentImporter.js","30","function","shouldIncludeCsv","function shouldIncludeCsv(file) {"
"DIGITAL_COO\Marketing\SegmentImporter.js","50","function","readHeaders","function readHeaders(file, sizeBytes) {"
"DIGITAL_COO\Marketing\SegmentImporter.js","65","function","countRowsIfSmall","function countRowsIfSmall(file, sizeBytes) {"
"DIGITAL_COO\Marketing\SegmentImporter.js","77","function","classify","function classify(file, name, headers) {"
"DIGITAL_COO\Marketing\SegmentImporter.js","103","function","scanSegments","function scanSegments() {"
"DIGITAL_COO\Marketing\SegmentImporter.js","107","method_or_function","for","for (const root of SEGMENT_ROOTS) {"
"DIGITAL_COO\Marketing\SegmentImporter.js","112","method_or_function","while","while (stack.length) {"
"DIGITAL_COO\Marketing\SegmentImporter.js","122","method_or_function","for","for (const item of items) {"
"DIGITAL_COO\Marketing\SegmentImporter.js","173","function","importSegments","function importSegments() {"
"DIGITAL_COO\Marketing\SegmentImporter.js","176","method_or_function","for","for (const segment of segments) {"
"DIGITAL_COO\Marketing\CampaignImporter.js","5","async function","importCampaigns","async function importCampaigns() {"
"DIGITAL_COO\Marketing\CampaignImporter.js","20","method_or_function","for","for (const c of campaigns) {"
"DIGITAL_COO\Marketing\MarketingAssignmentEngine.js","5","function","normalize","function normalize(text) {"
"DIGITAL_COO\Marketing\MarketingAssignmentEngine.js","9","function","parsePayload","function parsePayload(row) {"
"DIGITAL_COO\Marketing\MarketingAssignmentEngine.js","17","function","getRows","function getRows(table) {"
"DIGITAL_COO\Marketing\MarketingAssignmentEngine.js","18","method_or_function","if","if (store.mode !== ""sqlite"") {"
"DIGITAL_COO\Marketing\MarketingAssignmentEngine.js","25","function","matchCampaign","function matchCampaign(segment, campaigns) {"
"DIGITAL_COO\Marketing\MarketingAssignmentEngine.js","43","function","updateSegmentAssignment","function updateSegmentAssignment(segmentId, campaign) {"
"DIGITAL_COO\Marketing\MarketingAssignmentEngine.js","62","function","runAssignmentEngine","function runAssignmentEngine() {"
"DIGITAL_COO\Marketing\MarketingAssignmentEngine.js","76","method_or_function","for","for (const segment of segments) {"
"DIGITAL_COO\Marketing\MarketingAssignmentEngine.js","79","method_or_function","if","if (campaign) {"
"DIGITAL_COO\Marketing\MarketingAssignmentEngine.js","93","method_or_function","if","if (!segment.verified || !segment.readyForUpload) {"
"DIGITAL_COO\Marketing\MarketingAssignmentEngine.js","114","method_or_function","if","if (pausedCampaigns.length > activeCampaigns.length) {"
"DIGITAL_COO\Marketing\MarketingIntelligenceEngine.js","8","function","parsePayload","function parsePayload(row) {"
"DIGITAL_COO\Marketing\MarketingIntelligenceEngine.js","12","function","getSegments","function getSegments() {"
"DIGITAL_COO\Marketing\MarketingIntelligenceEngine.js","16","function","readSample","function readSample(file) {"
"DIGITAL_COO\Marketing\MarketingIntelligenceEngine.js","29","function","detectColumns","function detectColumns(headers) {"
"DIGITAL_COO\Marketing\MarketingIntelligenceEngine.js","48","function","analyzeSegment","function analyzeSegment(row) {"
"DIGITAL_COO\Marketing\MarketingIntelligenceEngine.js","60","method_or_function","for","for (const line of lines) {"
"DIGITAL_COO\Marketing\MarketingIntelligenceEngine.js","90","method_or_function","if","if (!hasEmailEvidence) {"
"DIGITAL_COO\Marketing\MarketingIntelligenceEngine.js","122","function","updateSegment","function updateSegment(analysis) {"
"DIGITAL_COO\Marketing\MarketingIntelligenceEngine.js","147","function","runMarketingIntelligence","function runMarketingIntelligence() {"
"DIGITAL_COO\Marketing\DomainInboxImporter.js","60","function","ensureTables","function ensureTables() {"
"DIGITAL_COO\Marketing\DomainInboxImporter.js","61","method_or_function","if","if (store.mode !== ""sqlite"") {"
"DIGITAL_COO\Marketing\DomainInboxImporter.js","89","function","importDomainsAndInboxes","function importDomainsAndInboxes() {"
"DIGITAL_COO\Marketing\DomainInboxImporter.js","94","method_or_function","for","for (const d of domains) {"
"DIGITAL_COO\Marketing\DomainInboxImporter.js","109","method_or_function","for","for (const i of inboxes) {"
"DIGITAL_COO\Marketing\MarketingCapacityPlanner.js","5","function","rows","function rows(table) {"
"DIGITAL_COO\Marketing\MarketingCapacityPlanner.js","9","function","parse","function parse(row) {"
"DIGITAL_COO\Marketing\MarketingCapacityPlanner.js","17","function","normalizeStatus","function normalizeStatus(value) {"
"DIGITAL_COO\Marketing\MarketingCapacityPlanner.js","21","function","buildCapacityPlan","function buildCapacityPlan() {"
"DIGITAL_COO\Marketing\MarketingCapacityPlanner.js","98","method_or_function","if","if (pausedCampaigns.length > activeCampaigns.length) {"
"DIGITAL_COO\Marketing\MarketingCapacityPlanner.js","112","method_or_function","if","if (recommendedQueue.length > 0) {"
"DIGITAL_COO\Marketing\MarketingUploadQueueEngine.js","6","class","MarketingUploadQueueEngine","class MarketingUploadQueueEngine {"
"DIGITAL_COO\Marketing\MarketingUploadQueueEngine.js","7","method_or_function","constructor","constructor() {"
"DIGITAL_COO\Marketing\MarketingUploadQueueEngine.js","11","method_or_function","normalize","normalize(value) {"
"DIGITAL_COO\Marketing\MarketingUploadQueueEngine.js","15","method_or_function","upper","upper(value) {"
"DIGITAL_COO\Marketing\MarketingUploadQueueEngine.js","19","method_or_function","number","number(value, fallback = 0) {"
"DIGITAL_COO\Marketing\MarketingUploadQueueEngine.js","24","method_or_function","payload","payload(row) {"
"DIGITAL_COO\Marketing\MarketingUploadQueueEngine.js","29","method_or_function","getSegmentEmailCount","getSegmentEmailCount(segment) {"
"DIGITAL_COO\Marketing\MarketingUploadQueueEngine.js","43","method_or_function","isSegmentReady","isSegmentReady(segment) {"
"DIGITAL_COO\Marketing\MarketingUploadQueueEngine.js","63","method_or_function","getCampaignDomain","getCampaignDomain(campaign) {"
"DIGITAL_COO\Marketing\MarketingUploadQueueEngine.js","75","method_or_function","getFallbackAllocations","getFallbackAllocations() {"
"DIGITAL_COO\Marketing\MarketingUploadQueueEngine.js","104","method_or_function","getAllocations","getAllocations() {"
"DIGITAL_COO\Marketing\MarketingUploadQueueEngine.js","107","method_or_function","if","if (!plan) {"
"DIGITAL_COO\Marketing\MarketingUploadQueueEngine.js","126","method_or_function","alreadyQueued","alreadyQueued(segmentId, campaignId) {"
"DIGITAL_COO\Marketing\MarketingUploadQueueEngine.js","143","method_or_function","createApproval","createApproval(queueId, segment, allocation, requestedUploadCount) {"
"DIGITAL_COO\Marketing\MarketingUploadQueueEngine.js","161","method_or_function","run","run() {"
"DIGITAL_COO\Marketing\MarketingUploadQueueEngine.js","172","method_or_function","for","for (const allocation of allocations) {"
"DIGITAL_COO\Marketing\MarketingUploadQueueEngine.js","173","method_or_function","if","if (!allocation.campaignId) {"
"DIGITAL_COO\Marketing\MarketingUploadQueueEngine.js","180","method_or_function","if","if (recommendedUploadCount <= 0) {"
"DIGITAL_COO\Marketing\MarketingUploadQueueEngine.js","189","method_or_function","if","if (!segment) {"
"DIGITAL_COO\Marketing\RunMarketingUploadQueueEngine.js","5","function","main","function main() {"
"DIGITAL_COO\Engineering\EngineeringCOO.js","1","class","EngineeringCOO","class EngineeringCOO {"
"DIGITAL_COO\Engineering\EngineeringCOO.js","3","method_or_function","constructor","constructor() {"
"DIGITAL_COO\Engineering\EngineeringCOO.js","21","method_or_function","getDashboard","getDashboard() {"
"DIGITAL_COO\Engineering\EngineeringCOO.js","43","method_or_function","registerProject","registerProject(project){"
"DIGITAL_COO\Engineering\EngineeringCOO.js","49","method_or_function","approve","approve(item){"
"DIGITAL_COO\Engineering\EngineeringPlanner.js","1","class","EngineeringPlanner","class EngineeringPlanner {"
"DIGITAL_COO\Engineering\EngineeringPlanner.js","3","method_or_function","constructor","constructor() {"
"DIGITAL_COO\Engineering\EngineeringPlanner.js","15","method_or_function","addWork","addWork(workItem){"
"DIGITAL_COO\Engineering\EngineeringPlanner.js","23","method_or_function","prioritize","prioritize(){"
"DIGITAL_COO\Engineering\EngineeringPlanner.js","33","method_or_function","buildSprint","buildSprint(maxItems = 10){"
"DIGITAL_COO\Engineering\EngineeringPlanner.js","49","method_or_function","queueReady","queueReady(){"
"DIGITAL_COO\Engineering\EngineeringPlanner.js","61","method_or_function","getStatus","getStatus(){"
"DIGITAL_COO\Engineering\EngineeringAssignmentEngine.js","1","class","EngineeringAssignmentEngine","class EngineeringAssignmentEngine {"
"DIGITAL_COO\Engineering\EngineeringAssignmentEngine.js","3","method_or_function","constructor","constructor() {"
"DIGITAL_COO\Engineering\EngineeringAssignmentEngine.js","20","method_or_function","assign","assign(workItem) {"
"DIGITAL_COO\Engineering\EngineeringAssignmentEngine.js","63","method_or_function","getAssignments","getAssignments() {"
"DIGITAL_COO\Engineering\EngineeringCapacityPlanner.js","1","class","EngineeringCapacityPlanner","class EngineeringCapacityPlanner {"
"DIGITAL_COO\Engineering\EngineeringCapacityPlanner.js","3","method_or_function","constructor","constructor() {"
"DIGITAL_COO\Engineering\EngineeringCapacityPlanner.js","13","method_or_function","setAvailableWorkers","setAvailableWorkers(count) {"
"DIGITAL_COO\Engineering\EngineeringCapacityPlanner.js","19","method_or_function","registerProject","registerProject(project) {"
"DIGITAL_COO\Engineering\EngineeringCapacityPlanner.js","25","method_or_function","getCapacity","getCapacity() {"
"DIGITAL_COO\Engineering\EngineeringCapacityPlanner.js","41","method_or_function","canAcceptProject","canAcceptProject() {"
"DIGITAL_COO\Engineering\EngineeringCapacityPlanner.js","47","method_or_function","recommendAction","recommendAction() {"
"DIGITAL_COO\Engineering\EngineeringCapacityPlanner.js","51","method_or_function","if","if (capacity.utilization >= 90) {"
"DIGITAL_COO\Engineering\EngineeringCapacityPlanner.js","60","method_or_function","if","if (capacity.utilization >= 70) {"
"DIGITAL_COO\Engineering\EngineeringRegistry.js","1","class","EngineeringRegistry","class EngineeringRegistry {"
"DIGITAL_COO\Engineering\EngineeringRegistry.js","3","method_or_function","constructor","constructor() {"
"DIGITAL_COO\Engineering\EngineeringRegistry.js","17","method_or_function","registerProject","registerProject(project) {"
"DIGITAL_COO\Engineering\EngineeringRegistry.js","27","method_or_function","registerFeature","registerFeature(feature) {"
"DIGITAL_COO\Engineering\EngineeringRegistry.js","37","method_or_function","registerBug","registerBug(bug) {"
"DIGITAL_COO\Engineering\EngineeringRegistry.js","47","method_or_function","registerRelease","registerRelease(release) {"
"DIGITAL_COO\Engineering\EngineeringRegistry.js","57","method_or_function","registerTechnicalDebt","registerTechnicalDebt(item) {"
"DIGITAL_COO\Engineering\EngineeringRegistry.js","67","method_or_function","getSummary","getSummary() {"
"DIGITAL_COO\Engineering\RunEngineeringCOO.js","7","class","RunEngineeringCOO","class RunEngineeringCOO {"
"DIGITAL_COO\Engineering\RunEngineeringCOO.js","9","method_or_function","constructor","constructor() {"
"DIGITAL_COO\Engineering\RunEngineeringCOO.js","23","method_or_function","status","status() {"
"DIGITAL_COO\Engineering\RunEngineeringCOO.js","43","method_or_function","if","if (require.main === module) {"
"DIGITAL_COO\Engineering\EngineeringProjectQueue.js","1","class","EngineeringProjectQueue","class EngineeringProjectQueue {"
"DIGITAL_COO\Engineering\EngineeringProjectQueue.js","3","method_or_function","constructor","constructor() {"
"DIGITAL_COO\Engineering\EngineeringProjectQueue.js","7","method_or_function","add","add(project) {"
"DIGITAL_COO\Engineering\EngineeringProjectQueue.js","21","method_or_function","next","next() {"
"DIGITAL_COO\Engineering\EngineeringProjectQueue.js","25","method_or_function","start","start(id) {"
"DIGITAL_COO\Engineering\EngineeringProjectQueue.js","36","method_or_function","complete","complete(id) {"
"DIGITAL_COO\Engineering\EngineeringProjectQueue.js","50","method_or_function","dashboard","dashboard() {"
"DIGITAL_COO\Engineering\EngineeringOrchestrator.js","8","class","EngineeringOrchestrator","class EngineeringOrchestrator {"
"DIGITAL_COO\Engineering\EngineeringOrchestrator.js","10","method_or_function","constructor","constructor(queue) {"
"DIGITAL_COO\Engineering\EngineeringOrchestrator.js","22","method_or_function","processNext","processNext(){"
"DIGITAL_COO\Engineering\EngineeringOrchestrator.js","28","method_or_function","if","if (!nextProject){"
"DIGITAL_COO\Engineering\EngineeringOrchestrator.js","50","method_or_function","if","if (!sprint.length){"
"DIGITAL_COO\Engineering\EngineeringWorkerBridge.js","5","class","EngineeringWorkerBridge","class EngineeringWorkerBridge {"
"DIGITAL_COO\Engineering\EngineeringWorkerBridge.js","7","method_or_function","constructor","constructor() {"
"DIGITAL_COO\Engineering\EngineeringWorkerBridge.js","14","method_or_function","dispatch","dispatch(project) {"
"DIGITAL_COO\Engineering\EngineeringWorkerBridge.js","53","method_or_function","history","history(){"
"DIGITAL_COO\Engineering\EngineeringMissionAdapter.js","5","class","EngineeringMissionAdapter","class EngineeringMissionAdapter {"
"DIGITAL_COO\Engineering\EngineeringMissionAdapter.js","8","method_or_function","submitProject","submitProject(project) {"
"DIGITAL_COO\Engineering\EngineeringDepartment.js","7","class","EngineeringDepartment","class EngineeringDepartment {"
"DIGITAL_COO\Engineering\EngineeringDepartment.js","10","method_or_function","constructor","constructor(){"
"DIGITAL_COO\Engineering\EngineeringDepartment.js","18","method_or_function","status","status(){"
"DIGITAL_COO\Engineering\EngineeringDepartment.js","31","method_or_function","acceptMission","acceptMission(project){"
"TESTS\TESTSTest_InstantlyCampaignOperator.js","5","async function","run","async function run() {"
"TESTS\Test_BrowserSessionEnroller.js","5","async function","run","async function run() {"
"TESTS\Test_BrowserSessionManager.js","5","async function","run","async function run() {"
"TESTS\Test_Build017_ProviderRouter.js","5","async function","run","async function run() {"
"TESTS\Test_Build019_AutonomousExecution.js","5","async function","run","async function run() {"
"TESTS\Test_Build021_EventDrivenExecution.js","6","async function","run","async function run() {"
"TESTS\Test_InstantlyCampaignOperator.js","34","method_or_function","if","if (result.errors?.length) {"
"TESTS\Test_InstantlyWorker.js","5","async function","run","async function run() {"
"TESTS\Test_InstantlyWorker.js","23","method_or_function","if","if (result.approvalRequest) {"
"TESTS\Test_MissionPack1_Discovery.js","5","async function","run","async function run() {"
"TESTS\Test_Sprint2_Planning.js","88","method_or_function","if","if (packages.length > 0) {"
"TESTS\test_workforce_execution.js","5","async function","main","async function main() {"
"TESTS\TestWorkerExecutionBridge.js","15","method_or_function","execute","execute(task){"
"TESTS\TestWorkerRegistry.js","11","method_or_function","execute","execute(task){"
"TESTS\TestWorkerRegistry.js","26","method_or_function","execute","execute(task){"
"TESTS\TestExecutiveMissionRouter.js","17","method_or_function","status","status(){"
"TESTS\TestExecutiveToEngineeringFlow.js","34","method_or_function","if","if(result.status === ""ROUTED""){"
"TESTS\Test_Build043_MissionCapabilityResolver.js","21","method_or_function","if","if(!result.ok){"
"TESTS\Test_Build044_WorkerSelector.js","10","method_or_function","execute","execute() {"
"TESTS\Test_Build045_WorkerContract.js","7","class","MockWorker","class MockWorker extends WorkerContract {"
"TESTS\Test_Build045_WorkerContract.js","8","method_or_function","constructor","constructor() {"
"TESTS\Test_Build045_WorkerContract.js","12","method_or_function","execute","execute(mission) {"
"TESTS\Test_Build046_BusinessWorker.js","8","class","MockBrowserWorker","class MockBrowserWorker extends BusinessWorker {"
"TESTS\Test_Build046_BusinessWorker.js","10","method_or_function","constructor","constructor() {"
"TESTS\Test_Build046_RuntimeActivationAudit.js","15","method_or_function","for","for (const row of result.results) {"
"TESTS\Test_Build047_InstantlyInventoryCheck.js","39","method_or_function","for","for (const row of results) {"
"TESTS\Test_Build047_InstantlyInventoryCheck.js","50","method_or_function","if","if (missing > 0) {"
"TESTS\Test_Build047_RuntimeWiring.js","3","function","check","function check(name, loader) {"
"TESTS\Test_Build047_RuntimeWiring.js","87","method_or_function","if","if (failed === 0) {"
"TESTS\Test_Build048_EndToEndMissionTrace.js","5","function","step","function step(name, fn) {"
"TESTS\Test_Build048_EndToEndMissionTrace.js","47","method_or_function","execute","execute(mission){"
"TESTS\Test_Build048_EndToEndMissionTrace.js","110","method_or_function","for","for(const item of trace){"
"TESTS\Test_Build049_InstantlyWorkerTrace.js","5","function","log","function log(step, ok, detail = null) {"
"TESTS\Test_Build049_InstantlyWorkerTrace.js","23","method_or_function","if","if (typeof InstantlyCOOWorker === ""function"") {"
"TESTS\Test_Build049_InstantlyWorkerTrace.js","47","method_or_function","if","if (!resolved.ok) {"
"TESTS\Test_Build049_InstantlyWorkerTrace.js","62","method_or_function","if","if (!selected.ok || !selected.worker) {"
"TESTS\Test_Build049_InstantlyWorkerTrace.js","68","method_or_function","if","if (typeof selected.worker.execute !== ""function"") {"
"TESTS\Test_Build049_InstantlyWorkerTrace.js","80","method_or_function","for","for (const row of trace) {"
"TESTS\Test_Build049_InstantlyCOOWorkerExecution.js","11","method_or_function","if","if (typeof InstantlyCOOWorker === ""function"") {"
"TESTS\Test_Build049_InstantlyCOOWorkerExecution.js","43","method_or_function","if","if (!result.ok) {"
"TESTS\Test_BUILD050_InstantlyLiveConnector.js","33","method_or_function","if","if (result.summary.credentialsPresent) {"
"TESTS\Test_BUILD051_EnvironmentAudit.js","21","method_or_function","if","if (process.env.INSTANTLY_API_KEY) {"
"TESTS\Test_BUILD051_ListCampaigns.js","24","method_or_function","if","if (!result.ok) {"
"TESTS\Test_BUILD052_CampaignIntelligence.js","22","method_or_function","for","for (const campaign of items) {"
"TESTS\Test_BUILD053_CampaignInventory.js","21","method_or_function","for","for (const campaign of result.inventory) {"
"TESTS\Test_BUILD054_ExecutiveAdvisor.js","30","method_or_function","for","for(const rec of result.recommendations){"
"TESTS\Test_BUILD054_ExecutiveAdvisor.js","46","method_or_function","if","if(rec.actions){"
"TESTS\Test_BUILD056_RuntimeConsolidationAudit.js","24","method_or_function","if","if (!result.ok) {"
"_REFERENCE\MILES_OS_v1\CONNECTORS\ORION\OrionConnector.js","6","class","OrionConnector","class OrionConnector {"
"_REFERENCE\MILES_OS_v1\CONNECTORS\ORION\OrionConnector.js","7","method_or_function","constructor","constructor() {"
"_REFERENCE\MILES_OS_v1\CONNECTORS\ORION\OrionConnector.js","13","method_or_function","connect","connect() {"
"_REFERENCE\MILES_OS_v1\CONNECTORS\ORION\OrionConnector.js","26","method_or_function","count","count(tableName) {"
"_REFERENCE\MILES_OS_v1\CONNECTORS\ORION\OrionConnector.js","38","method_or_function","health","health() {"
"_REFERENCE\MILES_OS_v1\CONNECTORS\WEBSITE_B12\controller.js","7","async function","main","async function main() {"
"_REFERENCE\MILES_OS_v1\CONNECTORS\WEBSITE_B12\modules\audit.js","4","function","readChangeQueue","function readChangeQueue() {"
"_REFERENCE\MILES_OS_v1\CONNECTORS\WEBSITE_B12\modules\audit.js","14","function","writeAudit","function writeAudit(session, screenshot) {"
"_REFERENCE\MILES_OS_v1\CONNECTORS\WEBSITE_B12\modules\browser.js","3","async function","launchBrowser","async function launchBrowser() {"
"_REFERENCE\MILES_OS_v1\CONNECTORS\WEBSITE_B12\modules\logger.js","4","function","log","function log(action, result, notes = '') {"
"_REFERENCE\MILES_OS_v1\CONNECTORS\WEBSITE_B12\modules\screenshots.js","5","async function","capture","async function capture(page, prefix = 'b12') {"
"_REFERENCE\MILES_OS_v1\CONNECTORS\WEBSITE_B12\modules\session.js","1","async function","detectSession","async function detectSession(page) {"
"_REFERENCE\MILES_OS_v1\CORE\authority.js","1","function","isProtectedOutboundDomain","function isProtectedOutboundDomain(text) {"
"_REFERENCE\MILES_OS_v1\CORE\authority.js","5","function","requiresApproval","function requiresApproval(system, action) {"
"_REFERENCE\MILES_OS_v1\CORE\Database.js","5","class","MilesDatabase","class MilesDatabase {"
"_REFERENCE\MILES_OS_v1\CORE\Database.js","6","method_or_function","constructor","constructor() {"
"_REFERENCE\MILES_OS_v1\CORE\Database.js","20","method_or_function","initialize","initialize() {"
"_REFERENCE\MILES_OS_v1\CORE\Database.js","50","method_or_function","get","get() {"
"_REFERENCE\MILES_OS_v1\CORE\logger.js","7","function","ensureLog","function ensureLog() {"
"_REFERENCE\MILES_OS_v1\CORE\logger.js","13","function","log","function log(system, action, result, notes = '') {"
"_REFERENCE\MILES_OS_v1\CORE\miles.js","9","function","parseCsvSimple","function parseCsvSimple(text) {"
"_REFERENCE\MILES_OS_v1\CORE\miles.js","18","function","csvEscape","function csvEscape(v) {"
"_REFERENCE\MILES_OS_v1\CORE\miles.js","23","function","main","function main() {"
"_REFERENCE\MILES_OS_v1\CORE\Kernel\EventBus.js","3","class","EventBus","class EventBus extends EventEmitter {"
"_REFERENCE\MILES_OS_v1\CORE\Kernel\EventBus.js","4","method_or_function","emitEvent","emitEvent(eventName, payload = {}) {"
"_REFERENCE\MILES_OS_v1\CORE\Kernel\EventBus.js","17","method_or_function","onAny","onAny(handler) {"
"_REFERENCE\MILES_OS_v1\CORE\Kernel\HealthMonitor.js","4","class","HealthMonitor","class HealthMonitor {"
"_REFERENCE\MILES_OS_v1\CORE\Kernel\HealthMonitor.js","5","method_or_function","constructor","constructor() {"
"_REFERENCE\MILES_OS_v1\CORE\Kernel\HealthMonitor.js","10","method_or_function","start","start() {"
"_REFERENCE\MILES_OS_v1\CORE\Kernel\HealthMonitor.js","20","method_or_function","check","check() {"
"_REFERENCE\MILES_OS_v1\CORE\Kernel\HealthMonitor.js","30","method_or_function","getSnapshot","getSnapshot() {"
"_REFERENCE\MILES_OS_v1\CORE\Kernel\HealthMonitor.js","34","method_or_function","stop","stop() {"
"_REFERENCE\MILES_OS_v1\CORE\Kernel\HealthMonitor.js","35","method_or_function","if","if (this.interval) {"
"_REFERENCE\MILES_OS_v1\CORE\Kernel\MilesKernel.js","6","class","MilesKernel","class MilesKernel {"
"_REFERENCE\MILES_OS_v1\CORE\Kernel\MilesKernel.js","7","method_or_function","start","start() {"
"_REFERENCE\MILES_OS_v1\CORE\Kernel\ServiceRegistry.js","1","class","ServiceRegistry","class ServiceRegistry {"
"_REFERENCE\MILES_OS_v1\CORE\Kernel\ServiceRegistry.js","2","method_or_function","constructor","constructor() {"
"_REFERENCE\MILES_OS_v1\CORE\Kernel\ServiceRegistry.js","6","method_or_function","register","register(name, service) {"
"_REFERENCE\MILES_OS_v1\CORE\Kernel\ServiceRegistry.js","16","method_or_function","get","get(name) {"
"_REFERENCE\MILES_OS_v1\CORE\Kernel\ServiceRegistry.js","20","method_or_function","exists","exists(name) {"
"_REFERENCE\MILES_OS_v1\CORE\Kernel\ServiceRegistry.js","24","method_or_function","list","list() {"
"_REFERENCE\MILES_OS_v1\CORE\Kernel\ServiceRegistry.js","28","method_or_function","health","health() {"
"_REFERENCE\MILES_OS_v1\DASHBOARD\ExecutiveDashboard.js","5","function","fmt","function fmt(num) {"
"_REFERENCE\MILES_OS_v1\DASHBOARD\ExecutiveDashboard.js","10","class","ExecutiveDashboard","class ExecutiveDashboard {"
"_REFERENCE\MILES_OS_v1\DASHBOARD\ExecutiveDashboard.js","11","method_or_function","render","render() {"
"_REFERENCE\MILES_OS_v1\DASHBOARD\ExecutiveDashboard.js","54","method_or_function","if","if (tasks.length === 0) {"
"_REFERENCE\MILES_OS_v1\SERVICES\MemoryService.js","3","class","MemoryService","class MemoryService {"
"_REFERENCE\MILES_OS_v1\SERVICES\MemoryService.js","5","method_or_function","remember","remember(category, key, value) {"
"_REFERENCE\MILES_OS_v1\SERVICES\MemoryService.js","19","method_or_function","recall","recall(key) {"
"_REFERENCE\MILES_OS_v1\SERVICES\MemoryService.js","34","method_or_function","forget","forget(key) {"
"_REFERENCE\MILES_OS_v1\SERVICES\MemoryService.js","42","method_or_function","list","list(category = null) {"
"_REFERENCE\MILES_OS_v1\SERVICES\MemoryService.js","44","method_or_function","if","if (category) {"
"_REFERENCE\MILES_OS_v1\TASK_QUEUE\Engine\TaskEngine.js","1","class","TaskEngine","class TaskEngine {"
"_REFERENCE\MILES_OS_v1\TASK_QUEUE\Engine\TaskEngine.js","2","method_or_function","constructor","constructor() {"
"_REFERENCE\MILES_OS_v1\TASK_QUEUE\Engine\TaskEngine.js","6","method_or_function","addTask","addTask(task) {"
"_REFERENCE\MILES_OS_v1\TASK_QUEUE\Engine\TaskEngine.js","20","method_or_function","listTasks","listTasks() {"
"_LEGACY_BUILDS\build006_patch\APPLY_BUILD_006.ps1","9","method_or_function","foreach","foreach ($item in $items) {"
"_LEGACY_BUILDS\build006_patch\APPLY_BUILD_006.ps1","11","method_or_function","if","if (Test-Path $src) { Copy-Item $src -Destination $backup -Recurse -Force }"
"_LEGACY_BUILDS\build006_patch\payload\StartMiles.js","30","function","connectorDiscovery","function connectorDiscovery(){"
"_LEGACY_BUILDS\build006_patch\payload\StartMiles.js","35","function","runtimeStatus","function runtimeStatus(){"
"_LEGACY_BUILDS\build006_patch\payload\SERVICES\OutboundService.js","4","function","ensureDir","function ensureDir(p){ if(!fs.existsSync(p)) fs.mkdirSync(p,{recursive:true}); }"
"_LEGACY_BUILDS\build006_patch\payload\SERVICES\OutboundService.js","5","function","csvEscape","function csvEscape(v){ const s = String(v ?? ''); return /["",\n]/.test(s) ? '""'+s.replace(/""/g,'""""')+'""' : s; }"
"_LEGACY_BUILDS\build006_patch\payload\SERVICES\OutboundService.js","6","function","writeCsv","function writeCsv(file, rows, headers){"
"_LEGACY_BUILDS\build006_patch\payload\SERVICES\OutboundService.js","11","function","readCsv","function readCsv(file){"
"_LEGACY_BUILDS\build006_patch\payload\SERVICES\OutboundService.js","21","function","parseCsvLine","function parseCsvLine(line){"
"_LEGACY_BUILDS\build006_patch\payload\SERVICES\OutboundService.js","23","method_or_function","for","for(let i=0;i<line.length;i++){"
"_LEGACY_BUILDS\build006_patch\payload\SERVICES\OutboundService.js","25","method_or_function","if","if(ch==='""') { if(q && line[i+1]==='""'){cur+='""'; i++;} else q=!q; }"
"_LEGACY_BUILDS\build006_patch\payload\SERVICES\OutboundService.js","32","class","OutboundService","class OutboundService {"
"_LEGACY_BUILDS\build006_patch\payload\SERVICES\OutboundService.js","33","method_or_function","constructor","constructor(root){"
"_LEGACY_BUILDS\build006_patch\payload\SERVICES\OutboundService.js","38","method_or_function","init","init(){"
"_LEGACY_BUILDS\build006_patch\payload\SERVICES\OutboundService.js","43","method_or_function","seedRegistries","seedRegistries(){"
"_LEGACY_BUILDS\build006_patch\payload\SERVICES\OutboundService.js","111","method_or_function","status","status(){"
"_LEGACY_BUILDS\build006_patch\payload\SERVICES\OutboundService.js","126","method_or_function","nextActions","nextActions(){"
"_LEGACY_BUILDS\build006_patch\payload\SERVICES\OutboundService.js","136","method_or_function","reportMarkdown","reportMarkdown(){"
"_LEGACY_BUILDS\BUILDER\ArchitectureDiscovery.js","9","function","readText","function readText(relPath) {"
"_LEGACY_BUILDS\BUILDER\ArchitectureDiscovery.js","17","function","componentId","function componentId(filePath) {"
"_LEGACY_BUILDS\BUILDER\ArchitectureDiscovery.js","21","function","classifyComponent","function classifyComponent(file) {"
"_LEGACY_BUILDS\BUILDER\ArchitectureDiscovery.js","41","function","extractDependencies","function extractDependencies(text) {"
"_LEGACY_BUILDS\BUILDER\ArchitectureDiscovery.js","51","method_or_function","for","for (const pattern of patterns) {"
"_LEGACY_BUILDS\BUILDER\ArchitectureDiscovery.js","60","function","extractEvents","function extractEvents(text) {"
"_LEGACY_BUILDS\BUILDER\ArchitectureDiscovery.js","77","method_or_function","for","for (const pattern of publishPatterns) {"
"_LEGACY_BUILDS\BUILDER\ArchitectureDiscovery.js","81","method_or_function","for","for (const pattern of subscribePatterns) {"
"_LEGACY_BUILDS\BUILDER\ArchitectureDiscovery.js","91","function","detectCapabilities","function detectCapabilities(file, text, types) {"
"_LEGACY_BUILDS\BUILDER\ArchitectureDiscovery.js","108","method_or_function","for","for (const [capability, terms] of rules) {"
"_LEGACY_BUILDS\BUILDER\ArchitectureDiscovery.js","121","function","detectGovernance","function detectGovernance(capabilities) {"
"_LEGACY_BUILDS\BUILDER\ArchitectureDiscovery.js","141","function","discover","function discover() {"
"_LEGACY_BUILDS\BUILDER\ArchitectureDiscovery.js","147","method_or_function","for","for (const file of jsFiles) {"
"_LEGACY_BUILDS\BUILDER\ArchitectureDiscovery.js","173","method_or_function","for","for (const component of components) {"
"_LEGACY_BUILDS\BUILDER\ArchitectureDiscovery.js","174","method_or_function","for","for (const capability of component.capabilities) {"
"_LEGACY_BUILDS\BUILDER\ArchitectureDiscovery.js","233","function","writeReport","function writeReport() {"
"_LEGACY_BUILDS\BUILDER\Build-Provider.ps1","26","method_or_function","if","if ($Connector -eq """") {"
"_LEGACY_BUILDS\BUILDER\Build-Provider.ps1","30","method_or_function","if","if ($Dependencies.Count -eq 0) {"
"_LEGACY_BUILDS\BUILDER\Build-Provider.ps1","34","method_or_function","if","if ($SourceSystems.Count -eq 0) {"
"_LEGACY_BUILDS\BUILDER\BuilderService.js","13","class","BuilderService","class BuilderService {"
"_LEGACY_BUILDS\BUILDER\BuilderService.js","14","method_or_function","scanProject","scanProject() {"
"_LEGACY_BUILDS\BUILDER\BuilderService.js","18","method_or_function","status","status() {"
"_LEGACY_BUILDS\BUILDER\BuilderService.js","26","method_or_function","smokeTest","smokeTest() {"
"_LEGACY_BUILDS\BUILDER\BuilderService.js","30","method_or_function","execute","async execute(task = {}) {"
"_LEGACY_BUILDS\BUILDER\BuilderService.js","195","method_or_function","if","if (!commands[action]) {"
"_LEGACY_BUILDS\BUILDER\BuilderService.previous.js","19","class","BuilderService","class BuilderService {"
"_LEGACY_BUILDS\BUILDER\BuilderService.previous.js","21","method_or_function","scanProject","scanProject() {"
"_LEGACY_BUILDS\BUILDER\BuilderService.previous.js","25","method_or_function","status","status() {"
"_LEGACY_BUILDS\BUILDER\BuilderService.previous.js","33","method_or_function","smokeTest","smokeTest() {"
"_LEGACY_BUILDS\BUILDER\BuilderService.previous.js","37","method_or_function","execute","async execute(task = {}) {"
"_LEGACY_BUILDS\BUILDER\BuilderService.previous.js","126","method_or_function","if","if (!commands[action]) {"
"_LEGACY_BUILDS\BUILDER\BuildPlanner.js","3","class","BuildPlanner","class BuildPlanner {"
"_LEGACY_BUILDS\BUILDER\BuildPlanner.js","4","method_or_function","run","run() {"
"_LEGACY_BUILDS\BUILDER\BuildPlanner.js","18","method_or_function","if","if (result.emptyFiles.length) {"
"_LEGACY_BUILDS\BUILDER\BuildPlanner.js","27","method_or_function","if","if (result.missingConnectors.length) {"
"_LEGACY_BUILDS\BUILDER\ConnectorBuilder.js","6","function","pascal","function pascal(name) {"
"_LEGACY_BUILDS\BUILDER\ConnectorBuilder.js","15","class","ConnectorBuilder","class ConnectorBuilder {"
"_LEGACY_BUILDS\BUILDER\ConnectorBuilder.js","16","method_or_function","run","run(task = {}) {"
"_LEGACY_BUILDS\BUILDER\ConnectorBuilder.js","19","method_or_function","if","if (!rawName) {"
"_LEGACY_BUILDS\BUILDER\ConnectorBuilder.js","37","method_or_function","initialize","async initialize() {"
"_LEGACY_BUILDS\BUILDER\ConnectorBuilder.js","41","method_or_function","healthCheck","async healthCheck() {"
"_LEGACY_BUILDS\BUILDER\ConnectorBuilder.js","51","method_or_function","execute","async execute(task = {}) {"
"_LEGACY_BUILDS\BUILDER\ConnectorBuilder.js","61","method_or_function","shutdown","async shutdown() {"
"_LEGACY_BUILDS\BUILDER\FileEditor.js","6","function","safePath","function safePath(relativePath) {"
"_LEGACY_BUILDS\BUILDER\FileEditor.js","14","function","read","function read(relativePath) {"
"_LEGACY_BUILDS\BUILDER\FileEditor.js","19","function","write","function write(relativePath, content) {"
"_LEGACY_BUILDS\BUILDER\FileEditor.js","26","function","exists","function exists(relativePath) {"
"_LEGACY_BUILDS\BUILDER\GitManager.js","6","function","run","function run(cmd) {"
"_LEGACY_BUILDS\BUILDER\GitManager.js","10","function","status","function status() {"
"_LEGACY_BUILDS\BUILDER\GitManager.js","12","method_or_function","catch","catch (e) { return e.message; }"
"_LEGACY_BUILDS\BUILDER\GitManager.js","15","function","currentBranch","function currentBranch() {"
"_LEGACY_BUILDS\BUILDER\GitManager.js","20","function","commit","function commit(message) {"
"_LEGACY_BUILDS\BUILDER\index.js","3","async function","main","async function main() {"
"_LEGACY_BUILDS\BUILDER\index.js","15","method_or_function","if","if (require.main === module) {"
"_LEGACY_BUILDS\BUILDER\ProjectAnalyzer.js","7","function","exists","function exists(rel) {"
"_LEGACY_BUILDS\BUILDER\ProjectAnalyzer.js","11","function","groupByBasename","function groupByBasename(files) {"
"_LEGACY_BUILDS\BUILDER\ProjectAnalyzer.js","13","method_or_function","for","for (const f of files) {"
"_LEGACY_BUILDS\BUILDER\ProjectAnalyzer.js","23","function","analyze","function analyze() {"
"_LEGACY_BUILDS\BUILDER\ProjectAnalyzer.js","70","method_or_function","if","if (emptyFiles.length) {"
"_LEGACY_BUILDS\BUILDER\ProjectAnalyzer.js","97","function","writeReport","function writeReport() {"
"_LEGACY_BUILDS\BUILDER\ProjectScanner.js","10","function","walk","function walk(dir, files = []) {"
"_LEGACY_BUILDS\BUILDER\ProjectScanner.js","20","function","classify","function classify(file) {"
"_LEGACY_BUILDS\BUILDER\ProjectScanner.js","30","function","scan","function scan() {"
"_LEGACY_BUILDS\BUILDER\ProjectScanner.js","56","function","writeReport","function writeReport() {"
"_LEGACY_BUILDS\BUILDER\RuntimeController.js","6","function","smokeTest","function smokeTest() {"
"_LEGACY_BUILDS\BUILD_007\SERVICES\SalesOperationsService.js","4","function","ensureDir","function ensureDir(p) { if (!fs.existsSync(p)) fs.mkdirSync(p, { recursive: true }); }"
"_LEGACY_BUILDS\BUILD_007\SERVICES\SalesOperationsService.js","5","function","csvEscape","function csvEscape(v) { return `""${String(v ?? '').replace(/""/g, '""""')}""`; }"
"_LEGACY_BUILDS\BUILD_007\SERVICES\SalesOperationsService.js","6","function","writeCsv","function writeCsv(file, rows, headers) {"
"_LEGACY_BUILDS\BUILD_007\SERVICES\SalesOperationsService.js","11","function","readCsv","function readCsv(file) {"
"_LEGACY_BUILDS\BUILD_007\SERVICES\SalesOperationsService.js","23","class","SalesOperationsService","class SalesOperationsService {"
"_LEGACY_BUILDS\BUILD_007\SERVICES\SalesOperationsService.js","32","method_or_function","initialize","initialize() {"
"_LEGACY_BUILDS\BUILD_007\SERVICES\SalesOperationsService.js","39","method_or_function","seedPipeline","seedPipeline() {"
"_LEGACY_BUILDS\BUILD_007\SERVICES\SalesOperationsService.js","48","method_or_function","rebuildTasks","rebuildTasks() {"
"_LEGACY_BUILDS\BUILD_007\SERVICES\SalesOperationsService.js","52","method_or_function","for","for (const p of pipeline) {"
"_LEGACY_BUILDS\BUILD_007\SERVICES\SalesOperationsService.js","65","method_or_function","writeReport","writeReport(pipeline, tasks) {"
"_LEGACY_BUILDS\BUILD_007\SERVICES\SalesOperationsService.js","88","method_or_function","status","status() { this.initializeFilesOnly(); return JSON.parse(fs.readFileSync(this.reportFile, 'utf8')); }"
"_LEGACY_BUILDS\BUILD_007\SERVICES\SalesOperationsService.js","89","method_or_function","initializeFilesOnly","initializeFilesOnly(){ ensureDir(this.salesDir); if(!fs.existsSync(this.pipelineFile)) this.seedPipeline(); if(!fs.existsSync(this.taskFile)) this.rebuildTasks(); if(!fs.existsSync(this.reportFile)) this.rebuildTasks(); }"
"_LEGACY_BUILDS\BUILD_007\SERVICES\SalesOperationsService.js","90","method_or_function","healthCheck","healthCheck(){ const r = this.status(); return { name:'Sales Operations', status:'active', health:r.health, activeOpportunities:r.activeOpportunities, followUpsDue:r.followUpsDue, pipelineValue:r.pipelineValue }; }"
"_LEGACY_BUILDS\BUILD_007\SERVICES\SalesOperationsService.js","92","function","today","function today(offset=0){ const d = new Date(); d.setDate(d.getDate()+offset); return d.toISOString().slice(0,10); }"
"_LEGACY_BUILDS\BUILD_007\SERVICES\SalesOperationsService.js","93","function","daysSince","function daysSince(iso){ if(!iso) return 999; return Math.floor((new Date()-new Date(iso))/(86400000)); }"
"_LEGACY_BUILDS\BUILD_007\SERVICES\SalesOperationsService.js","94","function","isDueTodayOrPast","function isDueTodayOrPast(iso){ if(!iso) return true; return new Date(iso+'T23:59:59') <= new Date(); }"
"_LEGACY_BUILDS\BUILD_007\SERVICES\SalesOperationsService.js","96","method_or_function","if","if (require.main === module) { const svc = new SalesOperationsService(process.cwd()); console.log(JSON.stringify(svc.initialize(), null, 2)); }"
"_LEGACY_BUILDS\BUILD_007\TESTS\sales_healthcheck.js","7","method_or_function","for","for (const f of required) {"
"_LEGACY_BUILDS\BUILD_012\BUILD_012\SERVICES\AutonomousCOOLoopService.js","8","class","AutonomousCOOLoopService","class AutonomousCOOLoopService {"
"_LEGACY_BUILDS\BUILD_012\BUILD_012\SERVICES\AutonomousCOOLoopService.js","9","method_or_function","constructor","constructor(options = {}) {"
"_LEGACY_BUILDS\BUILD_012\BUILD_012\SERVICES\AutonomousCOOLoopService.js","23","method_or_function","runOnce","async runOnce() {"
"_LEGACY_BUILDS\BUILD_012\BUILD_012\SERVICES\AutonomousCOOLoopService.js","70","method_or_function","prepareAuthorizedWork","async prepareAuthorizedWork(items) {"
"_LEGACY_BUILDS\BUILD_012\BUILD_012\SERVICES\AutonomousCOOLoopService.js","73","method_or_function","for","for (const item of items) {"
"_LEGACY_BUILDS\BUILD_012\BUILD_012\SERVICES\AutonomousCOOLoopService.js","74","method_or_function","if","if (item.status !== ""Pending"") {"
"_LEGACY_BUILDS\BUILD_012\BUILD_012\SERVICES\AutonomousCOOLoopService.js","95","method_or_function","start","async start() {"
"_LEGACY_BUILDS\BUILD_012\BUILD_012\SERVICES\AutonomousCOOLoopService.js","96","method_or_function","if","if (this.running) {"
"_LEGACY_BUILDS\BUILD_012\BUILD_012\SERVICES\AutonomousCOOLoopService.js","105","method_or_function","while","while (this.running) {"
"_LEGACY_BUILDS\BUILD_012\BUILD_012\SERVICES\AutonomousCOOLoopService.js","108","method_or_function","if","if (this.maxCycles && this.cyclesRun >= this.maxCycles) {"
"_LEGACY_BUILDS\BUILD_012\BUILD_012\SERVICES\AutonomousCOOLoopService.js","123","method_or_function","stop","stop() {"
"_LEGACY_BUILDS\BUILD_012\BUILD_012\SERVICES\AutonomousCOOLoopService.js","132","method_or_function","writeOutputs","writeOutputs(result, brief) {"
"_LEGACY_BUILDS\BUILD_012\BUILD_012\SERVICES\AutonomousCOOLoopService.js","162","method_or_function","sleep","sleep(ms) {"
"_LEGACY_BUILDS\BUILD_012\BUILD_012\SERVICES\WorkQueueService.js","4","class","WorkQueueService","class WorkQueueService {"
"_LEGACY_BUILDS\BUILD_012\BUILD_012\SERVICES\WorkQueueService.js","5","method_or_function","constructor","constructor(options = {}) {"
"_LEGACY_BUILDS\BUILD_012\BUILD_012\SERVICES\WorkQueueService.js","22","method_or_function","load","load() {"
"_LEGACY_BUILDS\BUILD_012\BUILD_012\SERVICES\WorkQueueService.js","59","method_or_function","migrate","migrate() {"
"_LEGACY_BUILDS\BUILD_012\BUILD_012\SERVICES\WorkQueueService.js","62","method_or_function","for","for (const item of this.queue) {"
"_LEGACY_BUILDS\BUILD_012\BUILD_012\SERVICES\WorkQueueService.js","63","method_or_function","if","if (!item.signature) {"
"_LEGACY_BUILDS\BUILD_012\BUILD_012\SERVICES\WorkQueueService.js","68","method_or_function","if","if (!item.executionType) {"
"_LEGACY_BUILDS\BUILD_012\BUILD_012\SERVICES\WorkQueueService.js","73","method_or_function","if","if (!item.updatedAt) {"
"_LEGACY_BUILDS\BUILD_012\BUILD_012\SERVICES\WorkQueueService.js","78","method_or_function","if","if (!item.status) {"
"_LEGACY_BUILDS\BUILD_012\BUILD_012\SERVICES\WorkQueueService.js","83","method_or_function","if","if (typeof item.requiresKevin !== ""boolean"") {"
"_LEGACY_BUILDS\BUILD_012\BUILD_012\SERVICES\WorkQueueService.js","88","method_or_function","if","if (!item.metadata) {"
"_LEGACY_BUILDS\BUILD_012\BUILD_012\SERVICES\WorkQueueService.js","94","method_or_function","if","if (this.metadata.schemaVersion !== this.schemaVersion) {"
"_LEGACY_BUILDS\BUILD_012\BUILD_012\SERVICES\WorkQueueService.js","102","method_or_function","if","if (migrated) {"
"_LEGACY_BUILDS\BUILD_012\BUILD_012\SERVICES\WorkQueueService.js","108","method_or_function","save","save() {"
"_LEGACY_BUILDS\BUILD_012\BUILD_012\SERVICES\WorkQueueService.js","133","method_or_function","createWorkItem","createWorkItem(input) {"
"_LEGACY_BUILDS\BUILD_012\BUILD_012\SERVICES\WorkQueueService.js","145","method_or_function","if","if (existing) {"
"_LEGACY_BUILDS\BUILD_012\BUILD_012\SERVICES\WorkQueueService.js","183","method_or_function","generateFromExecutiveState","generateFromExecutiveState(executiveState) {"
"_LEGACY_BUILDS\BUILD_012\BUILD_012\SERVICES\WorkQueueService.js","186","method_or_function","if","if (!executiveState) {"
"_LEGACY_BUILDS\BUILD_012\BUILD_012\SERVICES\WorkQueueService.js","222","method_or_function","for","for (const exception of exceptions) {"
"_LEGACY_BUILDS\BUILD_012\BUILD_012\SERVICES\WorkQueueService.js","225","method_or_function","if","if (severity === ""Critical"") {"
"_LEGACY_BUILDS\BUILD_012\BUILD_012\SERVICES\WorkQueueService.js","247","method_or_function","if","if (severity === ""Warning"") {"
"_LEGACY_BUILDS\BUILD_012\BUILD_012\SERVICES\WorkQueueService.js","273","method_or_function","getPending","getPending() {"
"_LEGACY_BUILDS\BUILD_012\BUILD_012\SERVICES\WorkQueueService.js","277","method_or_function","getAuthorizedPending","getAuthorizedPending() {"
"_LEGACY_BUILDS\BUILD_012\BUILD_012\SERVICES\WorkQueueService.js","284","method_or_function","getEscalations","getEscalations() {"
"_LEGACY_BUILDS\BUILD_012\BUILD_012\SERVICES\WorkQueueService.js","291","method_or_function","getOpen","getOpen() {"
"_LEGACY_BUILDS\BUILD_012\BUILD_012\SERVICES\WorkQueueService.js","297","method_or_function","getAll","getAll() {"
"_LEGACY_BUILDS\BUILD_012\BUILD_012\SERVICES\WorkQueueService.js","301","method_or_function","updateStatus","updateStatus(id, status, metadata = {}) {"
"_LEGACY_BUILDS\BUILD_012\BUILD_012\SERVICES\WorkQueueService.js","304","method_or_function","if","if (!item) {"
"_LEGACY_BUILDS\BUILD_012\BUILD_012\SERVICES\WorkQueueService.js","320","method_or_function","markQueued","markQueued(id, metadata = {}) {"
"_LEGACY_BUILDS\BUILD_012\BUILD_012\SERVICES\WorkQueueService.js","324","method_or_function","markInProgress","markInProgress(id, metadata = {}) {"
"_LEGACY_BUILDS\BUILD_012\BUILD_012\SERVICES\WorkQueueService.js","328","method_or_function","markCompleted","markCompleted(id, metadata = {}) {"
"_LEGACY_BUILDS\BUILD_012\BUILD_012\SERVICES\WorkQueueService.js","332","method_or_function","markFailed","markFailed(id, metadata = {}) {"
"_LEGACY_BUILDS\BUILD_012\BUILD_012\SERVICES\WorkQueueService.js","336","method_or_function","buildSignature","buildSignature(input) {"
"_LEGACY_BUILDS\BUILD_012\BUILD_012\SERVICES\WorkQueueService.js","344","method_or_function","generateId","generateId() {"
"_LEGACY_BUILDS\BUILD_013\BUILD_013\SERVICES\AutonomousCOOLoopService.js","6","class","AutonomousCOOLoopService","class AutonomousCOOLoopService {"
"_LEGACY_BUILDS\BUILD_013\BUILD_013\SERVICES\AutonomousCOOLoopService.js","7","method_or_function","constructor","constructor(options = {}) {"
"_LEGACY_BUILDS\BUILD_013\BUILD_013\SERVICES\AutonomousCOOLoopService.js","24","method_or_function","runOnce","async runOnce() {"
"_LEGACY_BUILDS\BUILD_013\BUILD_013\SERVICES\AutonomousCOOLoopService.js","39","method_or_function","start","async start() {"
"_LEGACY_BUILDS\BUILD_013\BUILD_013\SERVICES\AutonomousCOOLoopService.js","40","method_or_function","if","if (this.running) {"
"_LEGACY_BUILDS\BUILD_013\BUILD_013\SERVICES\AutonomousCOOLoopService.js","49","method_or_function","while","while (this.running) {"
"_LEGACY_BUILDS\BUILD_013\BUILD_013\SERVICES\AutonomousCOOLoopService.js","52","method_or_function","if","if (this.maxCycles && this.cyclesRun >= this.maxCycles) {"
"_LEGACY_BUILDS\BUILD_013\BUILD_013\SERVICES\AutonomousCOOLoopService.js","67","method_or_function","stop","stop() {"
"_LEGACY_BUILDS\BUILD_013\BUILD_013\SERVICES\AutonomousCOOLoopService.js","76","method_or_function","writeOutputs","writeOutputs(result) {"
"_LEGACY_BUILDS\BUILD_013\BUILD_013\SERVICES\AutonomousCOOLoopService.js","100","method_or_function","sleep","sleep(ms) {"
"_LEGACY_BUILDS\BUILD_013\BUILD_013\SERVICES\COOOrchestratorService.js","7","class","COOOrchestratorService","class COOOrchestratorService {"
"_LEGACY_BUILDS\BUILD_013\BUILD_013\SERVICES\COOOrchestratorService.js","8","method_or_function","constructor","constructor(options = {}) {"
"_LEGACY_BUILDS\BUILD_013\BUILD_013\SERVICES\COOOrchestratorService.js","20","method_or_function","runOnce","async runOnce() {"
"_LEGACY_BUILDS\BUILD_013\BUILD_013\SERVICES\COOOrchestratorService.js","60","method_or_function","queueAuthorizedWorkflows","queueAuthorizedWorkflows() {"
"_LEGACY_BUILDS\BUILD_013\BUILD_013\SERVICES\COOOrchestratorService.js","64","method_or_function","for","for (const item of authorized) {"
"_LEGACY_BUILDS\BUILD_013\BUILD_013\SERVICES\COOOrchestratorService.js","66","method_or_function","if","if (item.status !== ""Pending"") {"
"_LEGACY_BUILDS\BUILD_013\BUILD_013\SERVICES\COOOrchestratorService.js","118","method_or_function","runExecutionPass","async runExecutionPass() {"
"_LEGACY_BUILDS\BUILD_014\BUILD_014\SERVICES\WorkQueueService.js","19","class","WorkQueueService","class WorkQueueService {"
"_LEGACY_BUILDS\BUILD_014\BUILD_014\SERVICES\WorkQueueService.js","20","method_or_function","constructor","constructor(options = {}) {"
"_LEGACY_BUILDS\BUILD_014\BUILD_014\SERVICES\WorkQueueService.js","45","method_or_function","load","load() {"
"_LEGACY_BUILDS\BUILD_014\BUILD_014\SERVICES\WorkQueueService.js","85","method_or_function","migrate","migrate() {"
"_LEGACY_BUILDS\BUILD_014\BUILD_014\SERVICES\WorkQueueService.js","88","method_or_function","for","for (const item of this.queue) {"
"_LEGACY_BUILDS\BUILD_014\BUILD_014\SERVICES\WorkQueueService.js","89","method_or_function","if","if (!item.id) {"
"_LEGACY_BUILDS\BUILD_014\BUILD_014\SERVICES\WorkQueueService.js","94","method_or_function","if","if (!item.signature) {"
"_LEGACY_BUILDS\BUILD_014\BUILD_014\SERVICES\WorkQueueService.js","99","method_or_function","if","if (!item.executionType) {"
"_LEGACY_BUILDS\BUILD_014\BUILD_014\SERVICES\WorkQueueService.js","104","method_or_function","if","if (!item.createdAt) {"
"_LEGACY_BUILDS\BUILD_014\BUILD_014\SERVICES\WorkQueueService.js","109","method_or_function","if","if (!item.updatedAt) {"
"_LEGACY_BUILDS\BUILD_014\BUILD_014\SERVICES\WorkQueueService.js","114","method_or_function","if","if (!item.status) {"
"_LEGACY_BUILDS\BUILD_014\BUILD_014\SERVICES\WorkQueueService.js","119","method_or_function","if","if (typeof item.requiresKevin !== ""boolean"") {"
"_LEGACY_BUILDS\BUILD_014\BUILD_014\SERVICES\WorkQueueService.js","124","method_or_function","if","if (!item.metadata) {"
"_LEGACY_BUILDS\BUILD_014\BUILD_014\SERVICES\WorkQueueService.js","129","method_or_function","if","if (!item.lifecycle) {"
"_LEGACY_BUILDS\BUILD_014\BUILD_014\SERVICES\WorkQueueService.js","141","method_or_function","if","if (this.metadata.schemaVersion !== this.schemaVersion) {"
"_LEGACY_BUILDS\BUILD_014\BUILD_014\SERVICES\WorkQueueService.js","147","method_or_function","if","if (migrated) {"
"_LEGACY_BUILDS\BUILD_014\BUILD_014\SERVICES\WorkQueueService.js","153","method_or_function","save","save() {"
"_LEGACY_BUILDS\BUILD_014\BUILD_014\SERVICES\WorkQueueService.js","178","method_or_function","createWorkItem","createWorkItem(input) {"
"_LEGACY_BUILDS\BUILD_014\BUILD_014\SERVICES\WorkQueueService.js","183","method_or_function","if","if (existing) {"
"_LEGACY_BUILDS\BUILD_014\BUILD_014\SERVICES\WorkQueueService.js","227","method_or_function","generateFromExecutiveState","generateFromExecutiveState(executiveState) {"
"_LEGACY_BUILDS\BUILD_014\BUILD_014\SERVICES\WorkQueueService.js","230","method_or_function","if","if (!executiveState) {"
"_LEGACY_BUILDS\BUILD_014\BUILD_014\SERVICES\WorkQueueService.js","266","method_or_function","for","for (const exception of exceptions) {"
"_LEGACY_BUILDS\BUILD_014\BUILD_014\SERVICES\WorkQueueService.js","269","method_or_function","if","if (severity === ""Critical"") {"
"_LEGACY_BUILDS\BUILD_014\BUILD_014\SERVICES\WorkQueueService.js","291","method_or_function","if","if (severity === ""Warning"") {"
"_LEGACY_BUILDS\BUILD_014\BUILD_014\SERVICES\WorkQueueService.js","317","method_or_function","getById","getById(id) {"
"_LEGACY_BUILDS\BUILD_014\BUILD_014\SERVICES\WorkQueueService.js","321","method_or_function","getBySignature","getBySignature(signature) {"
"_LEGACY_BUILDS\BUILD_014\BUILD_014\SERVICES\WorkQueueService.js","325","method_or_function","findOpenBySignature","findOpenBySignature(signature) {"
"_LEGACY_BUILDS\BUILD_014\BUILD_014\SERVICES\WorkQueueService.js","332","method_or_function","getPending","getPending() {"
"_LEGACY_BUILDS\BUILD_014\BUILD_014\SERVICES\WorkQueueService.js","336","method_or_function","getAuthorizedPending","getAuthorizedPending() {"
"_LEGACY_BUILDS\BUILD_014\BUILD_014\SERVICES\WorkQueueService.js","343","method_or_function","getEscalations","getEscalations() {"
"_LEGACY_BUILDS\BUILD_014\BUILD_014\SERVICES\WorkQueueService.js","350","method_or_function","getOpen","getOpen() {"
"_LEGACY_BUILDS\BUILD_014\BUILD_014\SERVICES\WorkQueueService.js","354","method_or_function","getClosed","getClosed() {"
"_LEGACY_BUILDS\BUILD_014\BUILD_014\SERVICES\WorkQueueService.js","358","method_or_function","getAll","getAll() {"
"_LEGACY_BUILDS\BUILD_014\BUILD_014\SERVICES\WorkQueueService.js","362","method_or_function","getStats","getStats() {"
"_LEGACY_BUILDS\BUILD_014\BUILD_014\SERVICES\WorkQueueService.js","377","method_or_function","updateStatus","updateStatus(id, status, metadata = {}, note = """") {"
"_LEGACY_BUILDS\BUILD_014\BUILD_014\SERVICES\WorkQueueService.js","380","method_or_function","if","if (!item) {"
"_LEGACY_BUILDS\BUILD_014\BUILD_014\SERVICES\WorkQueueService.js","397","method_or_function","markQueued","markQueued(id, metadata = {}) {"
"_LEGACY_BUILDS\BUILD_014\BUILD_014\SERVICES\WorkQueueService.js","401","method_or_function","markBlocked","markBlocked(id, metadata = {}) {"
"_LEGACY_BUILDS\BUILD_014\BUILD_014\SERVICES\WorkQueueService.js","405","method_or_function","markRunning","markRunning(id, metadata = {}) {"
"_LEGACY_BUILDS\BUILD_014\BUILD_014\SERVICES\WorkQueueService.js","409","method_or_function","markCompleted","markCompleted(id, metadata = {}) {"
"_LEGACY_BUILDS\BUILD_014\BUILD_014\SERVICES\WorkQueueService.js","413","method_or_function","markFailed","markFailed(id, errorOrMetadata = {}) {"
"_LEGACY_BUILDS\BUILD_014\BUILD_014\SERVICES\WorkQueueService.js","422","method_or_function","markAwaitingApproval","markAwaitingApproval(id, metadata = {}) {"
"_LEGACY_BUILDS\BUILD_014\BUILD_014\SERVICES\WorkQueueService.js","426","method_or_function","markCancelled","markCancelled(id, metadata = {}) {"
"_LEGACY_BUILDS\BUILD_014\BUILD_014\SERVICES\WorkQueueService.js","430","method_or_function","archiveClosed","archiveClosed() {"
"_LEGACY_BUILDS\BUILD_014\BUILD_014\SERVICES\WorkQueueService.js","433","method_or_function","if","if (!closed.length) {"
"_LEGACY_BUILDS\BUILD_014\BUILD_014\SERVICES\WorkQueueService.js","460","method_or_function","loadArchive","loadArchive() {"
"_LEGACY_BUILDS\BUILD_014\BUILD_014\SERVICES\WorkQueueService.js","473","method_or_function","saveArchive","saveArchive(items) {"
"_LEGACY_BUILDS\BUILD_014\BUILD_014\SERVICES\WorkQueueService.js","487","method_or_function","deduplicateOpenItems","deduplicateOpenItems() {"
"_LEGACY_BUILDS\BUILD_014\BUILD_014\SERVICES\WorkQueueService.js","492","method_or_function","for","for (const item of this.queue) {"
"_LEGACY_BUILDS\BUILD_014\BUILD_014\SERVICES\WorkQueueService.js","508","method_or_function","if","if (duplicates.length) {"
"_LEGACY_BUILDS\BUILD_014\BUILD_014\SERVICES\WorkQueueService.js","511","method_or_function","for","for (const duplicate of duplicates) {"
"_LEGACY_BUILDS\BUILD_014\BUILD_014\SERVICES\WorkQueueService.js","530","method_or_function","addLifecycle","addLifecycle(item, status, note) {"
"_LEGACY_BUILDS\BUILD_014\BUILD_014\SERVICES\WorkQueueService.js","531","method_or_function","if","if (!item.lifecycle) {"
"_LEGACY_BUILDS\BUILD_014\BUILD_014\SERVICES\WorkQueueService.js","542","method_or_function","buildSignature","buildSignature(input) {"
"_LEGACY_BUILDS\BUILD_014\BUILD_014\SERVICES\WorkQueueService.js","550","method_or_function","generateId","generateId() {"
"_LEGACY_BUILDS\BUILD_015\BUILD_015\SERVICES\COOOrchestratorService.js","7","class","COOOrchestratorService","class COOOrchestratorService {"
"_LEGACY_BUILDS\BUILD_015\BUILD_015\SERVICES\COOOrchestratorService.js","8","method_or_function","constructor","constructor(options = {}) {"
"_LEGACY_BUILDS\BUILD_015\BUILD_015\SERVICES\COOOrchestratorService.js","25","method_or_function","runOnce","async runOnce() {"
"_LEGACY_BUILDS\BUILD_015\BUILD_015\SERVICES\COOOrchestratorService.js","65","method_or_function","queueAuthorizedWorkflows","queueAuthorizedWorkflows() {"
"_LEGACY_BUILDS\BUILD_015\BUILD_015\SERVICES\COOOrchestratorService.js","73","method_or_function","for","for (const item of authorized) {"
"_LEGACY_BUILDS\BUILD_015\BUILD_015\SERVICES\COOOrchestratorService.js","74","method_or_function","if","if (!item || item.status !== ""Pending"") {"
"_LEGACY_BUILDS\BUILD_015\BUILD_015\SERVICES\COOOrchestratorService.js","138","method_or_function","runExecutionPass","async runExecutionPass() {"
"_LEGACY_BUILDS\BUILD_015\BUILD_015\SERVICES\COOOrchestratorService.js","159","method_or_function","assertWorkQueueLifecycle","assertWorkQueueLifecycle() {"
"_LEGACY_BUILDS\BUILD_015\BUILD_015\SERVICES\COOOrchestratorService.js","172","method_or_function","if","if (missing.length) {"
"_LEGACY_BUILDS\BUILD_015\BUILD_015\SERVICES\COOOrchestratorService.js","180","method_or_function","safeCall","safeCall(label, fn) {"
"_LEGACY_BUILDS\BUILD_015\BUILD_015\SERVICES\COOOrchestratorService.js","184","method_or_function","if","if (this.diagnostics) {"
"_LEGACY_BUILDS\BUILD_015\BUILD_015\SERVICES\COOOrchestratorService.js","191","method_or_function","buildDiagnostic","buildDiagnostic(err, item) {"
"_LEGACY_BUILDS\BUILD_036_CONTINUOUS_COO_LOOP\BUILD_036_CONTINUOUS_COO_LOOP\INSTALL_COO_LOOP.ps1","42","method_or_function","foreach","foreach ($File in $Files) {"
"_LEGACY_BUILDS\BUILD_036_CONTINUOUS_COO_LOOP\BUILD_036_CONTINUOUS_COO_LOOP\INSTALL_COO_LOOP.ps1","55","method_or_function","if","if (Test-Path $Target) {"
"_LEGACY_BUILDS\BUILD_036_CONTINUOUS_COO_LOOP\BUILD_036_CONTINUOUS_COO_LOOP\RUN_COO_LOOP_FOREVER.ps1","6","method_or_function","if","if (-not $env:MILES_COO_LOOP_INTERVAL_MS) {"
"_LEGACY_BUILDS\BUILD_036_CONTINUOUS_COO_LOOP\BUILD_036_CONTINUOUS_COO_LOOP\RUN_COO_LOOP_FOREVER.ps1","18","method_or_function","while","while ($true) {"
"_LEGACY_BUILDS\BUILD_036_CONTINUOUS_COO_LOOP\BUILD_036_CONTINUOUS_COO_LOOP\BUILDER\BuilderService.js","13","class","BuilderService","class BuilderService {"
"_LEGACY_BUILDS\BUILD_036_CONTINUOUS_COO_LOOP\BUILD_036_CONTINUOUS_COO_LOOP\BUILDER\BuilderService.js","15","method_or_function","scanProject","scanProject() {"
"_LEGACY_BUILDS\BUILD_036_CONTINUOUS_COO_LOOP\BUILD_036_CONTINUOUS_COO_LOOP\BUILDER\BuilderService.js","19","method_or_function","status","status() {"
"_LEGACY_BUILDS\BUILD_036_CONTINUOUS_COO_LOOP\BUILD_036_CONTINUOUS_COO_LOOP\BUILDER\BuilderService.js","27","method_or_function","smokeTest","smokeTest() {"
"_LEGACY_BUILDS\BUILD_036_CONTINUOUS_COO_LOOP\BUILD_036_CONTINUOUS_COO_LOOP\BUILDER\BuilderService.js","31","method_or_function","execute","async execute(task = {}) {"
"_LEGACY_BUILDS\BUILD_036_CONTINUOUS_COO_LOOP\BUILD_036_CONTINUOUS_COO_LOOP\BUILDER\BuilderService.js","105","method_or_function","if","if (!commands[action]) {"
"_LEGACY_BUILDS\BUILD_036_CONTINUOUS_COO_LOOP\BUILD_036_CONTINUOUS_COO_LOOP\SERVICES\ContinuousCOOLoopService.js","28","class","ContinuousCOOLoopService","class ContinuousCOOLoopService {"
"_LEGACY_BUILDS\BUILD_036_CONTINUOUS_COO_LOOP\BUILD_036_CONTINUOUS_COO_LOOP\SERVICES\ContinuousCOOLoopService.js","29","method_or_function","constructor","constructor() {"
"_LEGACY_BUILDS\BUILD_036_CONTINUOUS_COO_LOOP\BUILD_036_CONTINUOUS_COO_LOOP\SERVICES\ContinuousCOOLoopService.js","36","method_or_function","run","async run(input = {}) {"
"_LEGACY_BUILDS\BUILD_036_CONTINUOUS_COO_LOOP\BUILD_036_CONTINUOUS_COO_LOOP\SERVICES\ContinuousCOOLoopService.js","56","method_or_function","while","while (!this.stopRequested) {"
"_LEGACY_BUILDS\BUILD_036_CONTINUOUS_COO_LOOP\BUILD_036_CONTINUOUS_COO_LOOP\SERVICES\ContinuousCOOLoopService.js","84","method_or_function","runCycle","async runCycle(input = {}) {"
"_LEGACY_BUILDS\BUILD_036_CONTINUOUS_COO_LOOP\BUILD_036_CONTINUOUS_COO_LOOP\SERVICES\ContinuousCOOLoopService.js","152","method_or_function","if","if (errors.length) {"
"_LEGACY_BUILDS\BUILD_036_CONTINUOUS_COO_LOOP\BUILD_036_CONTINUOUS_COO_LOOP\SERVICES\ContinuousCOOLoopService.js","207","method_or_function","saveCycle","saveCycle(record) {"
"_LEGACY_BUILDS\BUILD_036_CONTINUOUS_COO_LOOP\BUILD_036_CONTINUOUS_COO_LOOP\SERVICES\ContinuousCOOLoopService.js","215","method_or_function","renderReport","renderReport(record) {"
"_LEGACY_BUILDS\BUILD_036_CONTINUOUS_COO_LOOP\BUILD_036_CONTINUOUS_COO_LOOP\SERVICES\ContinuousCOOLoopService.js","251","method_or_function","attachSignalHandlers","attachSignalHandlers() {"
"_LEGACY_BUILDS\BUILD_036_CONTINUOUS_COO_LOOP\BUILD_036_CONTINUOUS_COO_LOOP\SERVICES\HeartbeatService.js","19","class","HeartbeatService","class HeartbeatService {"
"_LEGACY_BUILDS\BUILD_036_CONTINUOUS_COO_LOOP\BUILD_036_CONTINUOUS_COO_LOOP\SERVICES\HeartbeatService.js","20","method_or_function","run","run(input = {}) {"
"_LEGACY_BUILDS\BUILD_036_CONTINUOUS_COO_LOOP\BUILD_036_CONTINUOUS_COO_LOOP\SERVICES\JsonFileService.js","6","function","ensureDir","function ensureDir(dir) {"
"_LEGACY_BUILDS\BUILD_036_CONTINUOUS_COO_LOOP\BUILD_036_CONTINUOUS_COO_LOOP\SERVICES\JsonFileService.js","10","function","exists","function exists(file) {"
"_LEGACY_BUILDS\BUILD_036_CONTINUOUS_COO_LOOP\BUILD_036_CONTINUOUS_COO_LOOP\SERVICES\JsonFileService.js","14","function","readJson","function readJson(file, fallback = null) {"
"_LEGACY_BUILDS\BUILD_036_CONTINUOUS_COO_LOOP\BUILD_036_CONTINUOUS_COO_LOOP\SERVICES\JsonFileService.js","23","function","readJsonStrict","function readJsonStrict(file) {"
"_LEGACY_BUILDS\BUILD_036_CONTINUOUS_COO_LOOP\BUILD_036_CONTINUOUS_COO_LOOP\SERVICES\JsonFileService.js","33","function","writeJson","function writeJson(file, value) {"
"_LEGACY_BUILDS\BUILD_036_CONTINUOUS_COO_LOOP\BUILD_036_CONTINUOUS_COO_LOOP\SERVICES\JsonFileService.js","38","function","appendJsonArray","function appendJsonArray(file, record, max = 500) {"
"_LEGACY_BUILDS\BUILD_036_CONTINUOUS_COO_LOOP\BUILD_036_CONTINUOUS_COO_LOOP\SERVICES\LoopSchedulerService.js","11","class","LoopSchedulerService","class LoopSchedulerService {"
"_LEGACY_BUILDS\BUILD_036_CONTINUOUS_COO_LOOP\BUILD_036_CONTINUOUS_COO_LOOP\SERVICES\LoopSchedulerService.js","12","method_or_function","getIntervalMs","getIntervalMs(input = {}) {"
"_LEGACY_BUILDS\BUILD_036_CONTINUOUS_COO_LOOP\BUILD_036_CONTINUOUS_COO_LOOP\SERVICES\LoopSchedulerService.js","22","method_or_function","getMaxCycles","getMaxCycles(input = {}) {"
"_LEGACY_BUILDS\BUILD_036_CONTINUOUS_COO_LOOP\BUILD_036_CONTINUOUS_COO_LOOP\SERVICES\LoopSchedulerService.js","35","method_or_function","sleep","async sleep(input = {}) {"
"_LEGACY_BUILDS\BUILD_036_CONTINUOUS_COO_LOOP\BUILD_036_CONTINUOUS_COO_LOOP\SERVICES\QueueRecoveryService.js","22","class","QueueRecoveryService","class QueueRecoveryService {"
"_LEGACY_BUILDS\BUILD_036_CONTINUOUS_COO_LOOP\BUILD_036_CONTINUOUS_COO_LOOP\SERVICES\QueueRecoveryService.js","23","method_or_function","run","run(input = {}) {"
"_LEGACY_BUILDS\BUILD_036_CONTINUOUS_COO_LOOP\BUILD_036_CONTINUOUS_COO_LOOP\SERVICES\QueueRecoveryService.js","30","method_or_function","recover","recover(input = {}) {"
"_LEGACY_BUILDS\BUILD_036_CONTINUOUS_COO_LOOP\BUILD_036_CONTINUOUS_COO_LOOP\SERVICES\QueueRecoveryService.js","56","method_or_function","if","if (normalized.changed) {"
"_LEGACY_BUILDS\BUILD_036_CONTINUOUS_COO_LOOP\BUILD_036_CONTINUOUS_COO_LOOP\SERVICES\QueueRecoveryService.js","92","method_or_function","normalize","normalize(parsed) {"
"_LEGACY_BUILDS\BUILD_036_CONTINUOUS_COO_LOOP\BUILD_036_CONTINUOUS_COO_LOOP\SERVICES\QueueRecoveryService.js","130","method_or_function","backupCorruptQueue","backupCorruptQueue(queuePath) {"
"_LEGACY_BUILDS\BUILD_036_CONTINUOUS_COO_LOOP\BUILD_036_CONTINUOUS_COO_LOOP\SERVICES\QueueRecoveryService.js","141","method_or_function","createFreshQueue","createFreshQueue(queuePath, reason) {"
"_LEGACY_BUILDS\BUILD_036_CONTINUOUS_COO_LOOP\BUILD_036_CONTINUOUS_COO_LOOP\SERVICES\QueueRecoveryService.js","165","method_or_function","log","log(record) {"
"_LEGACY_BUILDS\BUILD_036_CONTINUOUS_COO_LOOP\BUILD_036_CONTINUOUS_COO_LOOP\SERVICES\RestartGuardianService.js","22","class","RestartGuardianService","class RestartGuardianService {"
"_LEGACY_BUILDS\BUILD_036_CONTINUOUS_COO_LOOP\BUILD_036_CONTINUOUS_COO_LOOP\SERVICES\RestartGuardianService.js","23","method_or_function","run","run(input = {}) {"
"_LEGACY_BUILDS\BUILD_036_CONTINUOUS_COO_LOOP\BUILD_036_CONTINUOUS_COO_LOOP\SERVICES\RuntimeHealthService.js","18","class","RuntimeHealthService","class RuntimeHealthService {"
"_LEGACY_BUILDS\BUILD_036_CONTINUOUS_COO_LOOP\BUILD_036_CONTINUOUS_COO_LOOP\SERVICES\RuntimeHealthService.js","19","method_or_function","run","run(input = {}) {"
"_LEGACY_BUILDS\BUILD_036_CONTINUOUS_COO_LOOP\BUILD_036_CONTINUOUS_COO_LOOP\SERVICES\RuntimeHealthService.js","49","method_or_function","buildChecks","buildChecks(input = {}) {"
"_LEGACY_BUILDS\BUILD_036_CONTINUOUS_COO_LOOP\BUILD_036_CONTINUOUS_COO_LOOP\SERVICES\RuntimeHealthService.js","53","method_or_function","for","for (const result of results) {"
"_LEGACY_BUILDS\BUILD_036_CONTINUOUS_COO_LOOP\BUILD_036_CONTINUOUS_COO_LOOP\SERVICES\TimeUtil.js","3","function","pad","function pad(value) {"
"_LEGACY_BUILDS\BUILD_036_CONTINUOUS_COO_LOOP\BUILD_036_CONTINUOUS_COO_LOOP\SERVICES\TimeUtil.js","7","function","nowIso","function nowIso() {"
"_LEGACY_BUILDS\BUILD_036_CONTINUOUS_COO_LOOP\BUILD_036_CONTINUOUS_COO_LOOP\SERVICES\TimeUtil.js","11","function","timestampForFile","function timestampForFile(date = new Date()) {"
"_LEGACY_BUILDS\BUILD_036_CONTINUOUS_COO_LOOP\BUILD_036_CONTINUOUS_COO_LOOP\SERVICES\TimeUtil.js","23","function","sleep","function sleep(ms) {"
"_LEGACY_BUILDS\BUILD_036_CONTINUOUS_COO_LOOP\BUILD_036_CONTINUOUS_COO_LOOP\VERIFY\VERIFY_COO_LOOP.js","29","function","exists","function exists(relativePath) {"
"_LEGACY_BUILDS\BUILD_036_CONTINUOUS_COO_LOOP\BUILD_036_CONTINUOUS_COO_LOOP\VERIFY\VERIFY_COO_LOOP.js","33","async function","run","async function run(input = {}) {"
"_LEGACY_BUILDS\BUILD_036_CONTINUOUS_COO_LOOP\BUILD_036_CONTINUOUS_COO_LOOP\VERIFY\VERIFY_COO_LOOP.js","38","method_or_function","if","if (!missing.length && input.skipRuntime !== true) {"
"_LEGACY_BUILDS\BUILD_036_CONTINUOUS_COO_LOOP\BUILD_036_CONTINUOUS_COO_LOOP\VERIFY\VERIFY_COO_LOOP.js","63","method_or_function","if","if (require.main === module) {"
"_LEGACY_BUILDS\BUILD_037_EXECUTIVE_DASHBOARD\BUILD_037_EXECUTIVE_DASHBOARD\INSTALL_EXECUTIVE_DASHBOARD.ps1","34","method_or_function","foreach","foreach ($File in $Files) {"
"_LEGACY_BUILDS\BUILD_037_EXECUTIVE_DASHBOARD\BUILD_037_EXECUTIVE_DASHBOARD\INSTALL_EXECUTIVE_DASHBOARD.ps1","46","method_or_function","if","if (Test-Path $Target) {"
"_LEGACY_BUILDS\BUILD_037_EXECUTIVE_DASHBOARD\BUILD_037_EXECUTIVE_DASHBOARD\VERIFY_EXECUTIVE_DASHBOARD.ps1","20","method_or_function","foreach","foreach ($Rel in $Required) {"
"_LEGACY_BUILDS\BUILD_037_EXECUTIVE_DASHBOARD\BUILD_037_EXECUTIVE_DASHBOARD\VERIFY_EXECUTIVE_DASHBOARD.ps1","27","method_or_function","if","if ($Missing.Count -gt 0) {"
"_LEGACY_BUILDS\BUILD_037_EXECUTIVE_DASHBOARD\BUILD_037_EXECUTIVE_DASHBOARD\VERIFY_EXECUTIVE_DASHBOARD.ps1","53","method_or_function","if","if ($GeneratedMissing.Count -gt 0) {"
"_LEGACY_BUILDS\BUILD_037_EXECUTIVE_DASHBOARD\BUILD_037_EXECUTIVE_DASHBOARD\BUILDER\BuilderService.js","13","class","BuilderService","class BuilderService {"
"_LEGACY_BUILDS\BUILD_037_EXECUTIVE_DASHBOARD\BUILD_037_EXECUTIVE_DASHBOARD\BUILDER\BuilderService.js","15","method_or_function","scanProject","scanProject() {"
"_LEGACY_BUILDS\BUILD_037_EXECUTIVE_DASHBOARD\BUILD_037_EXECUTIVE_DASHBOARD\BUILDER\BuilderService.js","19","method_or_function","status","status() {"
"_LEGACY_BUILDS\BUILD_037_EXECUTIVE_DASHBOARD\BUILD_037_EXECUTIVE_DASHBOARD\BUILDER\BuilderService.js","27","method_or_function","smokeTest","smokeTest() {"
"_LEGACY_BUILDS\BUILD_037_EXECUTIVE_DASHBOARD\BUILD_037_EXECUTIVE_DASHBOARD\BUILDER\BuilderService.js","31","method_or_function","execute","async execute(task = {}) {"
"_LEGACY_BUILDS\BUILD_037_EXECUTIVE_DASHBOARD\BUILD_037_EXECUTIVE_DASHBOARD\BUILDER\BuilderService.js","109","method_or_function","if","if (!commands[action]) {"
"_LEGACY_BUILDS\BUILD_037_EXECUTIVE_DASHBOARD\BUILD_037_EXECUTIVE_DASHBOARD\SERVICES\DashboardDataService.js","18","function","exists","function exists(file) {"
"_LEGACY_BUILDS\BUILD_037_EXECUTIVE_DASHBOARD\BUILD_037_EXECUTIVE_DASHBOARD\SERVICES\DashboardDataService.js","22","function","readJson","function readJson(relativePath, fallback = {}) {"
"_LEGACY_BUILDS\BUILD_037_EXECUTIVE_DASHBOARD\BUILD_037_EXECUTIVE_DASHBOARD\SERVICES\DashboardDataService.js","37","function","readText","function readText(relativePath, fallback = """") {"
"_LEGACY_BUILDS\BUILD_037_EXECUTIVE_DASHBOARD\BUILD_037_EXECUTIVE_DASHBOARD\SERVICES\DashboardDataService.js","47","function","fileInfo","function fileInfo(relativePath) {"
"_LEGACY_BUILDS\BUILD_037_EXECUTIVE_DASHBOARD\BUILD_037_EXECUTIVE_DASHBOARD\SERVICES\DashboardDataService.js","65","function","asNumber","function asNumber(value, fallback = 0) {"
"_LEGACY_BUILDS\BUILD_037_EXECUTIVE_DASHBOARD\BUILD_037_EXECUTIVE_DASHBOARD\SERVICES\DashboardDataService.js","70","function","array","function array(value) {"
"_LEGACY_BUILDS\BUILD_037_EXECUTIVE_DASHBOARD\BUILD_037_EXECUTIVE_DASHBOARD\SERVICES\DashboardDataService.js","74","function","queueItems","function queueItems(workQueue) {"
"_LEGACY_BUILDS\BUILD_037_EXECUTIVE_DASHBOARD\BUILD_037_EXECUTIVE_DASHBOARD\SERVICES\DashboardDataService.js","78","function","countByStatus","function countByStatus(items, status) {"
"_LEGACY_BUILDS\BUILD_037_EXECUTIVE_DASHBOARD\BUILD_037_EXECUTIVE_DASHBOARD\SERVICES\DashboardDataService.js","82","function","openStatuses","function openStatuses() {"
"_LEGACY_BUILDS\BUILD_037_EXECUTIVE_DASHBOARD\BUILD_037_EXECUTIVE_DASHBOARD\SERVICES\DashboardDataService.js","86","function","latestItems","function latestItems(items, limit = 10) {"
"_LEGACY_BUILDS\BUILD_037_EXECUTIVE_DASHBOARD\BUILD_037_EXECUTIVE_DASHBOARD\SERVICES\DashboardDataService.js","92","class","DashboardDataService","class DashboardDataService {"
"_LEGACY_BUILDS\BUILD_037_EXECUTIVE_DASHBOARD\BUILD_037_EXECUTIVE_DASHBOARD\SERVICES\DashboardDataService.js","93","method_or_function","run","run(input = {}) {"
"_LEGACY_BUILDS\BUILD_037_EXECUTIVE_DASHBOARD\BUILD_037_EXECUTIVE_DASHBOARD\SERVICES\DashboardDataService.js","97","method_or_function","build","build(input = {}) {"
"_LEGACY_BUILDS\BUILD_037_EXECUTIVE_DASHBOARD\BUILD_037_EXECUTIVE_DASHBOARD\SERVICES\DashboardDataService.js","260","method_or_function","percent","percent(current, goal) {"
"_LEGACY_BUILDS\BUILD_037_EXECUTIVE_DASHBOARD\BUILD_037_EXECUTIVE_DASHBOARD\SERVICES\DashboardDataService.js","265","method_or_function","extractHeartbeat","extractHeartbeat(cooCycle) {"
"_LEGACY_BUILDS\BUILD_037_EXECUTIVE_DASHBOARD\BUILD_037_EXECUTIVE_DASHBOARD\SERVICES\DashboardDataService.js","270","method_or_function","buildWebsiteSection","buildWebsiteSection() {"
"_LEGACY_BUILDS\BUILD_037_EXECUTIVE_DASHBOARD\BUILD_037_EXECUTIVE_DASHBOARD\SERVICES\DashboardDataService.js","282","method_or_function","buildAlerts","buildAlerts(context) {"
"_LEGACY_BUILDS\BUILD_037_EXECUTIVE_DASHBOARD\BUILD_037_EXECUTIVE_DASHBOARD\SERVICES\DashboardDataService.js","292","method_or_function","if","if (context.runtimeHealth.status && context.runtimeHealth.status !== ""HEALTHY"") {"
"_LEGACY_BUILDS\BUILD_037_EXECUTIVE_DASHBOARD\BUILD_037_EXECUTIVE_DASHBOARD\SERVICES\DashboardDataService.js","296","method_or_function","if","if (context.restartGuardian.restartRecommended) {"
"_LEGACY_BUILDS\BUILD_037_EXECUTIVE_DASHBOARD\BUILD_037_EXECUTIVE_DASHBOARD\SERVICES\DashboardDataService.js","300","method_or_function","if","if (context.approvals.length > 0) {"
"_LEGACY_BUILDS\BUILD_037_EXECUTIVE_DASHBOARD\BUILD_037_EXECUTIVE_DASHBOARD\SERVICES\DashboardDataService.js","304","method_or_function","if","if (context.blocked.length > 0) {"
"_LEGACY_BUILDS\BUILD_037_EXECUTIVE_DASHBOARD\BUILD_037_EXECUTIVE_DASHBOARD\SERVICES\DashboardDataService.js","308","method_or_function","if","if (context.failed.length > 0) {"
"_LEGACY_BUILDS\BUILD_037_EXECUTIVE_DASHBOARD\BUILD_037_EXECUTIVE_DASHBOARD\SERVICES\DashboardDataService.js","316","method_or_function","if","if (!alerts.length) {"
"_LEGACY_BUILDS\BUILD_037_EXECUTIVE_DASHBOARD\BUILD_037_EXECUTIVE_DASHBOARD\SERVICES\DashboardDataService.js","323","method_or_function","buildActivityFeed","buildActivityFeed({ executiveDecision, cooCycle, cooHistory, taskRouter, taskRouterHistory, items }) {"
"_LEGACY_BUILDS\BUILD_037_EXECUTIVE_DASHBOARD\BUILD_037_EXECUTIVE_DASHBOARD\SERVICES\DashboardDataService.js","327","method_or_function","if","if (executiveDecision.generatedAt) {"
"_LEGACY_BUILDS\BUILD_037_EXECUTIVE_DASHBOARD\BUILD_037_EXECUTIVE_DASHBOARD\SERVICES\DashboardDataService.js","331","method_or_function","if","if (cooCycle.generatedAt) {"
"_LEGACY_BUILDS\BUILD_037_EXECUTIVE_DASHBOARD\BUILD_037_EXECUTIVE_DASHBOARD\SERVICES\DashboardDataService.js","339","method_or_function","if","if (taskRouter.generatedAt) {"
"_LEGACY_BUILDS\BUILD_037_EXECUTIVE_DASHBOARD\BUILD_037_EXECUTIVE_DASHBOARD\SERVICES\DashboardServerService.js","22","class","DashboardServerService","class DashboardServerService {"
"_LEGACY_BUILDS\BUILD_037_EXECUTIVE_DASHBOARD\BUILD_037_EXECUTIVE_DASHBOARD\SERVICES\DashboardServerService.js","23","method_or_function","run","run(input = {}) {"
"_LEGACY_BUILDS\BUILD_037_EXECUTIVE_DASHBOARD\BUILD_037_EXECUTIVE_DASHBOARD\SERVICES\DashboardServerService.js","29","method_or_function","if","if (req.url === ""/api/state"") {"
"_LEGACY_BUILDS\BUILD_037_EXECUTIVE_DASHBOARD\BUILD_037_EXECUTIVE_DASHBOARD\SERVICES\ExecutiveDashboardService.js","24","function","ensureDir","function ensureDir(dir) {"
"_LEGACY_BUILDS\BUILD_037_EXECUTIVE_DASHBOARD\BUILD_037_EXECUTIVE_DASHBOARD\SERVICES\ExecutiveDashboardService.js","28","function","writeJson","function writeJson(file, value) {"
"_LEGACY_BUILDS\BUILD_037_EXECUTIVE_DASHBOARD\BUILD_037_EXECUTIVE_DASHBOARD\SERVICES\ExecutiveDashboardService.js","33","function","escapeHtml","function escapeHtml(value) {"
"_LEGACY_BUILDS\BUILD_037_EXECUTIVE_DASHBOARD\BUILD_037_EXECUTIVE_DASHBOARD\SERVICES\ExecutiveDashboardService.js","42","class","ExecutiveDashboardService","class ExecutiveDashboardService {"
"_LEGACY_BUILDS\BUILD_037_EXECUTIVE_DASHBOARD\BUILD_037_EXECUTIVE_DASHBOARD\SERVICES\ExecutiveDashboardService.js","43","method_or_function","run","run(input = {}) {"
"_LEGACY_BUILDS\BUILD_037_EXECUTIVE_DASHBOARD\BUILD_037_EXECUTIVE_DASHBOARD\SERVICES\ExecutiveDashboardService.js","76","method_or_function","save","save(state) {"
"_LEGACY_BUILDS\BUILD_037_EXECUTIVE_DASHBOARD\BUILD_037_EXECUTIVE_DASHBOARD\SERVICES\ExecutiveDashboardService.js","103","method_or_function","renderReport","renderReport(state) {"
"_LEGACY_BUILDS\BUILD_037_EXECUTIVE_DASHBOARD\BUILD_037_EXECUTIVE_DASHBOARD\SERVICES\ExecutiveDashboardService.js","152","method_or_function","renderHtml","renderHtml(state) {"
"_LEGACY_BUILDS\BUILD_037_EXECUTIVE_DASHBOARD\BUILD_037_EXECUTIVE_DASHBOARD\VERIFY\VERIFY_EXECUTIVE_DASHBOARD.ps1","20","method_or_function","foreach","foreach ($Rel in $Required) {"
"_LEGACY_BUILDS\BUILD_037_EXECUTIVE_DASHBOARD\BUILD_037_EXECUTIVE_DASHBOARD\VERIFY\VERIFY_EXECUTIVE_DASHBOARD.ps1","27","method_or_function","if","if ($Missing.Count -gt 0) {"
"_LEGACY_BUILDS\BUILD_037_EXECUTIVE_DASHBOARD\BUILD_037_EXECUTIVE_DASHBOARD\VERIFY\VERIFY_EXECUTIVE_DASHBOARD.ps1","53","method_or_function","if","if ($GeneratedMissing.Count -gt 0) {"
"_LEGACY_BUILDS\BUILD_038_SELF_LEARNING_LAYER\BUILD_038_SELF_LEARNING_LAYER\INSTALL_SELF_LEARNING.ps1","33","method_or_function","foreach","foreach ($File in $ServiceFiles) {"
"_LEGACY_BUILDS\BUILD_038_SELF_LEARNING_LAYER\BUILD_038_SELF_LEARNING_LAYER\INSTALL_SELF_LEARNING.ps1","36","method_or_function","if","if (Test-Path $Target) { Copy-Item $Target (Join-Path $Backup $File) -Force }"
"_LEGACY_BUILDS\BUILD_038_SELF_LEARNING_LAYER\BUILD_038_SELF_LEARNING_LAYER\INSTALL_SELF_LEARNING.ps1","43","method_or_function","if","if (Test-Path $BuilderTarget) { Copy-Item $BuilderTarget (Join-Path $Backup ""BuilderService.js"") -Force }"
"_LEGACY_BUILDS\BUILD_038_SELF_LEARNING_LAYER\BUILD_038_SELF_LEARNING_LAYER\VERIFY_SELF_LEARNING.ps1","22","method_or_function","foreach","foreach ($File in $Required) {"
"_LEGACY_BUILDS\BUILD_038_SELF_LEARNING_LAYER\BUILD_038_SELF_LEARNING_LAYER\VERIFY_SELF_LEARNING.ps1","27","method_or_function","if","if ($Missing.Count -gt 0) {"
"_LEGACY_BUILDS\BUILD_038_SELF_LEARNING_LAYER\BUILD_038_SELF_LEARNING_LAYER\BUILDER\BuilderService.js","13","class","BuilderService","class BuilderService {"
"_LEGACY_BUILDS\BUILD_038_SELF_LEARNING_LAYER\BUILD_038_SELF_LEARNING_LAYER\BUILDER\BuilderService.js","14","method_or_function","scanProject","scanProject() { return scanner.writeReport(); }"
"_LEGACY_BUILDS\BUILD_038_SELF_LEARNING_LAYER\BUILD_038_SELF_LEARNING_LAYER\BUILDER\BuilderService.js","16","method_or_function","status","status() {"
"_LEGACY_BUILDS\BUILD_038_SELF_LEARNING_LAYER\BUILD_038_SELF_LEARNING_LAYER\BUILDER\BuilderService.js","20","method_or_function","smokeTest","smokeTest() { return runtime.smokeTest(); }"
"_LEGACY_BUILDS\BUILD_038_SELF_LEARNING_LAYER\BUILD_038_SELF_LEARNING_LAYER\BUILDER\BuilderService.js","22","method_or_function","execute","async execute(task = {}) {"
"_LEGACY_BUILDS\BUILD_038_SELF_LEARNING_LAYER\BUILD_038_SELF_LEARNING_LAYER\BUILDER\BuilderService.js","50","method_or_function","if","if (!commands[action]) {"
"_LEGACY_BUILDS\BUILD_038_SELF_LEARNING_LAYER\BUILD_038_SELF_LEARNING_LAYER\SERVICES\ConfidenceScoringService.js","8","class","ConfidenceScoringService","class ConfidenceScoringService {"
"_LEGACY_BUILDS\BUILD_038_SELF_LEARNING_LAYER\BUILD_038_SELF_LEARNING_LAYER\SERVICES\ConfidenceScoringService.js","9","method_or_function","run","run({ decisionLearning, failureLearning, routingLearning, priorityLearning }) {"
"_LEGACY_BUILDS\BUILD_038_SELF_LEARNING_LAYER\BUILD_038_SELF_LEARNING_LAYER\SERVICES\DecisionLearningService.js","8","class","DecisionLearningService","class DecisionLearningService {"
"_LEGACY_BUILDS\BUILD_038_SELF_LEARNING_LAYER\BUILD_038_SELF_LEARNING_LAYER\SERVICES\DecisionLearningService.js","9","method_or_function","run","run(data) {"
"_LEGACY_BUILDS\BUILD_038_SELF_LEARNING_LAYER\BUILD_038_SELF_LEARNING_LAYER\SERVICES\DecisionLearningService.js","15","method_or_function","for","for (const record of decisions) {"
"_LEGACY_BUILDS\BUILD_038_SELF_LEARNING_LAYER\BUILD_038_SELF_LEARNING_LAYER\SERVICES\DecisionLearningService.js","40","method_or_function","insight","insight(size, proceedRate, escalationRate) {"
"_LEGACY_BUILDS\BUILD_038_SELF_LEARNING_LAYER\BUILD_038_SELF_LEARNING_LAYER\SERVICES\FailureLearningService.js","8","class","FailureLearningService","class FailureLearningService {"
"_LEGACY_BUILDS\BUILD_038_SELF_LEARNING_LAYER\BUILD_038_SELF_LEARNING_LAYER\SERVICES\FailureLearningService.js","9","method_or_function","run","run(data) {"
"_LEGACY_BUILDS\BUILD_038_SELF_LEARNING_LAYER\BUILD_038_SELF_LEARNING_LAYER\SERVICES\FailureLearningService.js","35","method_or_function","runtimeFailures","runtimeFailures(history, latest) {"
"_LEGACY_BUILDS\BUILD_038_SELF_LEARNING_LAYER\BUILD_038_SELF_LEARNING_LAYER\SERVICES\FailureLearningService.js","45","method_or_function","insight","insight(failed, blocked, runtimeFailures) {"
"_LEGACY_BUILDS\BUILD_038_SELF_LEARNING_LAYER\BUILD_038_SELF_LEARNING_LAYER\SERVICES\LearningDataService.js","15","function","readJson","function readJson(file, fallback) {"
"_LEGACY_BUILDS\BUILD_038_SELF_LEARNING_LAYER\BUILD_038_SELF_LEARNING_LAYER\SERVICES\LearningDataService.js","24","function","readJsonRelative","function readJsonRelative(relativePath, fallback) {"
"_LEGACY_BUILDS\BUILD_038_SELF_LEARNING_LAYER\BUILD_038_SELF_LEARNING_LAYER\SERVICES\LearningDataService.js","28","function","normalizeArray","function normalizeArray(value) {"
"_LEGACY_BUILDS\BUILD_038_SELF_LEARNING_LAYER\BUILD_038_SELF_LEARNING_LAYER\SERVICES\LearningDataService.js","34","class","LearningDataService","class LearningDataService {"
"_LEGACY_BUILDS\BUILD_038_SELF_LEARNING_LAYER\BUILD_038_SELF_LEARNING_LAYER\SERVICES\LearningDataService.js","35","method_or_function","collect","collect() {"
"_LEGACY_BUILDS\BUILD_038_SELF_LEARNING_LAYER\BUILD_038_SELF_LEARNING_LAYER\SERVICES\PriorityOptimizationService.js","8","class","PriorityOptimizationService","class PriorityOptimizationService {"
"_LEGACY_BUILDS\BUILD_038_SELF_LEARNING_LAYER\BUILD_038_SELF_LEARNING_LAYER\SERVICES\PriorityOptimizationService.js","9","method_or_function","run","run(data) {"
"_LEGACY_BUILDS\BUILD_038_SELF_LEARNING_LAYER\BUILD_038_SELF_LEARNING_LAYER\SERVICES\PriorityOptimizationService.js","15","method_or_function","for","for (const item of open) {"
"_LEGACY_BUILDS\BUILD_038_SELF_LEARNING_LAYER\BUILD_038_SELF_LEARNING_LAYER\SERVICES\PriorityOptimizationService.js","36","method_or_function","insight","insight(open, urgent) {"
"_LEGACY_BUILDS\BUILD_038_SELF_LEARNING_LAYER\BUILD_038_SELF_LEARNING_LAYER\SERVICES\RecommendationEngineService.js","8","class","RecommendationEngineService","class RecommendationEngineService {"
"_LEGACY_BUILDS\BUILD_038_SELF_LEARNING_LAYER\BUILD_038_SELF_LEARNING_LAYER\SERVICES\RecommendationEngineService.js","9","method_or_function","run","run(learning) {"
"_LEGACY_BUILDS\BUILD_038_SELF_LEARNING_LAYER\BUILD_038_SELF_LEARNING_LAYER\SERVICES\RecommendationEngineService.js","29","method_or_function","add","add(list, condition, area, recommendation, severity) {"
"_LEGACY_BUILDS\BUILD_038_SELF_LEARNING_LAYER\BUILD_038_SELF_LEARNING_LAYER\SERVICES\RoutingLearningService.js","8","class","RoutingLearningService","class RoutingLearningService {"
"_LEGACY_BUILDS\BUILD_038_SELF_LEARNING_LAYER\BUILD_038_SELF_LEARNING_LAYER\SERVICES\RoutingLearningService.js","9","method_or_function","run","run(data) {"
"_LEGACY_BUILDS\BUILD_038_SELF_LEARNING_LAYER\BUILD_038_SELF_LEARNING_LAYER\SERVICES\RoutingLearningService.js","20","method_or_function","for","for (const item of routedItems) {"
"_LEGACY_BUILDS\BUILD_038_SELF_LEARNING_LAYER\BUILD_038_SELF_LEARNING_LAYER\SERVICES\RoutingLearningService.js","42","method_or_function","insight","insight(routeRate, skipRate, awaitingApproval) {"
"_LEGACY_BUILDS\BUILD_038_SELF_LEARNING_LAYER\BUILD_038_SELF_LEARNING_LAYER\SERVICES\SelfLearningService.js","27","function","ensureDir","function ensureDir(dir) { fs.mkdirSync(dir, { recursive: true }); }"
"_LEGACY_BUILDS\BUILD_038_SELF_LEARNING_LAYER\BUILD_038_SELF_LEARNING_LAYER\SERVICES\SelfLearningService.js","28","function","readJson","function readJson(file, fallback) { try { if (!fs.existsSync(file)) return fallback; return JSON.parse(fs.readFileSync(file, ""utf8"")); } catch { return fallback; } }"
"_LEGACY_BUILDS\BUILD_038_SELF_LEARNING_LAYER\BUILD_038_SELF_LEARNING_LAYER\SERVICES\SelfLearningService.js","29","function","writeJson","function writeJson(file, value) { ensureDir(path.dirname(file)); fs.writeFileSync(file, JSON.stringify(value, null, 2), ""utf8""); }"
"_LEGACY_BUILDS\BUILD_038_SELF_LEARNING_LAYER\BUILD_038_SELF_LEARNING_LAYER\SERVICES\SelfLearningService.js","31","class","SelfLearningService","class SelfLearningService {"
"_LEGACY_BUILDS\BUILD_038_SELF_LEARNING_LAYER\BUILD_038_SELF_LEARNING_LAYER\SERVICES\SelfLearningService.js","32","method_or_function","run","run(input = {}) {"
"_LEGACY_BUILDS\BUILD_038_SELF_LEARNING_LAYER\BUILD_038_SELF_LEARNING_LAYER\SERVICES\SelfLearningService.js","86","method_or_function","save","save(state) {"
"_LEGACY_BUILDS\BUILD_038_SELF_LEARNING_LAYER\BUILD_038_SELF_LEARNING_LAYER\SERVICES\SelfLearningService.js","96","method_or_function","renderReport","renderReport(state) {"
"_LEGACY_BUILDS\BUILD_038_SELF_LEARNING_LAYER\BUILD_038_SELF_LEARNING_LAYER\VERIFY\VERIFY_SELF_LEARNING.ps1","22","method_or_function","foreach","foreach ($File in $Required) {"
"_LEGACY_BUILDS\BUILD_038_SELF_LEARNING_LAYER\BUILD_038_SELF_LEARNING_LAYER\VERIFY\VERIFY_SELF_LEARNING.ps1","27","method_or_function","if","if ($Missing.Count -gt 0) {"
"_LEGACY_BUILDS\Drop in\CONNECTORS\GOOGLE\auth.js","7","function","ensureDir","function ensureDir(filePath) {"
"_LEGACY_BUILDS\Drop in\CONNECTORS\GOOGLE\auth.js","11","async function","getGoogleAuthClient","async function getGoogleAuthClient() {"
"_LEGACY_BUILDS\Drop in\CONNECTORS\GOOGLE\auth.js","31","method_or_function","if","if (!authClient.credentials.refresh_token) {"
"_LEGACY_BUILDS\Drop in\CONNECTORS\GOOGLE\auth.js","47","async function","testGoogleAuth","async function testGoogleAuth() {"
"_LEGACY_BUILDS\Drop in\CONNECTORS\GOOGLE\auth.js","62","method_or_function","if","if (require.main === module) {"
"_LEGACY_BUILDS\Drop in\CONNECTORS\GOOGLE\calendar.js","4","async function","getCalendarClient","async function getCalendarClient() {"
"_LEGACY_BUILDS\Drop in\CONNECTORS\GOOGLE\calendar.js","9","async function","listUpcomingEvents","async function listUpcomingEvents(maxResults = 10) {"
"_LEGACY_BUILDS\Drop in\CONNECTORS\GOOGLE\calendar.js","21","async function","healthCheck","async function healthCheck() {"
"_LEGACY_BUILDS\Drop in\CONNECTORS\GOOGLE\contacts.js","4","async function","getPeopleClient","async function getPeopleClient() {"
"_LEGACY_BUILDS\Drop in\CONNECTORS\GOOGLE\contacts.js","9","async function","listContacts","async function listContacts(pageSize = 10) {"
"_LEGACY_BUILDS\Drop in\CONNECTORS\GOOGLE\contacts.js","19","async function","healthCheck","async function healthCheck() {"
"_LEGACY_BUILDS\Drop in\CONNECTORS\GOOGLE\drive.js","4","async function","getDriveClient","async function getDriveClient() {"
"_LEGACY_BUILDS\Drop in\CONNECTORS\GOOGLE\drive.js","9","async function","listRecentFiles","async function listRecentFiles(pageSize = 10) {"
"_LEGACY_BUILDS\Drop in\CONNECTORS\GOOGLE\drive.js","19","async function","healthCheck","async function healthCheck() {"
"_LEGACY_BUILDS\Drop in\CONNECTORS\GOOGLE\gmail.js","4","async function","getGmailClient","async function getGmailClient() {"
"_LEGACY_BUILDS\Drop in\CONNECTORS\GOOGLE\gmail.js","9","async function","listRecentMessages","async function listRecentMessages(maxResults = 10) {"
"_LEGACY_BUILDS\Drop in\CONNECTORS\GOOGLE\gmail.js","15","async function","getMessage","async function getMessage(messageId) {"
"_LEGACY_BUILDS\Drop in\CONNECTORS\GOOGLE\gmail.js","21","async function","healthCheck","async function healthCheck() {"
"_LEGACY_BUILDS\Drop in\CONNECTORS\GOOGLE\index.js","7","async function","healthCheck","async function healthCheck() {"
"_LEGACY_BUILDS\Drop in\CONNECTORS\GOOGLE\index.js","9","method_or_function","for","for (const module of [gmail, calendar, drive, contacts]) {"
"_LEGACY_BUILDS\Drop in\CONNECTORS\GOOGLE\index.js","19","async function","main","async function main() {"
"_LEGACY_BUILDS\Drop in\CONNECTORS\GOOGLE\index.js","27","method_or_function","if","if (require.main === module) {"
"_LEGACY_BUILDS\event-bus\emitter.js","5","class","Bus","class Bus extends EventEmitter {}"
"_LEGACY_BUILDS\event-bus\emitter.js","10","function","emitEvent","function emitEvent(event, payload) {"
"_LEGACY_BUILDS\EXEC_001_UNIFIED_ACTION_ENGINE\EXEC_001_UNIFIED_ACTION_ENGINE\INSTALL_ACTION_ENGINE.ps1","37","method_or_function","foreach","foreach ($File in $Files) {"
"_LEGACY_BUILDS\EXEC_001_UNIFIED_ACTION_ENGINE\EXEC_001_UNIFIED_ACTION_ENGINE\INSTALL_ACTION_ENGINE.ps1","43","method_or_function","if","if (Test-Path $Target) {"
"_LEGACY_BUILDS\EXEC_001_UNIFIED_ACTION_ENGINE\EXEC_001_UNIFIED_ACTION_ENGINE\VERIFY_ACTION_ENGINE.ps1","25","method_or_function","foreach","foreach ($File in $Required) {"
"_LEGACY_BUILDS\EXEC_001_UNIFIED_ACTION_ENGINE\EXEC_001_UNIFIED_ACTION_ENGINE\VERIFY_ACTION_ENGINE.ps1","32","method_or_function","if","if ($Missing.Count -gt 0) {"
"_LEGACY_BUILDS\EXEC_001_UNIFIED_ACTION_ENGINE\EXEC_001_UNIFIED_ACTION_ENGINE\BUILDER\BuilderService.js","19","class","BuilderService","class BuilderService {"
"_LEGACY_BUILDS\EXEC_001_UNIFIED_ACTION_ENGINE\EXEC_001_UNIFIED_ACTION_ENGINE\BUILDER\BuilderService.js","21","method_or_function","scanProject","scanProject() {"
"_LEGACY_BUILDS\EXEC_001_UNIFIED_ACTION_ENGINE\EXEC_001_UNIFIED_ACTION_ENGINE\BUILDER\BuilderService.js","25","method_or_function","status","status() {"
"_LEGACY_BUILDS\EXEC_001_UNIFIED_ACTION_ENGINE\EXEC_001_UNIFIED_ACTION_ENGINE\BUILDER\BuilderService.js","33","method_or_function","smokeTest","smokeTest() {"
"_LEGACY_BUILDS\EXEC_001_UNIFIED_ACTION_ENGINE\EXEC_001_UNIFIED_ACTION_ENGINE\BUILDER\BuilderService.js","37","method_or_function","execute","async execute(task = {}) {"
"_LEGACY_BUILDS\EXEC_001_UNIFIED_ACTION_ENGINE\EXEC_001_UNIFIED_ACTION_ENGINE\BUILDER\BuilderService.js","126","method_or_function","if","if (!commands[action]) {"
"_LEGACY_BUILDS\EXEC_001_UNIFIED_ACTION_ENGINE\EXEC_001_UNIFIED_ACTION_ENGINE\SERVICES\ActionAuditService.js","16","function","ensureDir","function ensureDir(dir) { fs.mkdirSync(dir, { recursive: true }); }"
"_LEGACY_BUILDS\EXEC_001_UNIFIED_ACTION_ENGINE\EXEC_001_UNIFIED_ACTION_ENGINE\SERVICES\ActionAuditService.js","17","function","readJson","function readJson(file, fallback) {"
"_LEGACY_BUILDS\EXEC_001_UNIFIED_ACTION_ENGINE\EXEC_001_UNIFIED_ACTION_ENGINE\SERVICES\ActionAuditService.js","23","function","writeJson","function writeJson(file, value) {"
"_LEGACY_BUILDS\EXEC_001_UNIFIED_ACTION_ENGINE\EXEC_001_UNIFIED_ACTION_ENGINE\SERVICES\ActionAuditService.js","28","class","ActionAuditService","class ActionAuditService {"
"_LEGACY_BUILDS\EXEC_001_UNIFIED_ACTION_ENGINE\EXEC_001_UNIFIED_ACTION_ENGINE\SERVICES\ActionAuditService.js","29","method_or_function","append","append(record) {"
"_LEGACY_BUILDS\EXEC_001_UNIFIED_ACTION_ENGINE\EXEC_001_UNIFIED_ACTION_ENGINE\SERVICES\ActionAuditService.js","42","method_or_function","read","read(limit = 100) {"
"_LEGACY_BUILDS\EXEC_001_UNIFIED_ACTION_ENGINE\EXEC_001_UNIFIED_ACTION_ENGINE\SERVICES\ActionAuditService.js","46","method_or_function","run","run() {"
"_LEGACY_BUILDS\EXEC_001_UNIFIED_ACTION_ENGINE\EXEC_001_UNIFIED_ACTION_ENGINE\SERVICES\ActionDispatcherService.js","19","function","ensureDir","function ensureDir(dir) { fs.mkdirSync(dir, { recursive: true }); }"
"_LEGACY_BUILDS\EXEC_001_UNIFIED_ACTION_ENGINE\EXEC_001_UNIFIED_ACTION_ENGINE\SERVICES\ActionDispatcherService.js","20","function","writeJson","function writeJson(file, value) {"
"_LEGACY_BUILDS\EXEC_001_UNIFIED_ACTION_ENGINE\EXEC_001_UNIFIED_ACTION_ENGINE\SERVICES\ActionDispatcherService.js","25","class","ActionDispatcherService","class ActionDispatcherService {"
"_LEGACY_BUILDS\EXEC_001_UNIFIED_ACTION_ENGINE\EXEC_001_UNIFIED_ACTION_ENGINE\SERVICES\ActionDispatcherService.js","26","method_or_function","dispatch","dispatch(actionRecord, provider) {"
"_LEGACY_BUILDS\EXEC_001_UNIFIED_ACTION_ENGINE\EXEC_001_UNIFIED_ACTION_ENGINE\SERVICES\ActionDispatcherService.js","29","method_or_function","if","if (!provider) {"
"_LEGACY_BUILDS\EXEC_001_UNIFIED_ACTION_ENGINE\EXEC_001_UNIFIED_ACTION_ENGINE\SERVICES\ActionDispatcherService.js","33","method_or_function","if","if (provider.canExecute !== true) {"
"_LEGACY_BUILDS\EXEC_001_UNIFIED_ACTION_ENGINE\EXEC_001_UNIFIED_ACTION_ENGINE\SERVICES\ActionDispatcherService.js","46","method_or_function","if","if (provider.id === ""filesystem"") {"
"_LEGACY_BUILDS\EXEC_001_UNIFIED_ACTION_ENGINE\EXEC_001_UNIFIED_ACTION_ENGINE\SERVICES\ActionDispatcherService.js","50","method_or_function","if","if (provider.id === ""orion"") {"
"_LEGACY_BUILDS\EXEC_001_UNIFIED_ACTION_ENGINE\EXEC_001_UNIFIED_ACTION_ENGINE\SERVICES\ActionDispatcherService.js","54","method_or_function","if","if (provider.id === ""general_operations"") {"
"_LEGACY_BUILDS\EXEC_001_UNIFIED_ACTION_ENGINE\EXEC_001_UNIFIED_ACTION_ENGINE\SERVICES\ActionDispatcherService.js","61","method_or_function","dispatchFilesystem","dispatchFilesystem(actionRecord, startedAt) {"
"_LEGACY_BUILDS\EXEC_001_UNIFIED_ACTION_ENGINE\EXEC_001_UNIFIED_ACTION_ENGINE\SERVICES\ActionDispatcherService.js","64","method_or_function","if","if (operation === ""WRITE_JSON"") {"
"_LEGACY_BUILDS\EXEC_001_UNIFIED_ACTION_ENGINE\EXEC_001_UNIFIED_ACTION_ENGINE\SERVICES\ActionDispatcherService.js","85","method_or_function","dispatchInternalRecord","dispatchInternalRecord(actionRecord, startedAt, message) {"
"_LEGACY_BUILDS\EXEC_001_UNIFIED_ACTION_ENGINE\EXEC_001_UNIFIED_ACTION_ENGINE\SERVICES\ActionDispatcherService.js","107","method_or_function","result","result(ok, actionRecord, startedAt, status, message) {"
"_LEGACY_BUILDS\EXEC_001_UNIFIED_ACTION_ENGINE\EXEC_001_UNIFIED_ACTION_ENGINE\SERVICES\ActionEngineService.js","30","function","ensureDir","function ensureDir(dir) { fs.mkdirSync(dir, { recursive: true }); }"
"_LEGACY_BUILDS\EXEC_001_UNIFIED_ACTION_ENGINE\EXEC_001_UNIFIED_ACTION_ENGINE\SERVICES\ActionEngineService.js","31","function","readJson","function readJson(file, fallback) {"
"_LEGACY_BUILDS\EXEC_001_UNIFIED_ACTION_ENGINE\EXEC_001_UNIFIED_ACTION_ENGINE\SERVICES\ActionEngineService.js","37","function","writeJson","function writeJson(file, value) {"
"_LEGACY_BUILDS\EXEC_001_UNIFIED_ACTION_ENGINE\EXEC_001_UNIFIED_ACTION_ENGINE\SERVICES\ActionEngineService.js","42","class","ActionEngineService","class ActionEngineService {"
"_LEGACY_BUILDS\EXEC_001_UNIFIED_ACTION_ENGINE\EXEC_001_UNIFIED_ACTION_ENGINE\SERVICES\ActionEngineService.js","43","method_or_function","constructor","constructor(options = {}) {"
"_LEGACY_BUILDS\EXEC_001_UNIFIED_ACTION_ENGINE\EXEC_001_UNIFIED_ACTION_ENGINE\SERVICES\ActionEngineService.js","50","method_or_function","run","run(input = {}) {"
"_LEGACY_BUILDS\EXEC_001_UNIFIED_ACTION_ENGINE\EXEC_001_UNIFIED_ACTION_ENGINE\SERVICES\ActionEngineService.js","75","method_or_function","if","if (item.requiresKevin === true || item.executionType === ""APPROVAL_REQUIRED"") {"
"_LEGACY_BUILDS\EXEC_001_UNIFIED_ACTION_ENGINE\EXEC_001_UNIFIED_ACTION_ENGINE\SERVICES\ActionEngineService.js","109","method_or_function","if","if (verification.verified === true) {"
"_LEGACY_BUILDS\EXEC_001_UNIFIED_ACTION_ENGINE\EXEC_001_UNIFIED_ACTION_ENGINE\SERVICES\ActionEngineService.js","185","method_or_function","normalizeWorkItem","normalizeWorkItem(item, mode) {"
"_LEGACY_BUILDS\EXEC_001_UNIFIED_ACTION_ENGINE\EXEC_001_UNIFIED_ACTION_ENGINE\SERVICES\ActionEngineService.js","230","method_or_function","detectOperation","detectOperation(text, provider) {"
"_LEGACY_BUILDS\EXEC_001_UNIFIED_ACTION_ENGINE\EXEC_001_UNIFIED_ACTION_ENGINE\SERVICES\ActionEngineService.js","243","method_or_function","save","save(result) {"
"_LEGACY_BUILDS\EXEC_001_UNIFIED_ACTION_ENGINE\EXEC_001_UNIFIED_ACTION_ENGINE\SERVICES\ActionEngineService.js","249","method_or_function","renderReport","renderReport(result) {"
"_LEGACY_BUILDS\EXEC_001_UNIFIED_ACTION_ENGINE\EXEC_001_UNIFIED_ACTION_ENGINE\SERVICES\ActionHistoryService.js","16","function","ensureDir","function ensureDir(dir) { fs.mkdirSync(dir, { recursive: true }); }"
"_LEGACY_BUILDS\EXEC_001_UNIFIED_ACTION_ENGINE\EXEC_001_UNIFIED_ACTION_ENGINE\SERVICES\ActionHistoryService.js","17","function","readJson","function readJson(file, fallback) {"
"_LEGACY_BUILDS\EXEC_001_UNIFIED_ACTION_ENGINE\EXEC_001_UNIFIED_ACTION_ENGINE\SERVICES\ActionHistoryService.js","23","function","writeJson","function writeJson(file, value) {"
"_LEGACY_BUILDS\EXEC_001_UNIFIED_ACTION_ENGINE\EXEC_001_UNIFIED_ACTION_ENGINE\SERVICES\ActionHistoryService.js","28","class","ActionHistoryService","class ActionHistoryService {"
"_LEGACY_BUILDS\EXEC_001_UNIFIED_ACTION_ENGINE\EXEC_001_UNIFIED_ACTION_ENGINE\SERVICES\ActionHistoryService.js","29","method_or_function","append","append(record) {"
"_LEGACY_BUILDS\EXEC_001_UNIFIED_ACTION_ENGINE\EXEC_001_UNIFIED_ACTION_ENGINE\SERVICES\ActionHistoryService.js","40","method_or_function","getRecent","getRecent(limit = 100) {"
"_LEGACY_BUILDS\EXEC_001_UNIFIED_ACTION_ENGINE\EXEC_001_UNIFIED_ACTION_ENGINE\SERVICES\ActionHistoryService.js","44","method_or_function","summarize","summarize() {"
"_LEGACY_BUILDS\EXEC_001_UNIFIED_ACTION_ENGINE\EXEC_001_UNIFIED_ACTION_ENGINE\SERVICES\ActionHistoryService.js","48","method_or_function","for","for (const item of history) {"
"_LEGACY_BUILDS\EXEC_001_UNIFIED_ACTION_ENGINE\EXEC_001_UNIFIED_ACTION_ENGINE\SERVICES\ActionHistoryService.js","57","method_or_function","run","run() {"
"_LEGACY_BUILDS\EXEC_001_UNIFIED_ACTION_ENGINE\EXEC_001_UNIFIED_ACTION_ENGINE\SERVICES\ActionRetryService.js","9","class","ActionRetryService","class ActionRetryService {"
"_LEGACY_BUILDS\EXEC_001_UNIFIED_ACTION_ENGINE\EXEC_001_UNIFIED_ACTION_ENGINE\SERVICES\ActionRetryService.js","10","method_or_function","shouldRetry","shouldRetry(actionRecord, dispatchResult, verification) {"
"_LEGACY_BUILDS\EXEC_001_UNIFIED_ACTION_ENGINE\EXEC_001_UNIFIED_ACTION_ENGINE\SERVICES\ActionRetryService.js","21","method_or_function","buildRetry","buildRetry(actionRecord, reason) {"
"_LEGACY_BUILDS\EXEC_001_UNIFIED_ACTION_ENGINE\EXEC_001_UNIFIED_ACTION_ENGINE\SERVICES\ActionVerificationService.js","12","class","ActionVerificationService","class ActionVerificationService {"
"_LEGACY_BUILDS\EXEC_001_UNIFIED_ACTION_ENGINE\EXEC_001_UNIFIED_ACTION_ENGINE\SERVICES\ActionVerificationService.js","13","method_or_function","verify","verify(actionRecord, dispatchResult = {}) {"
"_LEGACY_BUILDS\EXEC_001_UNIFIED_ACTION_ENGINE\EXEC_001_UNIFIED_ACTION_ENGINE\SERVICES\ActionVerificationService.js","17","method_or_function","if","if (dispatchResult.status === ""NEEDS_PROVIDER_CONNECTOR"") {"
"_LEGACY_BUILDS\EXEC_001_UNIFIED_ACTION_ENGINE\EXEC_001_UNIFIED_ACTION_ENGINE\SERVICES\ActionVerificationService.js","29","method_or_function","if","if (provider === ""filesystem"" && actionRecord.payload?.verifyFile) {"
"_LEGACY_BUILDS\EXEC_001_UNIFIED_ACTION_ENGINE\EXEC_001_UNIFIED_ACTION_ENGINE\SERVICES\ProviderRegistryService.js","21","function","ensureDir","function ensureDir(dir) {"
"_LEGACY_BUILDS\EXEC_001_UNIFIED_ACTION_ENGINE\EXEC_001_UNIFIED_ACTION_ENGINE\SERVICES\ProviderRegistryService.js","25","function","readJson","function readJson(file, fallback) {"
"_LEGACY_BUILDS\EXEC_001_UNIFIED_ACTION_ENGINE\EXEC_001_UNIFIED_ACTION_ENGINE\SERVICES\ProviderRegistryService.js","34","function","writeJson","function writeJson(file, value) {"
"_LEGACY_BUILDS\EXEC_001_UNIFIED_ACTION_ENGINE\EXEC_001_UNIFIED_ACTION_ENGINE\SERVICES\ProviderRegistryService.js","39","class","ProviderRegistryService","class ProviderRegistryService {"
"_LEGACY_BUILDS\EXEC_001_UNIFIED_ACTION_ENGINE\EXEC_001_UNIFIED_ACTION_ENGINE\SERVICES\ProviderRegistryService.js","40","method_or_function","constructor","constructor() {"
"_LEGACY_BUILDS\EXEC_001_UNIFIED_ACTION_ENGINE\EXEC_001_UNIFIED_ACTION_ENGINE\SERVICES\ProviderRegistryService.js","44","method_or_function","run","run(input = {}) {"
"_LEGACY_BUILDS\EXEC_001_UNIFIED_ACTION_ENGINE\EXEC_001_UNIFIED_ACTION_ENGINE\SERVICES\ProviderRegistryService.js","47","method_or_function","if","if (input.refresh === true) {"
"_LEGACY_BUILDS\EXEC_001_UNIFIED_ACTION_ENGINE\EXEC_001_UNIFIED_ACTION_ENGINE\SERVICES\ProviderRegistryService.js","66","method_or_function","loadOrCreate","loadOrCreate() {"
"_LEGACY_BUILDS\EXEC_001_UNIFIED_ACTION_ENGINE\EXEC_001_UNIFIED_ACTION_ENGINE\SERVICES\ProviderRegistryService.js","90","method_or_function","getProvider","getProvider(name) {"
"_LEGACY_BUILDS\EXEC_001_UNIFIED_ACTION_ENGINE\EXEC_001_UNIFIED_ACTION_ENGINE\SERVICES\ProviderRegistryService.js","100","method_or_function","resolveProviderFromText","resolveProviderFromText(text) {"
"_LEGACY_BUILDS\EXEC_001_UNIFIED_ACTION_ENGINE\EXEC_001_UNIFIED_ACTION_ENGINE\SERVICES\ProviderRegistryService.js","104","method_or_function","for","for (const provider of registry.providers) {"
"_LEGACY_BUILDS\EXEC_001_UNIFIED_ACTION_ENGINE\EXEC_001_UNIFIED_ACTION_ENGINE\SERVICES\ProviderRegistryService.js","123","method_or_function","buildDefaults","buildDefaults() {"
"_LEGACY_BUILDS\EXEC_001_UNIFIED_ACTION_ENGINE\EXEC_001_UNIFIED_ACTION_ENGINE\SERVICES\ProviderRegistryService.js","274","method_or_function","renderReport","renderReport(registry) {"
"_LEGACY_BUILDS\EXEC_002_PROVIDER_CONTROLLERS\EXEC_002_PROVIDER_CONTROLLERS\INSTALL_PROVIDER_CONTROLLERS.ps1","22","method_or_function","foreach","foreach ($file in $serviceFiles) {"
"_LEGACY_BUILDS\EXEC_002_PROVIDER_CONTROLLERS\EXEC_002_PROVIDER_CONTROLLERS\INSTALL_PROVIDER_CONTROLLERS.ps1","24","method_or_function","if","if (Test-Path $dest) { Copy-Item $dest (Join-Path $Backup $file.Name) -Force }"
"_LEGACY_BUILDS\EXEC_002_PROVIDER_CONTROLLERS\EXEC_002_PROVIDER_CONTROLLERS\INSTALL_PROVIDER_CONTROLLERS.ps1","30","method_or_function","if","if (Test-Path $builderDest) { Copy-Item $builderDest (Join-Path $Root ""BUILDER\BuilderService.previous.js"") -Force; Copy-Item $builderDest (Join-Path $Backup ""BuilderService.js"") -Force }"
"_LEGACY_BUILDS\EXEC_002_PROVIDER_CONTROLLERS\EXEC_002_PROVIDER_CONTROLLERS\BUILDER\BuilderService.js","9","class","BuilderService","class BuilderService {"
"_LEGACY_BUILDS\EXEC_002_PROVIDER_CONTROLLERS\EXEC_002_PROVIDER_CONTROLLERS\BUILDER\BuilderService.js","10","method_or_function","execute","async execute(task = {}) {"
"_LEGACY_BUILDS\EXEC_002_PROVIDER_CONTROLLERS\EXEC_002_PROVIDER_CONTROLLERS\BUILDER\BuilderService.js","23","method_or_function","if","if (!commands[action]) {"
"_LEGACY_BUILDS\EXEC_002_PROVIDER_CONTROLLERS\EXEC_002_PROVIDER_CONTROLLERS\BUILDER\index.js","2","async function","main","async function main(){ const action = process.argv[2] || ""PROVIDER_CONTROLLERS""; const result = await builder.execute({ action }); console.log(JSON.stringify(result,null,2)); }"
"_LEGACY_BUILDS\EXEC_002_PROVIDER_CONTROLLERS\EXEC_002_PROVIDER_CONTROLLERS\BUILDER\index.js","3","method_or_function","if","if(require.main === module){ main().catch(e=>{ console.error(e.stack || e.message); process.exit(1); }); }"
"_LEGACY_BUILDS\EXEC_002_PROVIDER_CONTROLLERS\EXEC_002_PROVIDER_CONTROLLERS\SERVICES\BaseProviderController.js","3","class","BaseProviderController","class BaseProviderController {"
"_LEGACY_BUILDS\EXEC_002_PROVIDER_CONTROLLERS\EXEC_002_PROVIDER_CONTROLLERS\SERVICES\BaseProviderController.js","4","method_or_function","constructor","constructor(options = {}) {"
"_LEGACY_BUILDS\EXEC_002_PROVIDER_CONTROLLERS\EXEC_002_PROVIDER_CONTROLLERS\SERVICES\BaseProviderController.js","12","method_or_function","now","now() { return new Date().toISOString(); }"
"_LEGACY_BUILDS\EXEC_002_PROVIDER_CONTROLLERS\EXEC_002_PROVIDER_CONTROLLERS\SERVICES\BaseProviderController.js","14","method_or_function","hasCredentials","hasCredentials() {"
"_LEGACY_BUILDS\EXEC_002_PROVIDER_CONTROLLERS\EXEC_002_PROVIDER_CONTROLLERS\SERVICES\BaseProviderController.js","18","method_or_function","status","status() {"
"_LEGACY_BUILDS\EXEC_002_PROVIDER_CONTROLLERS\EXEC_002_PROVIDER_CONTROLLERS\SERVICES\BaseProviderController.js","30","method_or_function","connect","async connect() {"
"_LEGACY_BUILDS\EXEC_002_PROVIDER_CONTROLLERS\EXEC_002_PROVIDER_CONTROLLERS\SERVICES\BaseProviderController.js","43","method_or_function","validate","async validate(operation) {"
"_LEGACY_BUILDS\EXEC_002_PROVIDER_CONTROLLERS\EXEC_002_PROVIDER_CONTROLLERS\SERVICES\BaseProviderController.js","56","method_or_function","execute","async execute(actionRecord) {"
"_LEGACY_BUILDS\EXEC_002_PROVIDER_CONTROLLERS\EXEC_002_PROVIDER_CONTROLLERS\SERVICES\BaseProviderController.js","59","method_or_function","if","if (!validation.ok) {"
"_LEGACY_BUILDS\EXEC_002_PROVIDER_CONTROLLERS\EXEC_002_PROVIDER_CONTROLLERS\SERVICES\BaseProviderController.js","94","method_or_function","verify","async verify(actionRecord, executionResult) {"
"_LEGACY_BUILDS\EXEC_002_PROVIDER_CONTROLLERS\EXEC_002_PROVIDER_CONTROLLERS\SERVICES\BaseProviderController.js","109","method_or_function","rollback","async rollback(actionRecord) {"
"_LEGACY_BUILDS\EXEC_002_PROVIDER_CONTROLLERS\EXEC_002_PROVIDER_CONTROLLERS\SERVICES\FileSystemProviderController.js","6","class","FileSystemProviderController","class FileSystemProviderController extends BaseProviderController {"
"_LEGACY_BUILDS\EXEC_002_PROVIDER_CONTROLLERS\EXEC_002_PROVIDER_CONTROLLERS\SERVICES\FileSystemProviderController.js","7","method_or_function","constructor","constructor() {"
"_LEGACY_BUILDS\EXEC_002_PROVIDER_CONTROLLERS\EXEC_002_PROVIDER_CONTROLLERS\SERVICES\FileSystemProviderController.js","10","method_or_function","safePath","safePath(p) {"
"_LEGACY_BUILDS\EXEC_002_PROVIDER_CONTROLLERS\EXEC_002_PROVIDER_CONTROLLERS\SERVICES\FileSystemProviderController.js","15","method_or_function","execute","async execute(actionRecord) {"
"_LEGACY_BUILDS\EXEC_002_PROVIDER_CONTROLLERS\EXEC_002_PROVIDER_CONTROLLERS\SERVICES\FileSystemProviderController.js","20","method_or_function","if","if (op === ""ENSURE_DIRECTORY"") { const dir = this.safePath(payload.path); fs.mkdirSync(dir, { recursive: true }); return { ok: true, provider: this.key, operation: op, status: ""EXECUTED"", executed: true, path: dir, generatedAt: this.now() }; }"
"_LEGACY_BUILDS\EXEC_002_PROVIDER_CONTROLLERS\EXEC_002_PROVIDER_CONTROLLERS\SERVICES\FileSystemProviderController.js","21","method_or_function","if","if (op === ""WRITE_JSON"") { const file = this.safePath(payload.path); fs.mkdirSync(path.dirname(file), { recursive: true }); fs.writeFileSync(file, JSON.stringify(payload.value || {}, null, 2), ""utf8""); return { ok: true, provider: this.key, operation: op, status: ""EXECUTED"", executed: true, path: file, generatedAt: this.now() }; }"
"_LEGACY_BUILDS\EXEC_002_PROVIDER_CONTROLLERS\EXEC_002_PROVIDER_CONTROLLERS\SERVICES\FileSystemProviderController.js","22","method_or_function","if","if (op === ""READ_JSON"") { const file = this.safePath(payload.path); const value = fs.existsSync(file) ? JSON.parse(fs.readFileSync(file, ""utf8"")) : null; return { ok: true, provider: this.key, operation: op, status: ""EXECUTED"", executed: true, path: file, value, generatedAt: this.now() }; }"
"_LEGACY_BUILDS\EXEC_002_PROVIDER_CONTROLLERS\EXEC_002_PROVIDER_CONTROLLERS\SERVICES\FileSystemProviderController.js","23","method_or_function","if","if (op === ""VERIFY_PATH"") { const file = this.safePath(payload.path); return { ok: true, provider: this.key, operation: op, status: ""EXECUTED"", executed: true, exists: fs.existsSync(file), path: file, generatedAt: this.now() }; }"
"_LEGACY_BUILDS\EXEC_002_PROVIDER_CONTROLLERS\EXEC_002_PROVIDER_CONTROLLERS\SERVICES\GoogleWorkspaceProviderController.js","3","class","GoogleWorkspaceProviderController","class GoogleWorkspaceProviderController extends BaseProviderController {"
"_LEGACY_BUILDS\EXEC_002_PROVIDER_CONTROLLERS\EXEC_002_PROVIDER_CONTROLLERS\SERVICES\GoogleWorkspaceProviderController.js","4","method_or_function","constructor","constructor() {"
"_LEGACY_BUILDS\EXEC_002_PROVIDER_CONTROLLERS\EXEC_002_PROVIDER_CONTROLLERS\SERVICES\InstantlyProviderController.js","4","class","InstantlyProviderController","class InstantlyProviderController extends BaseProviderController {"
"_LEGACY_BUILDS\EXEC_002_PROVIDER_CONTROLLERS\EXEC_002_PROVIDER_CONTROLLERS\SERVICES\InstantlyProviderController.js","5","method_or_function","constructor","constructor() {"
"_LEGACY_BUILDS\EXEC_002_PROVIDER_CONTROLLERS\EXEC_002_PROVIDER_CONTROLLERS\SERVICES\NamecheapProviderController.js","3","class","NamecheapProviderController","class NamecheapProviderController extends BaseProviderController {"
"_LEGACY_BUILDS\EXEC_002_PROVIDER_CONTROLLERS\EXEC_002_PROVIDER_CONTROLLERS\SERVICES\NamecheapProviderController.js","4","method_or_function","constructor","constructor() {"
"_LEGACY_BUILDS\EXEC_002_PROVIDER_CONTROLLERS\EXEC_002_PROVIDER_CONTROLLERS\SERVICES\OrionProviderController.js","3","class","OrionProviderController","class OrionProviderController extends BaseProviderController {"
"_LEGACY_BUILDS\EXEC_002_PROVIDER_CONTROLLERS\EXEC_002_PROVIDER_CONTROLLERS\SERVICES\OrionProviderController.js","4","method_or_function","constructor","constructor() {"
"_LEGACY_BUILDS\EXEC_002_PROVIDER_CONTROLLERS\EXEC_002_PROVIDER_CONTROLLERS\SERVICES\ProviderControllerExecutionService.js","8","function","ensureDir","function ensureDir(dir){ fs.mkdirSync(dir,{recursive:true}); }"
"_LEGACY_BUILDS\EXEC_002_PROVIDER_CONTROLLERS\EXEC_002_PROVIDER_CONTROLLERS\SERVICES\ProviderControllerExecutionService.js","9","function","readJson","function readJson(file,fallback){ try{ if(!fs.existsSync(file)) return fallback; return JSON.parse(fs.readFileSync(file,""utf8"")); } catch { return fallback; } }"
"_LEGACY_BUILDS\EXEC_002_PROVIDER_CONTROLLERS\EXEC_002_PROVIDER_CONTROLLERS\SERVICES\ProviderControllerExecutionService.js","10","function","writeJson","function writeJson(file,value){ ensureDir(path.dirname(file)); fs.writeFileSync(file, JSON.stringify(value,null,2), ""utf8""); }"
"_LEGACY_BUILDS\EXEC_002_PROVIDER_CONTROLLERS\EXEC_002_PROVIDER_CONTROLLERS\SERVICES\ProviderControllerExecutionService.js","11","function","append","function append(record){ const h = readJson(HISTORY, []); h.push(record); writeJson(HISTORY, h.slice(-1000)); }"
"_LEGACY_BUILDS\EXEC_002_PROVIDER_CONTROLLERS\EXEC_002_PROVIDER_CONTROLLERS\SERVICES\ProviderControllerExecutionService.js","12","class","ProviderControllerExecutionService","class ProviderControllerExecutionService {"
"_LEGACY_BUILDS\EXEC_002_PROVIDER_CONTROLLERS\EXEC_002_PROVIDER_CONTROLLERS\SERVICES\ProviderControllerExecutionService.js","13","method_or_function","run","async run(input={}){"
"_LEGACY_BUILDS\EXEC_002_PROVIDER_CONTROLLERS\EXEC_002_PROVIDER_CONTROLLERS\SERVICES\ProviderControllerExecutionService.js","18","method_or_function","if","if(!controller){"
"_LEGACY_BUILDS\EXEC_002_PROVIDER_CONTROLLERS\EXEC_002_PROVIDER_CONTROLLERS\SERVICES\ProviderControllerHealthService.js","7","function","ensureDir","function ensureDir(dir){ fs.mkdirSync(dir,{recursive:true}); }"
"_LEGACY_BUILDS\EXEC_002_PROVIDER_CONTROLLERS\EXEC_002_PROVIDER_CONTROLLERS\SERVICES\ProviderControllerHealthService.js","8","function","writeJson","function writeJson(file,value){ ensureDir(path.dirname(file)); fs.writeFileSync(file, JSON.stringify(value,null,2), ""utf8""); }"
"_LEGACY_BUILDS\EXEC_002_PROVIDER_CONTROLLERS\EXEC_002_PROVIDER_CONTROLLERS\SERVICES\ProviderControllerHealthService.js","9","class","ProviderControllerHealthService","class ProviderControllerHealthService {"
"_LEGACY_BUILDS\EXEC_002_PROVIDER_CONTROLLERS\EXEC_002_PROVIDER_CONTROLLERS\SERVICES\ProviderControllerHealthService.js","10","method_or_function","run","async run(){"
"_LEGACY_BUILDS\EXEC_002_PROVIDER_CONTROLLERS\EXEC_002_PROVIDER_CONTROLLERS\SERVICES\ProviderControllerRegistryService.js","6","function","ensureDir","function ensureDir(dir){ fs.mkdirSync(dir,{recursive:true}); }"
"_LEGACY_BUILDS\EXEC_002_PROVIDER_CONTROLLERS\EXEC_002_PROVIDER_CONTROLLERS\SERVICES\ProviderControllerRegistryService.js","7","function","writeJson","function writeJson(file,value){ ensureDir(path.dirname(file)); fs.writeFileSync(file, JSON.stringify(value,null,2), ""utf8""); }"
"_LEGACY_BUILDS\EXEC_002_PROVIDER_CONTROLLERS\EXEC_002_PROVIDER_CONTROLLERS\SERVICES\ProviderControllerRegistryService.js","8","class","ProviderControllerRegistryService","class ProviderControllerRegistryService {"
"_LEGACY_BUILDS\EXEC_002_PROVIDER_CONTROLLERS\EXEC_002_PROVIDER_CONTROLLERS\SERVICES\ProviderControllerRegistryService.js","9","method_or_function","constructor","constructor(){"
"_LEGACY_BUILDS\EXEC_002_PROVIDER_CONTROLLERS\EXEC_002_PROVIDER_CONTROLLERS\SERVICES\ProviderControllerRegistryService.js","19","method_or_function","get","get(provider){ return this.controllers[String(provider||"""").toLowerCase()] || null; }"
"_LEGACY_BUILDS\EXEC_002_PROVIDER_CONTROLLERS\EXEC_002_PROVIDER_CONTROLLERS\SERVICES\ProviderControllerRegistryService.js","20","method_or_function","list","list(){ return Object.values(this.controllers).map(c => c.status()); }"
"_LEGACY_BUILDS\EXEC_002_PROVIDER_CONTROLLERS\EXEC_002_PROVIDER_CONTROLLERS\SERVICES\ProviderControllerRegistryService.js","21","method_or_function","run","run(){"
"_LEGACY_BUILDS\EXEC_002_PROVIDER_CONTROLLERS\EXEC_002_PROVIDER_CONTROLLERS\SERVICES\ProviderControllerRegistryService.js","39","method_or_function","render","render(result){ return `# EXEC_002 Provider Controllers\n\nGenerated: ${result.generatedAt}\n\nTotal: ${result.summary.total}\nExecutable: ${result.summary.executable}\nCredentials Configured: ${result.summary.credentialsConfigured}\n\n${result.providers.map(p=>`- ${p.providerName} (${p.provider}) â€” executable=${p.executable}, credentials=${p.credentialsPresent}`).join(""\n"")}\n`; }"
"_LEGACY_BUILDS\EXEC_002_PROVIDER_CONTROLLERS\EXEC_002_PROVIDER_CONTROLLERS\SERVICES\WebsiteProviderController.js","3","class","WebsiteProviderController","class WebsiteProviderController extends BaseProviderController {"
"_LEGACY_BUILDS\EXEC_002_PROVIDER_CONTROLLERS\EXEC_002_PROVIDER_CONTROLLERS\SERVICES\WebsiteProviderController.js","4","method_or_function","constructor","constructor() {"
"_LEGACY_BUILDS\EXEC_003_INSTANTLY_LIVE_INTEGRATION\EXEC_003_INSTANTLY_LIVE_INTEGRATION\INSTALL_INSTANTLY_LIVE.ps1","24","method_or_function","foreach","foreach ($f in $files) {"
"_LEGACY_BUILDS\EXEC_003_INSTANTLY_LIVE_INTEGRATION\EXEC_003_INSTANTLY_LIVE_INTEGRATION\INSTALL_INSTANTLY_LIVE.ps1","27","method_or_function","if","if (Test-Path $dst) {"
"_LEGACY_BUILDS\EXEC_003_INSTANTLY_LIVE_INTEGRATION\EXEC_003_INSTANTLY_LIVE_INTEGRATION\VERIFY_EXEC_003.ps1","17","method_or_function","foreach","foreach ($f in $required) { if (!(Test-Path (Join-Path $Root $f))) { $missing += $f } }"
"_LEGACY_BUILDS\EXEC_003_INSTANTLY_LIVE_INTEGRATION\EXEC_003_INSTANTLY_LIVE_INTEGRATION\VERIFY_EXEC_003.ps1","18","method_or_function","if","if ($missing.Count -gt 0) { throw ""Missing files: $($missing -join ', ')"" }"
"_LEGACY_BUILDS\EXEC_003_INSTANTLY_LIVE_INTEGRATION\EXEC_003_INSTANTLY_LIVE_INTEGRATION\VERIFY_EXEC_003.ps1","19","method_or_function","foreach","foreach ($f in $required) { node -c (Join-Path $Root $f) }"
"_LEGACY_BUILDS\EXEC_003_INSTANTLY_LIVE_INTEGRATION\EXEC_003_INSTANTLY_LIVE_INTEGRATION\BUILDER\BuilderService.js","8","class","BuilderService","class BuilderService {"
"_LEGACY_BUILDS\EXEC_003_INSTANTLY_LIVE_INTEGRATION\EXEC_003_INSTANTLY_LIVE_INTEGRATION\BUILDER\BuilderService.js","9","method_or_function","safeRequire","safeRequire(modulePath) {"
"_LEGACY_BUILDS\EXEC_003_INSTANTLY_LIVE_INTEGRATION\EXEC_003_INSTANTLY_LIVE_INTEGRATION\BUILDER\BuilderService.js","11","method_or_function","catch","catch (error) {"
"_LEGACY_BUILDS\EXEC_003_INSTANTLY_LIVE_INTEGRATION\EXEC_003_INSTANTLY_LIVE_INTEGRATION\BUILDER\BuilderService.js","16","method_or_function","execute","async execute(task = {}) {"
"_LEGACY_BUILDS\EXEC_003_INSTANTLY_LIVE_INTEGRATION\EXEC_003_INSTANTLY_LIVE_INTEGRATION\BUILDER\BuilderService.js","43","method_or_function","if","if (!commands[action]) {"
"_LEGACY_BUILDS\EXEC_003_INSTANTLY_LIVE_INTEGRATION\EXEC_003_INSTANTLY_LIVE_INTEGRATION\SERVICES\InstantlyActionBridgeService.js","19","function","ensureDir","function ensureDir(dir) { fs.mkdirSync(dir, { recursive: true }); }"
"_LEGACY_BUILDS\EXEC_003_INSTANTLY_LIVE_INTEGRATION\EXEC_003_INSTANTLY_LIVE_INTEGRATION\SERVICES\InstantlyActionBridgeService.js","20","function","readJson","function readJson(file, fallback) { try { return fs.existsSync(file) ? JSON.parse(fs.readFileSync(file, ""utf8"")) : fallback; } catch { return fallback; } }"
"_LEGACY_BUILDS\EXEC_003_INSTANTLY_LIVE_INTEGRATION\EXEC_003_INSTANTLY_LIVE_INTEGRATION\SERVICES\InstantlyActionBridgeService.js","21","function","writeJson","function writeJson(file, value) { ensureDir(path.dirname(file)); fs.writeFileSync(file, JSON.stringify(value, null, 2), ""utf8""); }"
"_LEGACY_BUILDS\EXEC_003_INSTANTLY_LIVE_INTEGRATION\EXEC_003_INSTANTLY_LIVE_INTEGRATION\SERVICES\InstantlyActionBridgeService.js","23","class","InstantlyActionBridgeService","class InstantlyActionBridgeService {"
"_LEGACY_BUILDS\EXEC_003_INSTANTLY_LIVE_INTEGRATION\EXEC_003_INSTANTLY_LIVE_INTEGRATION\SERVICES\InstantlyActionBridgeService.js","24","method_or_function","normalizeAction","normalizeAction(input = {}) {"
"_LEGACY_BUILDS\EXEC_003_INSTANTLY_LIVE_INTEGRATION\EXEC_003_INSTANTLY_LIVE_INTEGRATION\SERVICES\InstantlyActionBridgeService.js","36","method_or_function","run","async run(input = {}) {"
"_LEGACY_BUILDS\EXEC_003_INSTANTLY_LIVE_INTEGRATION\EXEC_003_INSTANTLY_LIVE_INTEGRATION\SERVICES\InstantlyActionBridgeService.js","66","method_or_function","runLatestActionEngineInstantlyAction","async runLatestActionEngineInstantlyAction() {"
"_LEGACY_BUILDS\EXEC_003_INSTANTLY_LIVE_INTEGRATION\EXEC_003_INSTANTLY_LIVE_INTEGRATION\SERVICES\InstantlyActionBridgeService.js","73","method_or_function","for","for (const file of candidates) {"
"_LEGACY_BUILDS\EXEC_003_INSTANTLY_LIVE_INTEGRATION\EXEC_003_INSTANTLY_LIVE_INTEGRATION\SERVICES\InstantlyApiClient.js","17","class","InstantlyApiClient","class InstantlyApiClient {"
"_LEGACY_BUILDS\EXEC_003_INSTANTLY_LIVE_INTEGRATION\EXEC_003_INSTANTLY_LIVE_INTEGRATION\SERVICES\InstantlyApiClient.js","18","method_or_function","constructor","constructor(options = {}) {"
"_LEGACY_BUILDS\EXEC_003_INSTANTLY_LIVE_INTEGRATION\EXEC_003_INSTANTLY_LIVE_INTEGRATION\SERVICES\InstantlyApiClient.js","24","method_or_function","credentialsPresent","credentialsPresent() {"
"_LEGACY_BUILDS\EXEC_003_INSTANTLY_LIVE_INTEGRATION\EXEC_003_INSTANTLY_LIVE_INTEGRATION\SERVICES\InstantlyApiClient.js","28","method_or_function","headers","headers(extra = {}) {"
"_LEGACY_BUILDS\EXEC_003_INSTANTLY_LIVE_INTEGRATION\EXEC_003_INSTANTLY_LIVE_INTEGRATION\SERVICES\InstantlyApiClient.js","37","method_or_function","request","async request(method, endpoint, body = null, options = {}) {"
"_LEGACY_BUILDS\EXEC_003_INSTANTLY_LIVE_INTEGRATION\EXEC_003_INSTANTLY_LIVE_INTEGRATION\SERVICES\InstantlyApiClient.js","96","method_or_function","get","async get(endpoint) { return this.request(""GET"", endpoint); }"
"_LEGACY_BUILDS\EXEC_003_INSTANTLY_LIVE_INTEGRATION\EXEC_003_INSTANTLY_LIVE_INTEGRATION\SERVICES\InstantlyApiClient.js","97","method_or_function","post","async post(endpoint, body) { return this.request(""POST"", endpoint, body); }"
"_LEGACY_BUILDS\EXEC_003_INSTANTLY_LIVE_INTEGRATION\EXEC_003_INSTANTLY_LIVE_INTEGRATION\SERVICES\InstantlyApiClient.js","98","method_or_function","patch","async patch(endpoint, body) { return this.request(""PATCH"", endpoint, body); }"
"_LEGACY_BUILDS\EXEC_003_INSTANTLY_LIVE_INTEGRATION\EXEC_003_INSTANTLY_LIVE_INTEGRATION\SERVICES\InstantlyApiClient.js","99","method_or_function","put","async put(endpoint, body) { return this.request(""PUT"", endpoint, body); }"
"_LEGACY_BUILDS\EXEC_003_INSTANTLY_LIVE_INTEGRATION\EXEC_003_INSTANTLY_LIVE_INTEGRATION\SERVICES\InstantlyApiClient.js","100","method_or_function","delete","async delete(endpoint, body = null) { return this.request(""DELETE"", endpoint, body); }"
"_LEGACY_BUILDS\EXEC_003_INSTANTLY_LIVE_INTEGRATION\EXEC_003_INSTANTLY_LIVE_INTEGRATION\SERVICES\InstantlyLiveIntegrationService.js","12","function","ensureDir","function ensureDir(dir) { fs.mkdirSync(dir, { recursive: true }); }"
"_LEGACY_BUILDS\EXEC_003_INSTANTLY_LIVE_INTEGRATION\EXEC_003_INSTANTLY_LIVE_INTEGRATION\SERVICES\InstantlyLiveIntegrationService.js","13","function","writeJson","function writeJson(file, value) { ensureDir(path.dirname(file)); fs.writeFileSync(file, JSON.stringify(value, null, 2), ""utf8""); }"
"_LEGACY_BUILDS\EXEC_003_INSTANTLY_LIVE_INTEGRATION\EXEC_003_INSTANTLY_LIVE_INTEGRATION\SERVICES\InstantlyLiveIntegrationService.js","15","class","InstantlyLiveIntegrationService","class InstantlyLiveIntegrationService {"
"_LEGACY_BUILDS\EXEC_003_INSTANTLY_LIVE_INTEGRATION\EXEC_003_INSTANTLY_LIVE_INTEGRATION\SERVICES\InstantlyLiveIntegrationService.js","16","method_or_function","run","async run(input = {}) {"
"_LEGACY_BUILDS\EXEC_003_INSTANTLY_LIVE_INTEGRATION\EXEC_003_INSTANTLY_LIVE_INTEGRATION\SERVICES\InstantlyLiveIntegrationService.js","20","method_or_function","if","if (mode === ""BRIDGE_LATEST_ACTION"") {"
"_LEGACY_BUILDS\EXEC_003_INSTANTLY_LIVE_INTEGRATION\EXEC_003_INSTANTLY_LIVE_INTEGRATION\SERVICES\InstantlyLiveIntegrationService.js","48","method_or_function","renderReport","renderReport(state) {"
"_LEGACY_BUILDS\EXEC_003_INSTANTLY_LIVE_INTEGRATION\EXEC_003_INSTANTLY_LIVE_INTEGRATION\SERVICES\InstantlyLiveProviderController.js","19","function","ensureDir","function ensureDir(dir) { fs.mkdirSync(dir, { recursive: true }); }"
"_LEGACY_BUILDS\EXEC_003_INSTANTLY_LIVE_INTEGRATION\EXEC_003_INSTANTLY_LIVE_INTEGRATION\SERVICES\InstantlyLiveProviderController.js","20","function","writeJson","function writeJson(file, value) { ensureDir(path.dirname(file)); fs.writeFileSync(file, JSON.stringify(value, null, 2), ""utf8""); }"
"_LEGACY_BUILDS\EXEC_003_INSTANTLY_LIVE_INTEGRATION\EXEC_003_INSTANTLY_LIVE_INTEGRATION\SERVICES\InstantlyLiveProviderController.js","21","function","appendJson","function appendJson(file, record, max = 1000) {"
"_LEGACY_BUILDS\EXEC_003_INSTANTLY_LIVE_INTEGRATION\EXEC_003_INSTANTLY_LIVE_INTEGRATION\SERVICES\InstantlyLiveProviderController.js","28","class","InstantlyLiveProviderController","class InstantlyLiveProviderController {"
"_LEGACY_BUILDS\EXEC_003_INSTANTLY_LIVE_INTEGRATION\EXEC_003_INSTANTLY_LIVE_INTEGRATION\SERVICES\InstantlyLiveProviderController.js","29","method_or_function","constructor","constructor(options = {}) {"
"_LEGACY_BUILDS\EXEC_003_INSTANTLY_LIVE_INTEGRATION\EXEC_003_INSTANTLY_LIVE_INTEGRATION\SERVICES\InstantlyLiveProviderController.js","47","method_or_function","status","status() {"
"_LEGACY_BUILDS\EXEC_003_INSTANTLY_LIVE_INTEGRATION\EXEC_003_INSTANTLY_LIVE_INTEGRATION\SERVICES\InstantlyLiveProviderController.js","61","method_or_function","connect","async connect() {"
"_LEGACY_BUILDS\EXEC_003_INSTANTLY_LIVE_INTEGRATION\EXEC_003_INSTANTLY_LIVE_INTEGRATION\SERVICES\InstantlyLiveProviderController.js","63","method_or_function","if","if (!base.credentialsPresent) {"
"_LEGACY_BUILDS\EXEC_003_INSTANTLY_LIVE_INTEGRATION\EXEC_003_INSTANTLY_LIVE_INTEGRATION\SERVICES\InstantlyLiveProviderController.js","70","method_or_function","healthCheck","async healthCheck() {"
"_LEGACY_BUILDS\EXEC_003_INSTANTLY_LIVE_INTEGRATION\EXEC_003_INSTANTLY_LIVE_INTEGRATION\SERVICES\InstantlyLiveProviderController.js","88","method_or_function","execute","async execute(action = {}) {"
"_LEGACY_BUILDS\EXEC_003_INSTANTLY_LIVE_INTEGRATION\EXEC_003_INSTANTLY_LIVE_INTEGRATION\SERVICES\InstantlyLiveProviderController.js","119","method_or_function","runOperation","async runOperation(operation, payload) {"
"_LEGACY_BUILDS\EXEC_003_INSTANTLY_LIVE_INTEGRATION\EXEC_003_INSTANTLY_LIVE_INTEGRATION\SERVICES\InstantlyLiveProviderController.js","120","method_or_function","switch","switch (operation) {"
"_LEGACY_BUILDS\EXEC_003_INSTANTLY_LIVE_INTEGRATION\EXEC_003_INSTANTLY_LIVE_INTEGRATION\SERVICES\InstantlyLiveProviderController.js","144","method_or_function","verify","async verify(action = {}, execution = {}) {"
"_LEGACY_BUILDS\EXEC_003_INSTANTLY_LIVE_INTEGRATION\EXEC_003_INSTANTLY_LIVE_INTEGRATION\SERVICES\InstantlyLiveProviderController.js","146","method_or_function","if","if (!execution.ok) {"
"_LEGACY_BUILDS\EXEC_003_INSTANTLY_LIVE_INTEGRATION\EXEC_003_INSTANTLY_LIVE_INTEGRATION\SERVICES\InstantlyLiveProviderController.js","149","method_or_function","if","if (execution.status === ""SAFE_MODE_WRITE_DISABLED"") {"
"_LEGACY_BUILDS\EXEC_003_INSTANTLY_LIVE_INTEGRATION\EXEC_003_INSTANTLY_LIVE_INTEGRATION\SERVICES\InstantlyLiveProviderController.js","152","method_or_function","if","if (operation === ""CREATE_CAMPAIGN"") {"
"_LEGACY_BUILDS\EXEC_003_INSTANTLY_LIVE_INTEGRATION\EXEC_003_INSTANTLY_LIVE_INTEGRATION\SERVICES\InstantlyLiveProviderController.js","161","method_or_function","save","save(name, value) {"
"_LEGACY_BUILDS\EXEC_003_INSTANTLY_LIVE_INTEGRATION\EXEC_003_INSTANTLY_LIVE_INTEGRATION\VERIFY\VERIFY_EXEC_003.ps1","17","method_or_function","foreach","foreach ($f in $required) { if (!(Test-Path (Join-Path $Root $f))) { $missing += $f } }"
"_LEGACY_BUILDS\EXEC_003_INSTANTLY_LIVE_INTEGRATION\EXEC_003_INSTANTLY_LIVE_INTEGRATION\VERIFY\VERIFY_EXEC_003.ps1","18","method_or_function","if","if ($missing.Count -gt 0) { throw ""Missing files: $($missing -join ', ')"" }"
"_LEGACY_BUILDS\EXEC_003_INSTANTLY_LIVE_INTEGRATION\EXEC_003_INSTANTLY_LIVE_INTEGRATION\VERIFY\VERIFY_EXEC_003.ps1","19","method_or_function","foreach","foreach ($f in $required) { node -c (Join-Path $Root $f) }"
"_LEGACY_BUILDS\EXEC_004_CONTROLLED_WRITE_MODE\EXEC_004_CONTROLLED_WRITE_MODE\INSTALL_CONTROLLED_WRITE.ps1","29","method_or_function","foreach","foreach ($File in $Files) {"
"_LEGACY_BUILDS\EXEC_004_CONTROLLED_WRITE_MODE\EXEC_004_CONTROLLED_WRITE_MODE\INSTALL_CONTROLLED_WRITE.ps1","32","method_or_function","if","if (Test-Path $Dest) {"
"_LEGACY_BUILDS\EXEC_004_CONTROLLED_WRITE_MODE\EXEC_004_CONTROLLED_WRITE_MODE\RUN_CONTROLLED_WRITE_LIVE_TEST.ps1","10","method_or_function","if","if ($env:MILES_CONTROLLED_WRITE_ENABLED -ne ""true"" -or $env:INSTANTLY_WRITE_ENABLED -ne ""true"") {"
"_LEGACY_BUILDS\EXEC_004_CONTROLLED_WRITE_MODE\EXEC_004_CONTROLLED_WRITE_MODE\VERIFY_CONTROLLED_WRITE.ps1","17","method_or_function","foreach","foreach ($Rel in $Required) {"
"_LEGACY_BUILDS\EXEC_004_CONTROLLED_WRITE_MODE\EXEC_004_CONTROLLED_WRITE_MODE\VERIFY_CONTROLLED_WRITE.ps1","20","method_or_function","if","if ($Missing.Count -gt 0) {"
"_LEGACY_BUILDS\EXEC_004_CONTROLLED_WRITE_MODE\EXEC_004_CONTROLLED_WRITE_MODE\VERIFY_CONTROLLED_WRITE.ps1","29","method_or_function","if","if ($LASTEXITCODE -ne 0) { exit $LASTEXITCODE }"
"_LEGACY_BUILDS\EXEC_004_CONTROLLED_WRITE_MODE\EXEC_004_CONTROLLED_WRITE_MODE\BUILDER\BuilderService.js","8","class","BuilderService","class BuilderService {"
"_LEGACY_BUILDS\EXEC_004_CONTROLLED_WRITE_MODE\EXEC_004_CONTROLLED_WRITE_MODE\BUILDER\BuilderService.js","9","method_or_function","execute","async execute(task = {}) {"
"_LEGACY_BUILDS\EXEC_004_CONTROLLED_WRITE_MODE\EXEC_004_CONTROLLED_WRITE_MODE\BUILDER\BuilderService.js","30","method_or_function","if","if (!commands[action]) {"
"_LEGACY_BUILDS\EXEC_004_CONTROLLED_WRITE_MODE\EXEC_004_CONTROLLED_WRITE_MODE\BUILDER\index.js","2","async function","main","async function main() {"
"_LEGACY_BUILDS\EXEC_004_CONTROLLED_WRITE_MODE\EXEC_004_CONTROLLED_WRITE_MODE\SERVICES\ControlledWriteAuditService.js","9","function","ensureDir","function ensureDir(dir) { fs.mkdirSync(dir, { recursive: true }); }"
"_LEGACY_BUILDS\EXEC_004_CONTROLLED_WRITE_MODE\EXEC_004_CONTROLLED_WRITE_MODE\SERVICES\ControlledWriteAuditService.js","10","function","readJson","function readJson(file, fallback) { try { if (!fs.existsSync(file)) return fallback; return JSON.parse(fs.readFileSync(file, ""utf8"")); } catch { return fallback; } }"
"_LEGACY_BUILDS\EXEC_004_CONTROLLED_WRITE_MODE\EXEC_004_CONTROLLED_WRITE_MODE\SERVICES\ControlledWriteAuditService.js","11","function","writeJson","function writeJson(file, value) { ensureDir(path.dirname(file)); fs.writeFileSync(file, JSON.stringify(value, null, 2), ""utf8""); }"
"_LEGACY_BUILDS\EXEC_004_CONTROLLED_WRITE_MODE\EXEC_004_CONTROLLED_WRITE_MODE\SERVICES\ControlledWriteAuditService.js","13","class","ControlledWriteAuditService","class ControlledWriteAuditService {"
"_LEGACY_BUILDS\EXEC_004_CONTROLLED_WRITE_MODE\EXEC_004_CONTROLLED_WRITE_MODE\SERVICES\ControlledWriteAuditService.js","14","method_or_function","record","record(event) {"
"_LEGACY_BUILDS\EXEC_004_CONTROLLED_WRITE_MODE\EXEC_004_CONTROLLED_WRITE_MODE\SERVICES\ControlledWriteAuditService.js","21","method_or_function","list","list() { return readJson(AUDIT_FILE, []); }"
"_LEGACY_BUILDS\EXEC_004_CONTROLLED_WRITE_MODE\EXEC_004_CONTROLLED_WRITE_MODE\SERVICES\ControlledWriteAuditService.js","22","method_or_function","run","run() {"
"_LEGACY_BUILDS\EXEC_004_CONTROLLED_WRITE_MODE\EXEC_004_CONTROLLED_WRITE_MODE\SERVICES\ControlledWritePolicyService.js","10","function","ensureDir","function ensureDir(dir) { fs.mkdirSync(dir, { recursive: true }); }"
"_LEGACY_BUILDS\EXEC_004_CONTROLLED_WRITE_MODE\EXEC_004_CONTROLLED_WRITE_MODE\SERVICES\ControlledWritePolicyService.js","11","function","readJson","function readJson(file, fallback) {"
"_LEGACY_BUILDS\EXEC_004_CONTROLLED_WRITE_MODE\EXEC_004_CONTROLLED_WRITE_MODE\SERVICES\ControlledWritePolicyService.js","15","function","writeJson","function writeJson(file, value) { ensureDir(path.dirname(file)); fs.writeFileSync(file, JSON.stringify(value, null, 2), ""utf8""); }"
"_LEGACY_BUILDS\EXEC_004_CONTROLLED_WRITE_MODE\EXEC_004_CONTROLLED_WRITE_MODE\SERVICES\ControlledWritePolicyService.js","57","class","ControlledWritePolicyService","class ControlledWritePolicyService {"
"_LEGACY_BUILDS\EXEC_004_CONTROLLED_WRITE_MODE\EXEC_004_CONTROLLED_WRITE_MODE\SERVICES\ControlledWritePolicyService.js","58","method_or_function","load","load() {"
"_LEGACY_BUILDS\EXEC_004_CONTROLLED_WRITE_MODE\EXEC_004_CONTROLLED_WRITE_MODE\SERVICES\ControlledWritePolicyService.js","67","method_or_function","save","save(policy) {"
"_LEGACY_BUILDS\EXEC_004_CONTROLLED_WRITE_MODE\EXEC_004_CONTROLLED_WRITE_MODE\SERVICES\ControlledWritePolicyService.js","74","method_or_function","evaluate","evaluate(action = {}) {"
"_LEGACY_BUILDS\EXEC_004_CONTROLLED_WRITE_MODE\EXEC_004_CONTROLLED_WRITE_MODE\SERVICES\ControlledWritePolicyService.js","84","method_or_function","if","if (!providerPolicy) {"
"_LEGACY_BUILDS\EXEC_004_CONTROLLED_WRITE_MODE\EXEC_004_CONTROLLED_WRITE_MODE\SERVICES\ControlledWritePolicyService.js","92","method_or_function","if","if (!writeRequested) {"
"_LEGACY_BUILDS\EXEC_004_CONTROLLED_WRITE_MODE\EXEC_004_CONTROLLED_WRITE_MODE\SERVICES\ControlledWritePolicyService.js","97","method_or_function","if","if (!allowed) {"
"_LEGACY_BUILDS\EXEC_004_CONTROLLED_WRITE_MODE\EXEC_004_CONTROLLED_WRITE_MODE\SERVICES\ControlledWritePolicyService.js","106","method_or_function","if","if (!writeEnabled) {"
"_LEGACY_BUILDS\EXEC_004_CONTROLLED_WRITE_MODE\EXEC_004_CONTROLLED_WRITE_MODE\SERVICES\ControlledWritePolicyService.js","113","method_or_function","run","run(input = {}) {"
"_LEGACY_BUILDS\EXEC_004_CONTROLLED_WRITE_MODE\EXEC_004_CONTROLLED_WRITE_MODE\SERVICES\ControlledWriteService.js","14","function","ensureDir","function ensureDir(dir) { fs.mkdirSync(dir, { recursive: true }); }"
"_LEGACY_BUILDS\EXEC_004_CONTROLLED_WRITE_MODE\EXEC_004_CONTROLLED_WRITE_MODE\SERVICES\ControlledWriteService.js","15","function","writeJson","function writeJson(file, value) { ensureDir(path.dirname(file)); fs.writeFileSync(file, JSON.stringify(value, null, 2), ""utf8""); }"
"_LEGACY_BUILDS\EXEC_004_CONTROLLED_WRITE_MODE\EXEC_004_CONTROLLED_WRITE_MODE\SERVICES\ControlledWriteService.js","17","class","ControlledWriteService","class ControlledWriteService {"
"_LEGACY_BUILDS\EXEC_004_CONTROLLED_WRITE_MODE\EXEC_004_CONTROLLED_WRITE_MODE\SERVICES\ControlledWriteService.js","18","method_or_function","run","async run(input = {}) {"
"_LEGACY_BUILDS\EXEC_004_CONTROLLED_WRITE_MODE\EXEC_004_CONTROLLED_WRITE_MODE\SERVICES\ControlledWriteService.js","24","method_or_function","if","if (input.mode === ""POLICY"" || operation === ""POLICY"") {"
"_LEGACY_BUILDS\EXEC_004_CONTROLLED_WRITE_MODE\EXEC_004_CONTROLLED_WRITE_MODE\SERVICES\ControlledWriteService.js","59","method_or_function","renderReport","renderReport(record) {"
"_LEGACY_BUILDS\EXEC_004_CONTROLLED_WRITE_MODE\EXEC_004_CONTROLLED_WRITE_MODE\SERVICES\InstantlyControlledWriteService.js","6","class","InstantlyControlledWriteService","class InstantlyControlledWriteService {"
"_LEGACY_BUILDS\EXEC_004_CONTROLLED_WRITE_MODE\EXEC_004_CONTROLLED_WRITE_MODE\SERVICES\InstantlyControlledWriteService.js","7","method_or_function","constructor","constructor() {"
"_LEGACY_BUILDS\EXEC_004_CONTROLLED_WRITE_MODE\EXEC_004_CONTROLLED_WRITE_MODE\SERVICES\InstantlyControlledWriteService.js","11","method_or_function","execute","async execute(action = {}) {"
"_LEGACY_BUILDS\EXEC_004_CONTROLLED_WRITE_MODE\EXEC_004_CONTROLLED_WRITE_MODE\SERVICES\InstantlyControlledWriteService.js","16","method_or_function","if","if (!policy.allowed) {"
"_LEGACY_BUILDS\EXEC_004_CONTROLLED_WRITE_MODE\EXEC_004_CONTROLLED_WRITE_MODE\SERVICES\InstantlyControlledWriteService.js","53","method_or_function","normalize","normalize(action = {}) {"
"_LEGACY_BUILDS\EXEC_004_CONTROLLED_WRITE_MODE\EXEC_004_CONTROLLED_WRITE_MODE\SERVICES\InstantlyControlledWriteService.js","68","method_or_function","createTestCampaign","async createTestCampaign(action, startedAt) {"
"_LEGACY_BUILDS\EXEC_004_CONTROLLED_WRITE_MODE\EXEC_004_CONTROLLED_WRITE_MODE\SERVICES\InstantlyControlledWriteService.js","70","method_or_function","if","if (!apiKey) {"
"_LEGACY_BUILDS\EXEC_004_CONTROLLED_WRITE_MODE\EXEC_004_CONTROLLED_WRITE_MODE\SERVICES\InstantlyControlledWriteService.js","144","method_or_function","if","if (campaignId) {"
"_LEGACY_BUILDS\EXEC_004_CONTROLLED_WRITE_MODE\EXEC_004_CONTROLLED_WRITE_MODE\SERVICES\InstantlyControlledWriteService.js","154","method_or_function","verifyCampaign","async verifyCampaign(campaignId, apiKey) {"
"_LEGACY_BUILDS\EXEC_004_CONTROLLED_WRITE_MODE\EXEC_004_CONTROLLED_WRITE_MODE\SERVICES\InstantlyControlledWriteService.js","167","method_or_function","safeNotImplemented","async safeNotImplemented(action, startedAt) {"
"_LEGACY_BUILDS\EXEC_004_CONTROLLED_WRITE_MODE\EXEC_004_CONTROLLED_WRITE_MODE\SERVICES\InstantlyControlledWriteService.js","184","method_or_function","run","async run(input = {}) {"
"_LEGACY_BUILDS\EXEC_005_BUSINESS_EXECUTION_ENGINE\EXEC_005_BUSINESS_EXECUTION_ENGINE\INSTALL_BUSINESS_EXECUTION_ENGINE.ps1","34","method_or_function","foreach","foreach ($f in $Files) {"
"_LEGACY_BUILDS\EXEC_005_BUSINESS_EXECUTION_ENGINE\EXEC_005_BUSINESS_EXECUTION_ENGINE\INSTALL_BUSINESS_EXECUTION_ENGINE.ps1","37","method_or_function","if","if (Test-Path $dst) { Copy-Item $dst (Join-Path $Backup (($f.dst -replace ""[\\/:]"", ""_""))) -Force }"
"_LEGACY_BUILDS\EXEC_005_BUSINESS_EXECUTION_ENGINE\EXEC_005_BUSINESS_EXECUTION_ENGINE\RUN_BUSINESS_EXECUTION_ENGINE_FOREVER.ps1","6","method_or_function","while","while ($true) {"
"_LEGACY_BUILDS\EXEC_005_BUSINESS_EXECUTION_ENGINE\EXEC_005_BUSINESS_EXECUTION_ENGINE\VERIFY_BUSINESS_EXECUTION_ENGINE.ps1","22","method_or_function","foreach","foreach ($r in $Required) { if (!(Test-Path (Join-Path $Root $r))) { $Missing += $r } }"
"_LEGACY_BUILDS\EXEC_005_BUSINESS_EXECUTION_ENGINE\EXEC_005_BUSINESS_EXECUTION_ENGINE\VERIFY_BUSINESS_EXECUTION_ENGINE.ps1","23","method_or_function","if","if ($Missing.Count -gt 0) { throw ""Missing files: $($Missing -join ', ')"" }"
"_LEGACY_BUILDS\EXEC_005_BUSINESS_EXECUTION_ENGINE\EXEC_005_BUSINESS_EXECUTION_ENGINE\VERIFY_BUSINESS_EXECUTION_ENGINE.ps1","30","method_or_function","if","if ($obj.ok -ne $true) { throw ""EXEC_005 verification failed."" }"
"_LEGACY_BUILDS\EXEC_005_BUSINESS_EXECUTION_ENGINE\EXEC_005_BUSINESS_EXECUTION_ENGINE\BUILDER\BuilderService.js","3","function","safeRequire","function safeRequire(path) {"
"_LEGACY_BUILDS\EXEC_005_BUSINESS_EXECUTION_ENGINE\EXEC_005_BUSINESS_EXECUTION_ENGINE\BUILDER\BuilderService.js","7","class","BuilderService","class BuilderService {"
"_LEGACY_BUILDS\EXEC_005_BUSINESS_EXECUTION_ENGINE\EXEC_005_BUSINESS_EXECUTION_ENGINE\BUILDER\BuilderService.js","8","method_or_function","execute","async execute(task = {}) {"
"_LEGACY_BUILDS\EXEC_005_BUSINESS_EXECUTION_ENGINE\EXEC_005_BUSINESS_EXECUTION_ENGINE\BUILDER\index.js","3","async function","main","async function main() {"
"_LEGACY_BUILDS\EXEC_005_BUSINESS_EXECUTION_ENGINE\EXEC_005_BUSINESS_EXECUTION_ENGINE\BUILDER\index.js","10","method_or_function","if","if (require.main === module) {"
"_LEGACY_BUILDS\EXEC_005_BUSINESS_EXECUTION_ENGINE\EXEC_005_BUSINESS_EXECUTION_ENGINE\RUNNERS\RUN_BUSINESS_EXECUTION_ENGINE_FOREVER.ps1","6","method_or_function","while","while ($true) {"
"_LEGACY_BUILDS\EXEC_005_BUSINESS_EXECUTION_ENGINE\EXEC_005_BUSINESS_EXECUTION_ENGINE\SERVICES\BusinessExecutionEngineService.js","17","function","ensureDir","function ensureDir(dir) { fs.mkdirSync(dir, { recursive: true }); }"
"_LEGACY_BUILDS\EXEC_005_BUSINESS_EXECUTION_ENGINE\EXEC_005_BUSINESS_EXECUTION_ENGINE\SERVICES\BusinessExecutionEngineService.js","18","function","readJson","function readJson(file, fallback) { try { if (!fs.existsSync(file)) return fallback; return JSON.parse(fs.readFileSync(file, ""utf8"")); } catch { return fallback; } }"
"_LEGACY_BUILDS\EXEC_005_BUSINESS_EXECUTION_ENGINE\EXEC_005_BUSINESS_EXECUTION_ENGINE\SERVICES\BusinessExecutionEngineService.js","19","function","writeJson","function writeJson(file, value) { ensureDir(path.dirname(file)); fs.writeFileSync(file, JSON.stringify(value, null, 2), ""utf8""); }"
"_LEGACY_BUILDS\EXEC_005_BUSINESS_EXECUTION_ENGINE\EXEC_005_BUSINESS_EXECUTION_ENGINE\SERVICES\BusinessExecutionEngineService.js","21","class","BusinessExecutionEngineService","class BusinessExecutionEngineService {"
"_LEGACY_BUILDS\EXEC_005_BUSINESS_EXECUTION_ENGINE\EXEC_005_BUSINESS_EXECUTION_ENGINE\SERVICES\BusinessExecutionEngineService.js","22","method_or_function","run","async run(input = {}) {"
"_LEGACY_BUILDS\EXEC_005_BUSINESS_EXECUTION_ENGINE\EXEC_005_BUSINESS_EXECUTION_ENGINE\SERVICES\BusinessExecutionEngineService.js","75","method_or_function","save","save(result) {"
"_LEGACY_BUILDS\EXEC_005_BUSINESS_EXECUTION_ENGINE\EXEC_005_BUSINESS_EXECUTION_ENGINE\SERVICES\BusinessExecutionEngineService.js","84","method_or_function","renderReport","renderReport(result) {"
"_LEGACY_BUILDS\EXEC_005_BUSINESS_EXECUTION_ENGINE\EXEC_005_BUSINESS_EXECUTION_ENGINE\SERVICES\EscalationManagerService.js","3","class","EscalationManagerService","class EscalationManagerService {"
"_LEGACY_BUILDS\EXEC_005_BUSINESS_EXECUTION_ENGINE\EXEC_005_BUSINESS_EXECUTION_ENGINE\SERVICES\EscalationManagerService.js","4","method_or_function","evaluate","evaluate(item = {}) {"
"_LEGACY_BUILDS\EXEC_005_BUSINESS_EXECUTION_ENGINE\EXEC_005_BUSINESS_EXECUTION_ENGINE\SERVICES\ExecutionAuditService.js","10","function","ensureDir","function ensureDir(dir) { fs.mkdirSync(dir, { recursive: true }); }"
"_LEGACY_BUILDS\EXEC_005_BUSINESS_EXECUTION_ENGINE\EXEC_005_BUSINESS_EXECUTION_ENGINE\SERVICES\ExecutionAuditService.js","11","function","readJson","function readJson(file, fallback) { try { if (!fs.existsSync(file)) return fallback; return JSON.parse(fs.readFileSync(file, ""utf8"")); } catch { return fallback; } }"
"_LEGACY_BUILDS\EXEC_005_BUSINESS_EXECUTION_ENGINE\EXEC_005_BUSINESS_EXECUTION_ENGINE\SERVICES\ExecutionAuditService.js","12","function","writeJson","function writeJson(file, value) { ensureDir(path.dirname(file)); fs.writeFileSync(file, JSON.stringify(value, null, 2), ""utf8""); }"
"_LEGACY_BUILDS\EXEC_005_BUSINESS_EXECUTION_ENGINE\EXEC_005_BUSINESS_EXECUTION_ENGINE\SERVICES\ExecutionAuditService.js","14","class","ExecutionAuditService","class ExecutionAuditService {"
"_LEGACY_BUILDS\EXEC_005_BUSINESS_EXECUTION_ENGINE\EXEC_005_BUSINESS_EXECUTION_ENGINE\SERVICES\ExecutionAuditService.js","15","method_or_function","record","record(event = {}) {"
"_LEGACY_BUILDS\EXEC_005_BUSINESS_EXECUTION_ENGINE\EXEC_005_BUSINESS_EXECUTION_ENGINE\SERVICES\ExecutionAuditService.js","29","method_or_function","recent","recent(limit = 50) {"
"_LEGACY_BUILDS\EXEC_005_BUSINESS_EXECUTION_ENGINE\EXEC_005_BUSINESS_EXECUTION_ENGINE\SERVICES\ExecutionDispatcherService.js","7","function","optionalRequire","function optionalRequire(modulePath) {"
"_LEGACY_BUILDS\EXEC_005_BUSINESS_EXECUTION_ENGINE\EXEC_005_BUSINESS_EXECUTION_ENGINE\SERVICES\ExecutionDispatcherService.js","11","class","ExecutionDispatcherService","class ExecutionDispatcherService {"
"_LEGACY_BUILDS\EXEC_005_BUSINESS_EXECUTION_ENGINE\EXEC_005_BUSINESS_EXECUTION_ENGINE\SERVICES\ExecutionDispatcherService.js","12","method_or_function","dispatch","async dispatch(task = {}, input = {}) {"
"_LEGACY_BUILDS\EXEC_005_BUSINESS_EXECUTION_ENGINE\EXEC_005_BUSINESS_EXECUTION_ENGINE\SERVICES\ExecutionDispatcherService.js","15","method_or_function","if","if (escalationResult.escalated) {"
"_LEGACY_BUILDS\EXEC_005_BUSINESS_EXECUTION_ENGINE\EXEC_005_BUSINESS_EXECUTION_ENGINE\SERVICES\ExecutionDispatcherService.js","21","method_or_function","if","if (!task.executable || !task.credentialsPresent) {"
"_LEGACY_BUILDS\EXEC_005_BUSINESS_EXECUTION_ENGINE\EXEC_005_BUSINESS_EXECUTION_ENGINE\SERVICES\ExecutionDispatcherService.js","36","method_or_function","if","if (!providerExecution || typeof providerExecution.run !== ""function"") {"
"_LEGACY_BUILDS\EXEC_005_BUSINESS_EXECUTION_ENGINE\EXEC_005_BUSINESS_EXECUTION_ENGINE\SERVICES\ExecutionMonitorService.js","3","class","ExecutionMonitorService","class ExecutionMonitorService {"
"_LEGACY_BUILDS\EXEC_005_BUSINESS_EXECUTION_ENGINE\EXEC_005_BUSINESS_EXECUTION_ENGINE\SERVICES\ExecutionMonitorService.js","4","method_or_function","summarize","summarize(records = []) {"
"_LEGACY_BUILDS\EXEC_005_BUSINESS_EXECUTION_ENGINE\EXEC_005_BUSINESS_EXECUTION_ENGINE\SERVICES\ExecutionPlannerService.js","7","function","readJson","function readJson(rel, fallback) { try { const file = path.join(ROOT, rel); if (!fs.existsSync(file)) return fallback; return JSON.parse(fs.readFileSync(file, ""utf8"")); } catch { return fallback; } }"
"_LEGACY_BUILDS\EXEC_005_BUSINESS_EXECUTION_ENGINE\EXEC_005_BUSINESS_EXECUTION_ENGINE\SERVICES\ExecutionPlannerService.js","9","function","detectProvider","function detectProvider(item = {}) {"
"_LEGACY_BUILDS\EXEC_005_BUSINESS_EXECUTION_ENGINE\EXEC_005_BUSINESS_EXECUTION_ENGINE\SERVICES\ExecutionPlannerService.js","20","function","detectOperation","function detectOperation(provider, item = {}) {"
"_LEGACY_BUILDS\EXEC_005_BUSINESS_EXECUTION_ENGINE\EXEC_005_BUSINESS_EXECUTION_ENGINE\SERVICES\ExecutionPlannerService.js","22","method_or_function","if","if (provider === ""instantly"") {"
"_LEGACY_BUILDS\EXEC_005_BUSINESS_EXECUTION_ENGINE\EXEC_005_BUSINESS_EXECUTION_ENGINE\SERVICES\ExecutionPlannerService.js","36","class","ExecutionPlannerService","class ExecutionPlannerService {"
"_LEGACY_BUILDS\EXEC_005_BUSINESS_EXECUTION_ENGINE\EXEC_005_BUSINESS_EXECUTION_ENGINE\SERVICES\ExecutionPlannerService.js","37","method_or_function","buildPlan","buildPlan(input = {}) {"
"_LEGACY_BUILDS\EXEC_005_BUSINESS_EXECUTION_ENGINE\EXEC_005_BUSINESS_EXECUTION_ENGINE\SERVICES\ExecutionSchedulerService.js","3","class","ExecutionSchedulerService","class ExecutionSchedulerService {"
"_LEGACY_BUILDS\EXEC_005_BUSINESS_EXECUTION_ENGINE\EXEC_005_BUSINESS_EXECUTION_ENGINE\SERVICES\ExecutionSchedulerService.js","4","method_or_function","schedule","schedule(plan = {}) {"
"_LEGACY_BUILDS\EXEC_005_BUSINESS_EXECUTION_ENGINE\EXEC_005_BUSINESS_EXECUTION_ENGINE\SERVICES\RetryManagerService.js","3","class","RetryManagerService","class RetryManagerService {"
"_LEGACY_BUILDS\EXEC_005_BUSINESS_EXECUTION_ENGINE\EXEC_005_BUSINESS_EXECUTION_ENGINE\SERVICES\RetryManagerService.js","4","method_or_function","shouldRetry","shouldRetry(result = {}, item = {}) {"
"_LEGACY_BUILDS\EXEC_005_BUSINESS_EXECUTION_ENGINE\EXEC_005_BUSINESS_EXECUTION_ENGINE\VERIFY\VERIFY_BUSINESS_EXECUTION_ENGINE.ps1","22","method_or_function","foreach","foreach ($r in $Required) { if (!(Test-Path (Join-Path $Root $r))) { $Missing += $r } }"
"_LEGACY_BUILDS\EXEC_005_BUSINESS_EXECUTION_ENGINE\EXEC_005_BUSINESS_EXECUTION_ENGINE\VERIFY\VERIFY_BUSINESS_EXECUTION_ENGINE.ps1","23","method_or_function","if","if ($Missing.Count -gt 0) { throw ""Missing files: $($Missing -join ', ')"" }"
"_LEGACY_BUILDS\EXEC_005_BUSINESS_EXECUTION_ENGINE\EXEC_005_BUSINESS_EXECUTION_ENGINE\VERIFY\VERIFY_BUSINESS_EXECUTION_ENGINE.ps1","30","method_or_function","if","if ($obj.ok -ne $true) { throw ""EXEC_005 verification failed."" }"
"_LEGACY_BUILDS\EXEC_006_PROVIDER_SYNCHRONIZATION\EXEC_006_PROVIDER_SYNCHRONIZATION\INSTALL_PROVIDER_SYNC.ps1","30","method_or_function","foreach","foreach ($File in $ServiceFiles) {"
"_LEGACY_BUILDS\EXEC_006_PROVIDER_SYNCHRONIZATION\EXEC_006_PROVIDER_SYNCHRONIZATION\INSTALL_PROVIDER_SYNC.ps1","33","method_or_function","if","if (Test-Path $Dest) { Copy-Item $Dest (Join-Path $Backup $File) -Force }"
"_LEGACY_BUILDS\EXEC_006_PROVIDER_SYNCHRONIZATION\EXEC_006_PROVIDER_SYNCHRONIZATION\INSTALL_PROVIDER_SYNC.ps1","40","method_or_function","if","if (Test-Path $BuilderDest) { Copy-Item $BuilderDest (Join-Path $Backup ""BuilderService.js"") -Force }"
"_LEGACY_BUILDS\EXEC_006_PROVIDER_SYNCHRONIZATION\EXEC_006_PROVIDER_SYNCHRONIZATION\VERIFY_PROVIDER_SYNC.ps1","20","method_or_function","foreach","foreach ($File in $Required) {"
"_LEGACY_BUILDS\EXEC_006_PROVIDER_SYNCHRONIZATION\EXEC_006_PROVIDER_SYNCHRONIZATION\VERIFY_PROVIDER_SYNC.ps1","25","method_or_function","if","if ($Missing.Count -gt 0) {"
"_LEGACY_BUILDS\EXEC_006_PROVIDER_SYNCHRONIZATION\EXEC_006_PROVIDER_SYNCHRONIZATION\VERIFY_PROVIDER_SYNC.ps1","36","method_or_function","if","if ($Json.ok -ne $true) { throw ""Provider sync returned ok=false"" }"
"_LEGACY_BUILDS\EXEC_006_PROVIDER_SYNCHRONIZATION\EXEC_006_PROVIDER_SYNCHRONIZATION\VERIFY_PROVIDER_SYNC.ps1","37","method_or_function","if","if ($Json.summary.errors -gt 0) { throw ""Provider sync reported errors: $($Json.summary.errors)"" }"
"_LEGACY_BUILDS\EXEC_006_PROVIDER_SYNCHRONIZATION\EXEC_006_PROVIDER_SYNCHRONIZATION\BUILDER\BuilderService.js","13","class","BuilderService","class BuilderService {"
"_LEGACY_BUILDS\EXEC_006_PROVIDER_SYNCHRONIZATION\EXEC_006_PROVIDER_SYNCHRONIZATION\BUILDER\BuilderService.js","15","method_or_function","scanProject","scanProject() {"
"_LEGACY_BUILDS\EXEC_006_PROVIDER_SYNCHRONIZATION\EXEC_006_PROVIDER_SYNCHRONIZATION\BUILDER\BuilderService.js","19","method_or_function","status","status() {"
"_LEGACY_BUILDS\EXEC_006_PROVIDER_SYNCHRONIZATION\EXEC_006_PROVIDER_SYNCHRONIZATION\BUILDER\BuilderService.js","27","method_or_function","smokeTest","smokeTest() {"
"_LEGACY_BUILDS\EXEC_006_PROVIDER_SYNCHRONIZATION\EXEC_006_PROVIDER_SYNCHRONIZATION\BUILDER\BuilderService.js","31","method_or_function","execute","async execute(task = {}) {"
"_LEGACY_BUILDS\EXEC_006_PROVIDER_SYNCHRONIZATION\EXEC_006_PROVIDER_SYNCHRONIZATION\BUILDER\BuilderService.js","138","method_or_function","if","if (!commands[action]) {"
"_LEGACY_BUILDS\EXEC_006_PROVIDER_SYNCHRONIZATION\EXEC_006_PROVIDER_SYNCHRONIZATION\SERVICES\InstantlyProviderCompatibilityService.js","12","class","InstantlyProviderCompatibilityService","class InstantlyProviderCompatibilityService {"
"_LEGACY_BUILDS\EXEC_006_PROVIDER_SYNCHRONIZATION\EXEC_006_PROVIDER_SYNCHRONIZATION\SERVICES\InstantlyProviderCompatibilityService.js","13","method_or_function","constructor","constructor() {"
"_LEGACY_BUILDS\EXEC_006_PROVIDER_SYNCHRONIZATION\EXEC_006_PROVIDER_SYNCHRONIZATION\SERVICES\InstantlyProviderCompatibilityService.js","17","method_or_function","status","status() {"
"_LEGACY_BUILDS\EXEC_006_PROVIDER_SYNCHRONIZATION\EXEC_006_PROVIDER_SYNCHRONIZATION\SERVICES\InstantlyProviderCompatibilityService.js","31","method_or_function","connect","async connect() {"
"_LEGACY_BUILDS\EXEC_006_PROVIDER_SYNCHRONIZATION\EXEC_006_PROVIDER_SYNCHRONIZATION\SERVICES\InstantlyProviderCompatibilityService.js","42","method_or_function","healthCheck","async healthCheck() {"
"_LEGACY_BUILDS\EXEC_006_PROVIDER_SYNCHRONIZATION\EXEC_006_PROVIDER_SYNCHRONIZATION\SERVICES\InstantlyProviderCompatibilityService.js","43","method_or_function","if","if (!process.env.INSTANTLY_API_KEY) {"
"_LEGACY_BUILDS\EXEC_006_PROVIDER_SYNCHRONIZATION\EXEC_006_PROVIDER_SYNCHRONIZATION\SERVICES\InstantlyProviderCompatibilityService.js","50","method_or_function","listCampaigns","async listCampaigns(input = {}) {"
"_LEGACY_BUILDS\EXEC_006_PROVIDER_SYNCHRONIZATION\EXEC_006_PROVIDER_SYNCHRONIZATION\SERVICES\InstantlyProviderCompatibilityService.js","55","method_or_function","getCampaign","async getCampaign(input = {}) {"
"_LEGACY_BUILDS\EXEC_006_PROVIDER_SYNCHRONIZATION\EXEC_006_PROVIDER_SYNCHRONIZATION\SERVICES\InstantlyProviderCompatibilityService.js","60","method_or_function","generateCampaignReport","async generateCampaignReport(input = {}) {"
"_LEGACY_BUILDS\EXEC_006_PROVIDER_SYNCHRONIZATION\EXEC_006_PROVIDER_SYNCHRONIZATION\SERVICES\InstantlyProviderCompatibilityService.js","65","method_or_function","execute","async execute(action = {}) {"
"_LEGACY_BUILDS\EXEC_006_PROVIDER_SYNCHRONIZATION\EXEC_006_PROVIDER_SYNCHRONIZATION\SERVICES\InstantlyProviderCompatibilityService.js","74","method_or_function","safeWrite","async safeWrite(operation, payload) {"
"_LEGACY_BUILDS\EXEC_006_PROVIDER_SYNCHRONIZATION\EXEC_006_PROVIDER_SYNCHRONIZATION\SERVICES\InstantlyProviderCompatibilityService.js","76","method_or_function","if","if (!writeEnabled) {"
"_LEGACY_BUILDS\EXEC_006_PROVIDER_SYNCHRONIZATION\EXEC_006_PROVIDER_SYNCHRONIZATION\SERVICES\InstantlyProviderCompatibilityService.js","82","method_or_function","request","async request(method, endpoint, body) {"
"_LEGACY_BUILDS\EXEC_006_PROVIDER_SYNCHRONIZATION\EXEC_006_PROVIDER_SYNCHRONIZATION\SERVICES\InstantlyProviderCompatibilityService.js","83","method_or_function","if","if (!process.env.INSTANTLY_API_KEY) {"
"_LEGACY_BUILDS\EXEC_006_PROVIDER_SYNCHRONIZATION\EXEC_006_PROVIDER_SYNCHRONIZATION\SERVICES\ProviderAuthorityRegistryService.js","19","function","ensureDir","function ensureDir(dir) { fs.mkdirSync(dir, { recursive: true }); }"
"_LEGACY_BUILDS\EXEC_006_PROVIDER_SYNCHRONIZATION\EXEC_006_PROVIDER_SYNCHRONIZATION\SERVICES\ProviderAuthorityRegistryService.js","20","function","exists","function exists(p) { try { return fs.existsSync(p); } catch { return false; } }"
"_LEGACY_BUILDS\EXEC_006_PROVIDER_SYNCHRONIZATION\EXEC_006_PROVIDER_SYNCHRONIZATION\SERVICES\ProviderAuthorityRegistryService.js","21","function","readJson","function readJson(file, fallback) {"
"_LEGACY_BUILDS\EXEC_006_PROVIDER_SYNCHRONIZATION\EXEC_006_PROVIDER_SYNCHRONIZATION\SERVICES\ProviderAuthorityRegistryService.js","25","function","writeJson","function writeJson(file, value) { ensureDir(path.dirname(file)); fs.writeFileSync(file, JSON.stringify(value, null, 2), ""utf8""); }"
"_LEGACY_BUILDS\EXEC_006_PROVIDER_SYNCHRONIZATION\EXEC_006_PROVIDER_SYNCHRONIZATION\SERVICES\ProviderAuthorityRegistryService.js","27","class","ProviderAuthorityRegistryService","class ProviderAuthorityRegistryService {"
"_LEGACY_BUILDS\EXEC_006_PROVIDER_SYNCHRONIZATION\EXEC_006_PROVIDER_SYNCHRONIZATION\SERVICES\ProviderAuthorityRegistryService.js","28","method_or_function","constructor","constructor() {"
"_LEGACY_BUILDS\EXEC_006_PROVIDER_SYNCHRONIZATION\EXEC_006_PROVIDER_SYNCHRONIZATION\SERVICES\ProviderAuthorityRegistryService.js","32","method_or_function","run","run(input = {}) {"
"_LEGACY_BUILDS\EXEC_006_PROVIDER_SYNCHRONIZATION\EXEC_006_PROVIDER_SYNCHRONIZATION\SERVICES\ProviderAuthorityRegistryService.js","67","method_or_function","defaultProviders","defaultProviders() {"
"_LEGACY_BUILDS\EXEC_006_PROVIDER_SYNCHRONIZATION\EXEC_006_PROVIDER_SYNCHRONIZATION\SERVICES\ProviderAuthorityRegistryService.js","133","method_or_function","findPrior","findPrior(registry, key) {"
"_LEGACY_BUILDS\EXEC_006_PROVIDER_SYNCHRONIZATION\EXEC_006_PROVIDER_SYNCHRONIZATION\SERVICES\ProviderAuthorityRegistryService.js","138","method_or_function","detectLiveStatus","detectLiveStatus() {"
"_LEGACY_BUILDS\EXEC_006_PROVIDER_SYNCHRONIZATION\EXEC_006_PROVIDER_SYNCHRONIZATION\SERVICES\ProviderAuthorityRegistryService.js","152","method_or_function","normalizeProvider","normalizeProvider(provider, prior, status) {"
"_LEGACY_BUILDS\EXEC_006_PROVIDER_SYNCHRONIZATION\EXEC_006_PROVIDER_SYNCHRONIZATION\SERVICES\ProviderCapabilityBindingService.js","12","function","ensureDir","function ensureDir(dir) { fs.mkdirSync(dir, { recursive: true }); }"
"_LEGACY_BUILDS\EXEC_006_PROVIDER_SYNCHRONIZATION\EXEC_006_PROVIDER_SYNCHRONIZATION\SERVICES\ProviderCapabilityBindingService.js","13","function","writeJson","function writeJson(file, value) { ensureDir(path.dirname(file)); fs.writeFileSync(file, JSON.stringify(value, null, 2), ""utf8""); }"
"_LEGACY_BUILDS\EXEC_006_PROVIDER_SYNCHRONIZATION\EXEC_006_PROVIDER_SYNCHRONIZATION\SERVICES\ProviderCapabilityBindingService.js","15","class","ProviderCapabilityBindingService","class ProviderCapabilityBindingService {"
"_LEGACY_BUILDS\EXEC_006_PROVIDER_SYNCHRONIZATION\EXEC_006_PROVIDER_SYNCHRONIZATION\SERVICES\ProviderCapabilityBindingService.js","16","method_or_function","run","run(input = {}) {"
"_LEGACY_BUILDS\EXEC_006_PROVIDER_SYNCHRONIZATION\EXEC_006_PROVIDER_SYNCHRONIZATION\SERVICES\ProviderCapabilityBindingService.js","19","method_or_function","for","for (const provider of registry.providers) {"
"_LEGACY_BUILDS\EXEC_006_PROVIDER_SYNCHRONIZATION\EXEC_006_PROVIDER_SYNCHRONIZATION\SERVICES\ProviderInterfaceAdapterService.js","15","function","ensureDir","function ensureDir(dir) { fs.mkdirSync(dir, { recursive: true }); }"
"_LEGACY_BUILDS\EXEC_006_PROVIDER_SYNCHRONIZATION\EXEC_006_PROVIDER_SYNCHRONIZATION\SERVICES\ProviderInterfaceAdapterService.js","16","function","writeJson","function writeJson(file, value) { ensureDir(path.dirname(file)); fs.writeFileSync(file, JSON.stringify(value, null, 2), ""utf8""); }"
"_LEGACY_BUILDS\EXEC_006_PROVIDER_SYNCHRONIZATION\EXEC_006_PROVIDER_SYNCHRONIZATION\SERVICES\ProviderInterfaceAdapterService.js","18","class","ProviderInterfaceAdapterService","class ProviderInterfaceAdapterService {"
"_LEGACY_BUILDS\EXEC_006_PROVIDER_SYNCHRONIZATION\EXEC_006_PROVIDER_SYNCHRONIZATION\SERVICES\ProviderInterfaceAdapterService.js","19","method_or_function","run","run(input = {}) {"
"_LEGACY_BUILDS\EXEC_006_PROVIDER_SYNCHRONIZATION\EXEC_006_PROVIDER_SYNCHRONIZATION\SERVICES\ProviderInterfaceAdapterService.js","39","method_or_function","adapterFor","adapterFor(provider) {"
"_LEGACY_BUILDS\EXEC_006_PROVIDER_SYNCHRONIZATION\EXEC_006_PROVIDER_SYNCHRONIZATION\SERVICES\ProviderSynchronizationService.js","18","function","ensureDir","function ensureDir(dir) { fs.mkdirSync(dir, { recursive: true }); }"
"_LEGACY_BUILDS\EXEC_006_PROVIDER_SYNCHRONIZATION\EXEC_006_PROVIDER_SYNCHRONIZATION\SERVICES\ProviderSynchronizationService.js","19","function","writeJson","function writeJson(file, value) { ensureDir(path.dirname(file)); fs.writeFileSync(file, JSON.stringify(value, null, 2), ""utf8""); }"
"_LEGACY_BUILDS\EXEC_006_PROVIDER_SYNCHRONIZATION\EXEC_006_PROVIDER_SYNCHRONIZATION\SERVICES\ProviderSynchronizationService.js","21","class","ProviderSynchronizationService","class ProviderSynchronizationService {"
"_LEGACY_BUILDS\EXEC_006_PROVIDER_SYNCHRONIZATION\EXEC_006_PROVIDER_SYNCHRONIZATION\SERVICES\ProviderSynchronizationService.js","22","method_or_function","run","async run(input = {}) {"
"_LEGACY_BUILDS\EXEC_006_PROVIDER_SYNCHRONIZATION\EXEC_006_PROVIDER_SYNCHRONIZATION\SERVICES\ProviderSynchronizationService.js","60","method_or_function","liveReadTest","async liveReadTest(input = {}) {"
"_LEGACY_BUILDS\EXEC_006_PROVIDER_SYNCHRONIZATION\EXEC_006_PROVIDER_SYNCHRONIZATION\SERVICES\ProviderSynchronizationService.js","62","method_or_function","if","if (!process.env.INSTANTLY_API_KEY) {"
"_LEGACY_BUILDS\EXEC_006_PROVIDER_SYNCHRONIZATION\EXEC_006_PROVIDER_SYNCHRONIZATION\SERVICES\ProviderSynchronizationService.js","68","method_or_function","detectMismatches","detectMismatches(registry, interfaceAdapters, capabilityBindings, liveReadTest) {"
"_LEGACY_BUILDS\EXEC_006_PROVIDER_SYNCHRONIZATION\EXEC_006_PROVIDER_SYNCHRONIZATION\SERVICES\ProviderSynchronizationService.js","70","method_or_function","for","for (const adapter of interfaceAdapters.adapters) {"
"_LEGACY_BUILDS\EXEC_006_PROVIDER_SYNCHRONIZATION\EXEC_006_PROVIDER_SYNCHRONIZATION\SERVICES\ProviderSynchronizationService.js","71","method_or_function","if","if (!adapter.compatible) {"
"_LEGACY_BUILDS\EXEC_006_PROVIDER_SYNCHRONIZATION\EXEC_006_PROVIDER_SYNCHRONIZATION\SERVICES\ProviderSynchronizationService.js","76","method_or_function","if","if (process.env.INSTANTLY_API_KEY && inst && !inst.executable) {"
"_LEGACY_BUILDS\EXEC_006_PROVIDER_SYNCHRONIZATION\EXEC_006_PROVIDER_SYNCHRONIZATION\SERVICES\ProviderSynchronizationService.js","79","method_or_function","if","if (process.env.INSTANTLY_API_KEY && !liveReadTest.ok) {"
"_LEGACY_BUILDS\EXEC_006_PROVIDER_SYNCHRONIZATION\EXEC_006_PROVIDER_SYNCHRONIZATION\SERVICES\ProviderSynchronizationService.js","83","method_or_function","if","if (inst && bind && inst.executable !== bind.executable) {"
"_LEGACY_BUILDS\EXEC_006_PROVIDER_SYNCHRONIZATION\EXEC_006_PROVIDER_SYNCHRONIZATION\SERVICES\ProviderSynchronizationService.js","89","method_or_function","renderReport","renderReport(result) {"
"_LEGACY_BUILDS\EXEC_007_MISSION_ENGINE\EXEC_007_MISSION_ENGINE\EXAMPLE_RUN.ts","39","async function","main","async function main() {"
"_LEGACY_BUILDS\EXEC_007_MISSION_ENGINE\EXEC_007_MISSION_ENGINE\EXECUTION_ADAPTER.ts","9","method_or_function","if","if (task.status === 'BLOCKED' || task.status === 'ESCALATED') {"
"_LEGACY_BUILDS\EXEC_007_MISSION_ENGINE\EXEC_007_MISSION_ENGINE\MISSION_AUDIT.ts","5","method_or_function","constructor","constructor(private auditPath = './logs/mission_audit.jsonl') {}"
"_LEGACY_BUILDS\EXEC_007_MISSION_ENGINE\EXEC_007_MISSION_ENGINE\MISSION_ENGINE.ts","29","method_or_function","for","for (const mission of missions) {"
"_LEGACY_BUILDS\EXEC_007_MISSION_ENGINE\EXEC_007_MISSION_ENGINE\MISSION_ENGINE.ts","39","method_or_function","for","for (const mission of missions) {"
"_LEGACY_BUILDS\EXEC_007_MISSION_ENGINE\EXEC_007_MISSION_ENGINE\MISSION_ENGINE.ts","42","method_or_function","for","for (const task of runnable) {"
"_LEGACY_BUILDS\EXEC_007_MISSION_ENGINE\EXEC_007_MISSION_ENGINE\MISSION_ENGINE.ts","76","method_or_function","if","if (mission.status === 'COMPLETED' || mission.status === 'FAILED') {"
"_LEGACY_BUILDS\EXEC_007_MISSION_ENGINE\EXEC_007_MISSION_ENGINE\MISSION_GOVERNANCE.ts","19","method_or_function","if","if (hit) {"
"_LEGACY_BUILDS\EXEC_007_MISSION_ENGINE\EXEC_007_MISSION_ENGINE\MISSION_KPI.ts","9","method_or_function","for","for (const task of mission.tasks) {"
"_LEGACY_BUILDS\EXEC_007_MISSION_ENGINE\EXEC_007_MISSION_ENGINE\MISSION_PLANNER.ts","9","method_or_function","for","for (const task of mission.tasks) {"
"_LEGACY_BUILDS\EXEC_007_MISSION_ENGINE\EXEC_007_MISSION_ENGINE\MISSION_STATE.ts","6","method_or_function","constructor","constructor(private statePath = './state/mission_state.json') {}"
"_LEGACY_BUILDS\EXEC_007_MISSION_ENGINE\EXEC_007_MISSION_ENGINE\MISSION_TEMPLATES.ts","5","function","task","function task(missionId: string, name: string, provider: string, capability: string, parameters: Record<string, unknown>, dependencies: string[] = [], priority = 5): MissionTask {"
"_LEGACY_BUILDS\EXEC_007_MISSION_ENGINE\EXEC_007_MISSION_ENGINE\MISSION_TEMPLATES.ts","27","function","baseMission","function baseMission(goal: BusinessGoal, category: MissionCategory): Mission {"
"_LEGACY_BUILDS\EXEC_009_NAMECHEAP\EXEC_009_NAMECHEAP\src\AUTH.ts","7","method_or_function","constructor","constructor(private config: NamecheapConfig) {}"
"_LEGACY_BUILDS\EXEC_009_NAMECHEAP\EXEC_009_NAMECHEAP\src\AUTH.ts","11","method_or_function","if","if (missing.length) {"
"_LEGACY_BUILDS\EXEC_009_NAMECHEAP\EXEC_009_NAMECHEAP\src\CONFIG.ts","30","method_or_function","for","for (const key of ['apiUser','apiKey','username','clientIp'] as const) {"
"_LEGACY_BUILDS\EXEC_009_NAMECHEAP\EXEC_009_NAMECHEAP\src\HEALTH.ts","10","function","scoreCheck","function scoreCheck(c: CheckResult): number {"
"_LEGACY_BUILDS\EXEC_009_NAMECHEAP\EXEC_009_NAMECHEAP\src\NAMECHEAP_PROVIDER.ts","33","method_or_function","switch","switch (action.capability) {"
"_LEGACY_BUILDS\MILES_Automation_FastTrack_v0.4.0\miles_automation_fasttrack_v0_4_0\CORE\authority_gate.js","18","function","normalize","function normalize(s) { return (s || '').toString().trim().toLowerCase().replace(/\s+/g, '_'); }"
"_LEGACY_BUILDS\MILES_Automation_FastTrack_v0.4.0\miles_automation_fasttrack_v0_4_0\CORE\authority_gate.js","20","function","loadAuthorityRules","function loadAuthorityRules(repoRoot) {"
"_LEGACY_BUILDS\MILES_Automation_FastTrack_v0.4.0\miles_automation_fasttrack_v0_4_0\CORE\authority_gate.js","26","method_or_function","for","for (const file of candidates) {"
"_LEGACY_BUILDS\MILES_Automation_FastTrack_v0.4.0\miles_automation_fasttrack_v0_4_0\CORE\authority_gate.js","36","function","evaluateAuthority","function evaluateAuthority(repoRoot, actionType, riskLevel) {"
"_LEGACY_BUILDS\MILES_Automation_FastTrack_v0.4.0\miles_automation_fasttrack_v0_4_0\CORE\authority_gate.js","41","method_or_function","if","if (exact) {"
"_LEGACY_BUILDS\MILES_Automation_FastTrack_v0.4.0\miles_automation_fasttrack_v0_4_0\CORE\autonomous_work_engine.js","11","function","now","function now() { return new Date().toISOString(); }"
"_LEGACY_BUILDS\MILES_Automation_FastTrack_v0.4.0\miles_automation_fasttrack_v0_4_0\CORE\autonomous_work_engine.js","12","function","p","function p(root, ...parts) { return path.join(root, ...parts); }"
"_LEGACY_BUILDS\MILES_Automation_FastTrack_v0.4.0\miles_automation_fasttrack_v0_4_0\CORE\autonomous_work_engine.js","13","function","exists","function exists(filePath) { return fs.existsSync(filePath); }"
"_LEGACY_BUILDS\MILES_Automation_FastTrack_v0.4.0\miles_automation_fasttrack_v0_4_0\CORE\autonomous_work_engine.js","15","function","pickFirstExisting","function pickFirstExisting(root, candidates) {"
"_LEGACY_BUILDS\MILES_Automation_FastTrack_v0.4.0\miles_automation_fasttrack_v0_4_0\CORE\autonomous_work_engine.js","16","method_or_function","for","for (const c of candidates) {"
"_LEGACY_BUILDS\MILES_Automation_FastTrack_v0.4.0\miles_automation_fasttrack_v0_4_0\CORE\autonomous_work_engine.js","23","class","MilesAutonomousWorkEngine","class MilesAutonomousWorkEngine {"
"_LEGACY_BUILDS\MILES_Automation_FastTrack_v0.4.0\miles_automation_fasttrack_v0_4_0\CORE\autonomous_work_engine.js","24","method_or_function","constructor","constructor(repoRoot) {"
"_LEGACY_BUILDS\MILES_Automation_FastTrack_v0.4.0\miles_automation_fasttrack_v0_4_0\CORE\autonomous_work_engine.js","33","method_or_function","log","log(row) {"
"_LEGACY_BUILDS\MILES_Automation_FastTrack_v0.4.0\miles_automation_fasttrack_v0_4_0\CORE\autonomous_work_engine.js","37","method_or_function","requireApproval","requireApproval(task, decision) {"
"_LEGACY_BUILDS\MILES_Automation_FastTrack_v0.4.0\miles_automation_fasttrack_v0_4_0\CORE\autonomous_work_engine.js","50","method_or_function","loadCapabilities","loadCapabilities() {"
"_LEGACY_BUILDS\MILES_Automation_FastTrack_v0.4.0\miles_automation_fasttrack_v0_4_0\CORE\autonomous_work_engine.js","54","method_or_function","runCapability","runCapability(cap) {"
"_LEGACY_BUILDS\MILES_Automation_FastTrack_v0.4.0\miles_automation_fasttrack_v0_4_0\CORE\autonomous_work_engine.js","58","method_or_function","if","if (decision.requiresApproval) {"
"_LEGACY_BUILDS\MILES_Automation_FastTrack_v0.4.0\miles_automation_fasttrack_v0_4_0\CORE\autonomous_work_engine.js","66","method_or_function","switch","switch (cap.CapabilityID) {"
"_LEGACY_BUILDS\MILES_Automation_FastTrack_v0.4.0\miles_automation_fasttrack_v0_4_0\CORE\autonomous_work_engine.js","85","method_or_function","syncCampaignInventory","syncCampaignInventory() {"
"_LEGACY_BUILDS\MILES_Automation_FastTrack_v0.4.0\miles_automation_fasttrack_v0_4_0\CORE\autonomous_work_engine.js","89","method_or_function","for","for (const c of campaigns) {"
"_LEGACY_BUILDS\MILES_Automation_FastTrack_v0.4.0\miles_automation_fasttrack_v0_4_0\CORE\autonomous_work_engine.js","98","method_or_function","checkDomainCapacity","checkDomainCapacity() {"
"_LEGACY_BUILDS\MILES_Automation_FastTrack_v0.4.0\miles_automation_fasttrack_v0_4_0\CORE\autonomous_work_engine.js","112","method_or_function","refreshSegmentCounts","refreshSegmentCounts() {"
"_LEGACY_BUILDS\MILES_Automation_FastTrack_v0.4.0\miles_automation_fasttrack_v0_4_0\CORE\autonomous_work_engine.js","121","method_or_function","refreshDashboard","refreshDashboard() {"
"_LEGACY_BUILDS\MILES_Automation_FastTrack_v0.4.0\miles_automation_fasttrack_v0_4_0\CORE\autonomous_work_engine.js","132","method_or_function","instantlyHealthSnapshot","instantlyHealthSnapshot() {"
"_LEGACY_BUILDS\MILES_Automation_FastTrack_v0.4.0\miles_automation_fasttrack_v0_4_0\CORE\autonomous_work_engine.js","140","method_or_function","websiteQueueReview","websiteQueueReview() {"
"_LEGACY_BUILDS\MILES_Automation_FastTrack_v0.4.0\miles_automation_fasttrack_v0_4_0\CORE\autonomous_work_engine.js","148","method_or_function","repositoryDuplicateAudit","repositoryDuplicateAudit() {"
"_LEGACY_BUILDS\MILES_Automation_FastTrack_v0.4.0\miles_automation_fasttrack_v0_4_0\CORE\autonomous_work_engine.js","163","method_or_function","generateDailyBrief","generateDailyBrief() {"
"_LEGACY_BUILDS\MILES_Automation_FastTrack_v0.4.0\miles_automation_fasttrack_v0_4_0\CORE\autonomous_work_engine.js","195","method_or_function","runAll","runAll() {"
"_LEGACY_BUILDS\MILES_Automation_FastTrack_v0.4.0\miles_automation_fasttrack_v0_4_0\CORE\autonomous_work_engine.js","205","method_or_function","if","if (require.main === module) {"
"_LEGACY_BUILDS\MILES_Automation_FastTrack_v0.4.0\miles_automation_fasttrack_v0_4_0\CORE\csv_utils.js","6","function","ensureDir","function ensureDir(filePath) {"
"_LEGACY_BUILDS\MILES_Automation_FastTrack_v0.4.0\miles_automation_fasttrack_v0_4_0\CORE\csv_utils.js","10","function","parseCsvLine","function parseCsvLine(line) {"
"_LEGACY_BUILDS\MILES_Automation_FastTrack_v0.4.0\miles_automation_fasttrack_v0_4_0\CORE\csv_utils.js","14","method_or_function","for","for (let i = 0; i < line.length; i++) {"
"_LEGACY_BUILDS\MILES_Automation_FastTrack_v0.4.0\miles_automation_fasttrack_v0_4_0\CORE\csv_utils.js","17","method_or_function","if","if (ch === '""' && inQuotes && next === '""') { cur += '""'; i++; continue; }"
"_LEGACY_BUILDS\MILES_Automation_FastTrack_v0.4.0\miles_automation_fasttrack_v0_4_0\CORE\csv_utils.js","18","method_or_function","if","if (ch === '""') { inQuotes = !inQuotes; continue; }"
"_LEGACY_BUILDS\MILES_Automation_FastTrack_v0.4.0\miles_automation_fasttrack_v0_4_0\CORE\csv_utils.js","19","method_or_function","if","if (ch === ',' && !inQuotes) { out.push(cur); cur = ''; continue; }"
"_LEGACY_BUILDS\MILES_Automation_FastTrack_v0.4.0\miles_automation_fasttrack_v0_4_0\CORE\csv_utils.js","26","function","csvEscape","function csvEscape(value) {"
"_LEGACY_BUILDS\MILES_Automation_FastTrack_v0.4.0\miles_automation_fasttrack_v0_4_0\CORE\csv_utils.js","32","function","readCsv","function readCsv(filePath) {"
"_LEGACY_BUILDS\MILES_Automation_FastTrack_v0.4.0\miles_automation_fasttrack_v0_4_0\CORE\csv_utils.js","46","function","writeCsv","function writeCsv(filePath, rows, preferredHeaders) {"
"_LEGACY_BUILDS\MILES_Automation_FastTrack_v0.4.0\miles_automation_fasttrack_v0_4_0\CORE\csv_utils.js","55","function","appendCsv","function appendCsv(filePath, row, preferredHeaders) {"
"_LEGACY_BUILDS\MILES_Automation_FastTrack_v0.4.0\miles_automation_fasttrack_v0_4_0\CORE\csv_utils.js","61","function","countRows","function countRows(filePath) { return readCsv(filePath).length; }"
"_LEGACY_BUILDS\MILES_Automation_FastTrack_v0.4.0\miles_automation_fasttrack_v0_4_0\EXECUTIVE\status_report.js","4","function","p","function p(root, ...parts) { return path.join(root, ...parts); }"
"_LEGACY_BUILDS\MILES_Automation_FastTrack_v0.4.0\miles_automation_fasttrack_v0_4_0\scripts\INSTALL_MILES_AUTOMATION_FASTTRACK.ps1","13","method_or_function","if","if (!$NoBackup) {"
"_LEGACY_BUILDS\MILES_Automation_FastTrack_v0.4.0\miles_automation_fasttrack_v0_4_0\scripts\INSTALL_MILES_AUTOMATION_FASTTRACK.ps1","17","method_or_function","if","if (Test-Path $target) {"
"_LEGACY_BUILDS\MILES_AUTONOMOUS_COO_PATCH\miles_autonomous_patch\StartAutonomousCOO.js","7","function","boolFromEnv","function boolFromEnv(name, fallback) {"
"_LEGACY_BUILDS\MILES_AUTONOMOUS_COO_PATCH\miles_autonomous_patch\StartAutonomousCOO.js","13","function","intFromEnv","function intFromEnv(name, fallback) {"
"_LEGACY_BUILDS\MILES_AUTONOMOUS_COO_PATCH\miles_autonomous_patch\StartAutonomousCOO.js","18","async function","main","async function main() {"
"_LEGACY_BUILDS\MILES_AUTONOMOUS_COO_PATCH\miles_autonomous_patch\StartAutonomousCOO.js","33","method_or_function","if","if (mode === ""loop"") {"
"_LEGACY_BUILDS\MILES_AUTONOMOUS_COO_PATCH\miles_autonomous_patch\SERVICES\AutonomousCOOLoopService.js","3","class","AutonomousRevenueClosureLoop","class AutonomousRevenueClosureLoop {"
"_LEGACY_BUILDS\MILES_AUTONOMOUS_COO_PATCH\miles_autonomous_patch\SERVICES\AutonomousCOOLoopService.js","4","method_or_function","constructor","constructor() {"
"_LEGACY_BUILDS\MILES_AUTONOMOUS_COO_PATCH\miles_autonomous_patch\SERVICES\AutonomousCOOLoopService.js","8","method_or_function","run","async run(cooState) {"
"_LEGACY_BUILDS\MILES_AUTONOMOUS_COO_PATCH\miles_autonomous_patch\SERVICES\AutonomousCOOLoopService.js","30","method_or_function","extractSignals","extractSignals(state) {"
"_LEGACY_BUILDS\MILES_AUTONOMOUS_COO_PATCH\miles_autonomous_patch\SERVICES\AutonomousCOOLoopService.js","42","method_or_function","qualifyLeads","qualifyLeads(signals) {"
"_LEGACY_BUILDS\MILES_AUTONOMOUS_COO_PATCH\miles_autonomous_patch\SERVICES\AutonomousCOOLoopService.js","45","method_or_function","for","for (const p of signals.pipeline || []) {"
"_LEGACY_BUILDS\MILES_AUTONOMOUS_COO_PATCH\miles_autonomous_patch\SERVICES\AutonomousCOOLoopService.js","70","method_or_function","buildRevenueActions","buildRevenueActions(qualified) {"
"_LEGACY_BUILDS\MILES_AUTONOMOUS_COO_PATCH\miles_autonomous_patch\SERVICES\AutonomousCOOLoopService.js","73","method_or_function","for","for (const q of qualified) {"
"_LEGACY_BUILDS\MILES_AUTONOMOUS_COO_PATCH\miles_autonomous_patch\SERVICES\AutonomousCOOLoopService.js","74","method_or_function","if","if (q.score >= 85) {"
"_LEGACY_BUILDS\MILES_AUTONOMOUS_COO_PATCH\miles_autonomous_patch\SERVICES\ExecutionService.js","31","class","ExecutionService","class ExecutionService {"
"_LEGACY_BUILDS\MILES_AUTONOMOUS_COO_PATCH\miles_autonomous_patch\SERVICES\ExecutionService.js","32","method_or_function","execute","async execute(task) {"
"_LEGACY_BUILDS\MILES_AUTONOMOUS_COO_PATCH\miles_autonomous_patch\SERVICES\ExecutionService.js","33","method_or_function","if","if (!task) {"
"_LEGACY_BUILDS\MILES_AUTONOMOUS_COO_PATCH\miles_autonomous_patch\SERVICES\ExecutionService.js","41","method_or_function","if","if (!authority.allowed) {"
"_LEGACY_BUILDS\MILES_AUTONOMOUS_COO_PATCH\miles_autonomous_patch\SERVICES\ExecutionService.js","57","method_or_function","if","if (task.type === ""WORKFORCE_STEP"") {"
"_LEGACY_BUILDS\MILES_AUTONOMOUS_COO_PATCH\miles_autonomous_patch\SERVICES\ExecutionService.js","68","method_or_function","executeWorkforceStep","async executeWorkforceStep(task) {"
"_LEGACY_BUILDS\MILES_AUTONOMOUS_COO_PATCH\miles_autonomous_patch\SERVICES\ExecutionService.js","87","method_or_function","if","if (operationalMemory && result.result) {"
"_LEGACY_BUILDS\MILES_AUTONOMOUS_COO_PATCH\miles_autonomous_patch\SERVICES\ExecutionService.js","107","method_or_function","executeInternalTask","async executeInternalTask(task) {"
"_LEGACY_BUILDS\MILES_AUTONOMOUS_COO_PATCH\miles_autonomous_patch\SERVICES\ExecutionService.js","128","method_or_function","executeConnectorTask","async executeConnectorTask(task, system, action) {"
"_LEGACY_BUILDS\MILES_AUTONOMOUS_COO_PATCH\miles_autonomous_patch\SERVICES\ExecutionService.js","132","method_or_function","if","if (!connector) {"
"_LEGACY_BUILDS\MILES_AUTONOMOUS_COO_PATCH\miles_autonomous_patch\SERVICES\ExecutionService.js","148","method_or_function","if","if (typeof connector.execute !== ""function"") {"
"_LEGACY_BUILDS\MILES_AUTONOMOUS_COO_PATCH\miles_autonomous_patch\SERVICES\ExecutionService.js","203","method_or_function","runNext","async runNext() {"
"_LEGACY_BUILDS\MILES_AUTONOMOUS_COO_PATCH\miles_autonomous_patch\SERVICES\ExecutionService.js","206","method_or_function","if","if (!queued.length) {"
"_LEGACY_BUILDS\MILES_AUTONOMOUS_COO_PATCH\miles_autonomous_patch\SERVICES\ExecutiveIntelligenceService.js","3","function","now","function now() {"
"_LEGACY_BUILDS\MILES_AUTONOMOUS_COO_PATCH\miles_autonomous_patch\SERVICES\ExecutiveIntelligenceService.js","7","function","safeProviderState","function safeProviderState(name, err) {"
"_LEGACY_BUILDS\MILES_AUTONOMOUS_COO_PATCH\miles_autonomous_patch\SERVICES\ExecutiveIntelligenceService.js","31","class","ExecutiveIntelligenceService","class ExecutiveIntelligenceService {"
"_LEGACY_BUILDS\MILES_AUTONOMOUS_COO_PATCH\miles_autonomous_patch\SERVICES\ExecutiveIntelligenceService.js","32","method_or_function","constructor","constructor() {"
"_LEGACY_BUILDS\MILES_AUTONOMOUS_COO_PATCH\miles_autonomous_patch\SERVICES\ExecutiveIntelligenceService.js","53","method_or_function","refresh","async refresh() {"
"_LEGACY_BUILDS\MILES_AUTONOMOUS_COO_PATCH\miles_autonomous_patch\SERVICES\ExecutiveIntelligenceService.js","56","method_or_function","for","for (const factory of this.providerFactories) {"
"_LEGACY_BUILDS\MILES_AUTONOMOUS_COO_PATCH\miles_autonomous_patch\SERVICES\ExecutiveIntelligenceService.js","60","method_or_function","if","if (typeof provider.initialize === ""function"") {"
"_LEGACY_BUILDS\MILES_AUTONOMOUS_COO_PATCH\miles_autonomous_patch\SERVICES\ExecutiveIntelligenceService.js","76","method_or_function","getExecutiveState","getExecutiveState() {"
"_LEGACY_BUILDS\MILES_AUTONOMOUS_COO_PATCH\miles_autonomous_patch\SERVICES\WorkflowService.js","6","function","normalizePriority","function normalizePriority(value) {"
"_LEGACY_BUILDS\MILES_AUTONOMOUS_COO_PATCH\miles_autonomous_patch\SERVICES\WorkflowService.js","19","class","WorkflowService","class WorkflowService {"
"_LEGACY_BUILDS\MILES_AUTONOMOUS_COO_PATCH\miles_autonomous_patch\SERVICES\WorkflowService.js","20","method_or_function","createWorkflow","createWorkflow(objective, context = {}) {"
"_LEGACY_BUILDS\MILES_AUTONOMOUS_COO_PATCH\miles_autonomous_patch\SERVICES\WorkflowService.js","23","method_or_function","if","if (wp.status === ""AWAITING_APPROVAL"") {"
"_LEGACY_BUILDS\MILES_AUTONOMOUS_COO_PATCH\miles_autonomous_patch\SERVICES\WorkflowService.js","35","method_or_function","for","for (const step of wp.tasks || []) {"
"_LEGACY_BUILDS\MILES_AUTONOMOUS_COO_PATCH\miles_autonomous_patch\SERVICES\WorkflowService.js","71","method_or_function","status","status() {"
"_LEGACY_BUILDS\MILES_AUTONOMOUS_COO_PATCH\miles_autonomous_patch\SERVICES\WorkforceExecutionService.js","27","function","safeId","function safeId(value) {"
"_LEGACY_BUILDS\MILES_AUTONOMOUS_COO_PATCH\miles_autonomous_patch\SERVICES\WorkforceExecutionService.js","34","function","ensureDirs","function ensureDirs() {"
"_LEGACY_BUILDS\MILES_AUTONOMOUS_COO_PATCH\miles_autonomous_patch\SERVICES\WorkforceExecutionService.js","38","function","findEmployee","function findEmployee(name) {"
"_LEGACY_BUILDS\MILES_AUTONOMOUS_COO_PATCH\miles_autonomous_patch\SERVICES\WorkforceExecutionService.js","46","function","publishSafe","function publishSafe(type, payload = {}, metadata = {}) {"
"_LEGACY_BUILDS\MILES_AUTONOMOUS_COO_PATCH\miles_autonomous_patch\SERVICES\WorkforceExecutionService.js","54","function","textOf","function textOf(task = {}) {"
"_LEGACY_BUILDS\MILES_AUTONOMOUS_COO_PATCH\miles_autonomous_patch\SERVICES\WorkforceExecutionService.js","73","function","isInstantlyTask","function isInstantlyTask(task = {}) {"
"_LEGACY_BUILDS\MILES_AUTONOMOUS_COO_PATCH\miles_autonomous_patch\SERVICES\WorkforceExecutionService.js","79","function","shouldRunInstantlyBrowserOperator","function shouldRunInstantlyBrowserOperator(task = {}) {"
"_LEGACY_BUILDS\MILES_AUTONOMOUS_COO_PATCH\miles_autonomous_patch\SERVICES\WorkforceExecutionService.js","102","function","defaultRecommendation","function defaultRecommendation(task, employee) {"
"_LEGACY_BUILDS\MILES_AUTONOMOUS_COO_PATCH\miles_autonomous_patch\SERVICES\WorkforceExecutionService.js","122","class","WorkforceExecutionService","class WorkforceExecutionService {"
"_LEGACY_BUILDS\MILES_AUTONOMOUS_COO_PATCH\miles_autonomous_patch\SERVICES\WorkforceExecutionService.js","123","method_or_function","constructor","constructor() {"
"_LEGACY_BUILDS\MILES_AUTONOMOUS_COO_PATCH\miles_autonomous_patch\SERVICES\WorkforceExecutionService.js","127","method_or_function","executeStep","async executeStep(task = {}) {"
"_LEGACY_BUILDS\MILES_AUTONOMOUS_COO_PATCH\miles_autonomous_patch\SERVICES\WorkforceExecutionService.js","183","method_or_function","if","if (providerResult) {"
"_LEGACY_BUILDS\MILES_AUTONOMOUS_COO_PATCH\miles_autonomous_patch\SERVICES\WorkforceExecutionService.js","281","method_or_function","runInstantlyOperator","async runInstantlyOperator(task = {}) {"
"_LEGACY_BUILDS\MILES_AUTONOMOUS_COO_PATCH\miles_autonomous_patch\SERVICES\WorkforceExecutionService.js","285","method_or_function","if","if (this.operatorCache[cacheKey]) {"
"_LEGACY_BUILDS\MILES_AUTONOMOUS_COO_PATCH\miles_autonomous_patch\SERVICES\WorkforceExecutionService.js","292","method_or_function","if","if (!instantlyOperator || typeof instantlyOperator.run !== ""function"") {"
"_LEGACY_BUILDS\MILES_AUTONOMOUS_COO_PATCH\miles_autonomous_patch\SERVICES\WorkforceExecutionService.js","360","method_or_function","buildInstantlyRecommendations","buildInstantlyRecommendations(operatorResult = {}) {"
"_LEGACY_BUILDS\MILES_AUTONOMOUS_COO_PATCH\miles_autonomous_patch\SERVICES\WorkforceExecutionService.js","370","method_or_function","if","if (drafts.length > 0) {"
"_LEGACY_BUILDS\MILES_AUTONOMOUS_COO_PATCH\miles_autonomous_patch\SERVICES\WorkforceExecutionService.js","374","method_or_function","if","if (paused.length > 0) {"
"_LEGACY_BUILDS\MILES_AUTONOMOUS_COO_PATCH\miles_autonomous_patch\SERVICES\WorkforceExecutionService.js","378","method_or_function","if","if (active.length > 0) {"
"_LEGACY_BUILDS\MILES_AUTONOMOUS_COO_PATCH\miles_autonomous_patch\SERVICES\WorkforceExecutionService.js","386","method_or_function","if","if (recommendations.length === 0) {"
"_LEGACY_BUILDS\MILES_AUTONOMOUS_COO_PATCH\miles_autonomous_patch\SERVICES\WorkforceExecutionService.js","393","method_or_function","mergeAutomationResult","mergeAutomationResult(providerResult, automationResult, task = {}) {"
"_LEGACY_BUILDS\MILES_AUTONOMOUS_COO_PATCH\miles_autonomous_patch\SERVICES\WorkforceExecutionService.js","396","method_or_function","if","if (!providerResult) {"
"_LEGACY_BUILDS\MILES_AUTONOMOUS_COO_PATCH\miles_autonomous_patch\SERVICES\WorkforceExecutionService.js","454","method_or_function","resolveStatus","resolveStatus(providerResult, executionPlan) {"
"_LEGACY_BUILDS\MILES_AUTONOMOUS_COO_PATCH\miles_autonomous_patch\SERVICES\WorkforceExecutionService.js","461","method_or_function","buildProviderRecommendation","buildProviderRecommendation(providerResult = {}, decision = {}, executionPlan = {}) {"
"_LEGACY_BUILDS\MILES_AUTONOMOUS_COO_PATCH\miles_autonomous_patch\SERVICES\WorkforceExecutionService.js","462","method_or_function","if","if (!providerResult.ok) {"
"_LEGACY_BUILDS\MILES_AUTONOMOUS_COO_PATCH\miles_autonomous_patch\SERVICES\WorkforceExecutionService.js","466","method_or_function","if","if (decision?.decision === ""ESCALATE"") {"
"_LEGACY_BUILDS\MILES_AUTONOMOUS_COO_PATCH\miles_autonomous_patch\SERVICES\WorkforceExecutionService.js","472","method_or_function","if","if (exceptions.length > 0) {"
"_LEGACY_BUILDS\MILES_AUTONOMOUS_COO_PATCH\miles_autonomous_patch\SERVICES\WorkforceExecutionService.js","479","method_or_function","updateExecutiveState","updateExecutiveState(result, outFile) {"
"_LEGACY_BUILDS\MILES_AUTONOMOUS_COO_PATCH\miles_autonomous_patch\SERVICES\WorkforceExecutionService.js","499","method_or_function","verifyResult","verifyResult(result = {}) {"
"_LEGACY_BUILDS\MILES_AUTONOMOUS_COO_PATCH\miles_autonomous_patch\SERVICES\WorkforceExecutionService.js","543","method_or_function","executeAndVerify","async executeAndVerify(task = {}) {"
"_LEGACY_BUILDS\MILES_AUTONOMOUS_COO_PATCH\miles_autonomous_patch\SERVICES\Browser\Workers\InstantlyCampaignOperator.js","12","function","ensureDir","function ensureDir() {"
"_LEGACY_BUILDS\MILES_AUTONOMOUS_COO_PATCH\miles_autonomous_patch\SERVICES\Browser\Workers\InstantlyCampaignOperator.js","16","function","loadMemory","function loadMemory() {"
"_LEGACY_BUILDS\MILES_AUTONOMOUS_COO_PATCH\miles_autonomous_patch\SERVICES\Browser\Workers\InstantlyCampaignOperator.js","24","function","saveMemory","function saveMemory(mem) {"
"_LEGACY_BUILDS\MILES_AUTONOMOUS_COO_PATCH\miles_autonomous_patch\SERVICES\Browser\Workers\InstantlyCampaignOperator.js","29","function","save","function save(name, data) {"
"_LEGACY_BUILDS\MILES_AUTONOMOUS_COO_PATCH\miles_autonomous_patch\SERVICES\Browser\Workers\InstantlyCampaignOperator.js","36","function","norm","function norm(value) {"
"_LEGACY_BUILDS\MILES_AUTONOMOUS_COO_PATCH\miles_autonomous_patch\SERVICES\Browser\Workers\InstantlyCampaignOperator.js","40","class","InstantlyCampaignOperator","class InstantlyCampaignOperator {"
"_LEGACY_BUILDS\MILES_AUTONOMOUS_COO_PATCH\miles_autonomous_patch\SERVICES\Browser\Workers\InstantlyCampaignOperator.js","41","method_or_function","constructor","constructor() {"
"_LEGACY_BUILDS\MILES_AUTONOMOUS_COO_PATCH\miles_autonomous_patch\SERVICES\Browser\Workers\InstantlyCampaignOperator.js","46","method_or_function","run","async run(options = {}) {"
"_LEGACY_BUILDS\MILES_AUTONOMOUS_COO_PATCH\miles_autonomous_patch\SERVICES\Browser\Workers\InstantlyCampaignOperator.js","84","method_or_function","for","for (const campaign of campaigns) {"
"_LEGACY_BUILDS\MILES_AUTONOMOUS_COO_PATCH\miles_autonomous_patch\SERVICES\Browser\Workers\InstantlyCampaignOperator.js","89","method_or_function","if","if (decision.action === ""IGNORE"") {"
"_LEGACY_BUILDS\MILES_AUTONOMOUS_COO_PATCH\miles_autonomous_patch\SERVICES\Browser\Workers\InstantlyCampaignOperator.js","97","method_or_function","if","if (decision.action === ""EXECUTE"") {"
"_LEGACY_BUILDS\MILES_AUTONOMOUS_COO_PATCH\miles_autonomous_patch\SERVICES\Browser\Workers\InstantlyCampaignOperator.js","98","method_or_function","if","if (!executeMode) {"
"_LEGACY_BUILDS\MILES_AUTONOMOUS_COO_PATCH\miles_autonomous_patch\SERVICES\Browser\Workers\InstantlyCampaignOperator.js","111","method_or_function","if","if (execution.ok) {"
"_LEGACY_BUILDS\MILES_AUTONOMOUS_COO_PATCH\miles_autonomous_patch\SERVICES\Browser\Workers\InstantlyCampaignOperator.js","121","method_or_function","if","if (decision.action === ""APPROVE"") {"
"_LEGACY_BUILDS\MILES_AUTONOMOUS_COO_PATCH\miles_autonomous_patch\SERVICES\Browser\Workers\InstantlyCampaignOperator.js","150","method_or_function","if","if (page) {"
"_LEGACY_BUILDS\MILES_AUTONOMOUS_COO_PATCH\miles_autonomous_patch\SERVICES\Browser\Workers\InstantlyCampaignOperator.js","165","method_or_function","openCampaignsPage","async openCampaignsPage(page, result) {"
"_LEGACY_BUILDS\MILES_AUTONOMOUS_COO_PATCH\miles_autonomous_patch\SERVICES\Browser\Workers\InstantlyCampaignOperator.js","204","method_or_function","extractCampaigns","async extractCampaigns(page) {"
"_LEGACY_BUILDS\MILES_AUTONOMOUS_COO_PATCH\miles_autonomous_patch\SERVICES\Browser\Workers\InstantlyCampaignOperator.js","206","function","clean","function clean(value) {"
"_LEGACY_BUILDS\MILES_AUTONOMOUS_COO_PATCH\miles_autonomous_patch\SERVICES\Browser\Workers\InstantlyCampaignOperator.js","210","function","statusOf","function statusOf(text) {"
"_LEGACY_BUILDS\MILES_AUTONOMOUS_COO_PATCH\miles_autonomous_patch\SERVICES\Browser\Workers\InstantlyCampaignOperator.js","219","function","isBadName","function isBadName(name) {"
"_LEGACY_BUILDS\MILES_AUTONOMOUS_COO_PATCH\miles_autonomous_patch\SERVICES\Browser\Workers\InstantlyCampaignOperator.js","251","function","parseNameFromLines","function parseNameFromLines(lines, status) {"
"_LEGACY_BUILDS\MILES_AUTONOMOUS_COO_PATCH\miles_autonomous_patch\SERVICES\Browser\Workers\InstantlyCampaignOperator.js","266","function","addCampaign","function addCampaign(item) {"
"_LEGACY_BUILDS\MILES_AUTONOMOUS_COO_PATCH\miles_autonomous_patch\SERVICES\Browser\Workers\InstantlyCampaignOperator.js","294","method_or_function","for","for (const selector of rowSelectors) {"
"_LEGACY_BUILDS\MILES_AUTONOMOUS_COO_PATCH\miles_autonomous_patch\SERVICES\Browser\Workers\InstantlyCampaignOperator.js","297","method_or_function","for","for (const row of rows) {"
"_LEGACY_BUILDS\MILES_AUTONOMOUS_COO_PATCH\miles_autonomous_patch\SERVICES\Browser\Workers\InstantlyCampaignOperator.js","325","method_or_function","if","if (campaigns.length === 0) {"
"_LEGACY_BUILDS\MILES_AUTONOMOUS_COO_PATCH\miles_autonomous_patch\SERVICES\Browser\Workers\InstantlyCampaignOperator.js","331","method_or_function","for","for (let i = 0; i < bodyLines.length; i++) {"
"_LEGACY_BUILDS\MILES_AUTONOMOUS_COO_PATCH\miles_autonomous_patch\SERVICES\Browser\Workers\InstantlyCampaignOperator.js","335","method_or_function","if","if (status !== ""unknown"") {"
"_LEGACY_BUILDS\MILES_AUTONOMOUS_COO_PATCH\miles_autonomous_patch\SERVICES\Browser\Workers\InstantlyCampaignOperator.js","356","method_or_function","decide","decide(campaign, memory) {"
"_LEGACY_BUILDS\MILES_AUTONOMOUS_COO_PATCH\miles_autonomous_patch\SERVICES\Browser\Workers\InstantlyCampaignOperator.js","360","method_or_function","if","if (!name) {"
"_LEGACY_BUILDS\MILES_AUTONOMOUS_COO_PATCH\miles_autonomous_patch\SERVICES\Browser\Workers\InstantlyCampaignOperator.js","368","method_or_function","if","if (status === ""draft"") {"
"_LEGACY_BUILDS\MILES_AUTONOMOUS_COO_PATCH\miles_autonomous_patch\SERVICES\Browser\Workers\InstantlyCampaignOperator.js","376","method_or_function","if","if (status === ""paused"") {"
"_LEGACY_BUILDS\MILES_AUTONOMOUS_COO_PATCH\miles_autonomous_patch\SERVICES\Browser\Workers\InstantlyCampaignOperator.js","384","method_or_function","if","if (status === ""active"") {"
"_LEGACY_BUILDS\MILES_AUTONOMOUS_COO_PATCH\miles_autonomous_patch\SERVICES\Browser\Workers\InstantlyCampaignOperator.js","407","method_or_function","executeCampaignAction","async executeCampaignAction(page, campaign, decision) {"
"_LEGACY_BUILDS\MILES_AUTONOMOUS_COO_PATCH\miles_autonomous_patch\SERVICES\Browser\Workers\InstantlyCampaignOperator.js","431","method_or_function","updateMemory","updateMemory(memory, campaign, action) {"
"_LEGACY_BUILDS\miles_autonomous_patch\StartAutonomousCOO.js","7","function","boolFromEnv","function boolFromEnv(name, fallback) {"
"_LEGACY_BUILDS\miles_autonomous_patch\StartAutonomousCOO.js","13","function","intFromEnv","function intFromEnv(name, fallback) {"
"_LEGACY_BUILDS\miles_autonomous_patch\StartAutonomousCOO.js","18","async function","main","async function main() {"
"_LEGACY_BUILDS\miles_autonomous_patch\StartAutonomousCOO.js","33","method_or_function","if","if (mode === ""loop"") {"
"_LEGACY_BUILDS\miles_autonomous_patch\SERVICES\AutonomousCOOLoopService.js","28","function","now","function now() {"
"_LEGACY_BUILDS\miles_autonomous_patch\SERVICES\AutonomousCOOLoopService.js","32","function","scoreStatus","function scoreStatus(status) {"
"_LEGACY_BUILDS\miles_autonomous_patch\SERVICES\AutonomousCOOLoopService.js","43","function","normalizePriority","function normalizePriority(value) {"
"_LEGACY_BUILDS\miles_autonomous_patch\SERVICES\AutonomousCOOLoopService.js","54","function","safeReadJson","function safeReadJson(file, fallback) {"
"_LEGACY_BUILDS\miles_autonomous_patch\SERVICES\AutonomousCOOLoopService.js","63","function","ensureDir","function ensureDir(dir) {"
"_LEGACY_BUILDS\miles_autonomous_patch\SERVICES\AutonomousCOOLoopService.js","67","class","AutonomousCOOLoopService","class AutonomousCOOLoopService {"
"_LEGACY_BUILDS\miles_autonomous_patch\SERVICES\AutonomousCOOLoopService.js","68","method_or_function","constructor","constructor(options = {}) {"
"_LEGACY_BUILDS\miles_autonomous_patch\SERVICES\AutonomousCOOLoopService.js","91","method_or_function","runOnce","async runOnce() {"
"_LEGACY_BUILDS\miles_autonomous_patch\SERVICES\AutonomousCOOLoopService.js","149","method_or_function","buildUniversalHealth","buildUniversalHealth(executiveState = {}) {"
"_LEGACY_BUILDS\miles_autonomous_patch\SERVICES\AutonomousCOOLoopService.js","227","method_or_function","buildMissionPlan","buildMissionPlan(executiveState = {}, health = {}, cycleId = null) {"
"_LEGACY_BUILDS\miles_autonomous_patch\SERVICES\AutonomousCOOLoopService.js","234","method_or_function","for","for (const system of health.systems || []) {"
"_LEGACY_BUILDS\miles_autonomous_patch\SERVICES\AutonomousCOOLoopService.js","235","method_or_function","if","if (system.risk === ""HIGH"") {"
"_LEGACY_BUILDS\miles_autonomous_patch\SERVICES\AutonomousCOOLoopService.js","249","method_or_function","if","if (system.risk === ""MEDIUM"") {"
"_LEGACY_BUILDS\miles_autonomous_patch\SERVICES\AutonomousCOOLoopService.js","292","method_or_function","for","for (const exception of exceptions) {"
"_LEGACY_BUILDS\miles_autonomous_patch\SERVICES\AutonomousCOOLoopService.js","321","method_or_function","if","if (priorities.length === 0) {"
"_LEGACY_BUILDS\miles_autonomous_patch\SERVICES\AutonomousCOOLoopService.js","351","method_or_function","missionItem","missionItem(input = {}) {"
"_LEGACY_BUILDS\miles_autonomous_patch\SERVICES\AutonomousCOOLoopService.js","375","method_or_function","deduplicateMissionItems","deduplicateMissionItems(items = []) {"
"_LEGACY_BUILDS\miles_autonomous_patch\SERVICES\AutonomousCOOLoopService.js","379","method_or_function","for","for (const item of items) {"
"_LEGACY_BUILDS\miles_autonomous_patch\SERVICES\AutonomousCOOLoopService.js","389","method_or_function","buildRepairPlan","buildRepairPlan(executiveState = {}, health = {}, mission = {}, cycleId = null) {"
"_LEGACY_BUILDS\miles_autonomous_patch\SERVICES\AutonomousCOOLoopService.js","392","method_or_function","for","for (const system of health.systems || []) {"
"_LEGACY_BUILDS\miles_autonomous_patch\SERVICES\AutonomousCOOLoopService.js","393","method_or_function","for","for (const exception of system.exceptions || []) {"
"_LEGACY_BUILDS\miles_autonomous_patch\SERVICES\AutonomousCOOLoopService.js","426","method_or_function","classifyRepair","classifyRepair(system = {}, exception = {}) {"
"_LEGACY_BUILDS\miles_autonomous_patch\SERVICES\AutonomousCOOLoopService.js","468","method_or_function","buildCapabilityBacklog","buildCapabilityBacklog(executiveState = {}, health = {}, cycleId = null) {"
"_LEGACY_BUILDS\miles_autonomous_patch\SERVICES\AutonomousCOOLoopService.js","536","method_or_function","createMissionWork","createMissionWork(mission = {}, repairPlan = {}, backlog = {}) {"
"_LEGACY_BUILDS\miles_autonomous_patch\SERVICES\AutonomousCOOLoopService.js","539","method_or_function","for","for (const item of mission.priorities || []) {"
"_LEGACY_BUILDS\miles_autonomous_patch\SERVICES\AutonomousCOOLoopService.js","561","method_or_function","for","for (const repair of repairPlan.repairs || []) {"
"_LEGACY_BUILDS\miles_autonomous_patch\SERVICES\AutonomousCOOLoopService.js","606","method_or_function","queueAuthorizedWorkflows","queueAuthorizedWorkflows() {"
"_LEGACY_BUILDS\miles_autonomous_patch\SERVICES\AutonomousCOOLoopService.js","610","method_or_function","for","for (const item of authorized) {"
"_LEGACY_BUILDS\miles_autonomous_patch\SERVICES\AutonomousCOOLoopService.js","663","method_or_function","runExecutionPasses","async runExecutionPasses() {"
"_LEGACY_BUILDS\miles_autonomous_patch\SERVICES\AutonomousCOOLoopService.js","666","method_or_function","for","for (let i = 0; i < this.maxExecutionPasses; i++) {"
"_LEGACY_BUILDS\miles_autonomous_patch\SERVICES\AutonomousCOOLoopService.js","671","method_or_function","if","if (result && result.message === ""No queued tasks"") {"
"_LEGACY_BUILDS\miles_autonomous_patch\SERVICES\AutonomousCOOLoopService.js","679","method_or_function","buildLearningSnapshot","buildLearningSnapshot() {"
"_LEGACY_BUILDS\miles_autonomous_patch\SERVICES\AutonomousCOOLoopService.js","680","method_or_function","if","if (!learningEngine || typeof learningEngine.analyze !== ""function"") {"
"_LEGACY_BUILDS\miles_autonomous_patch\SERVICES\AutonomousCOOLoopService.js","699","method_or_function","scoreAutonomy","scoreAutonomy(health = {}, mission = {}, repairPlan = {}, backlog = {}, learning = {}) {"
"_LEGACY_BUILDS\miles_autonomous_patch\SERVICES\AutonomousCOOLoopService.js","727","method_or_function","safeQueueStats","safeQueueStats() {"
"_LEGACY_BUILDS\miles_autonomous_patch\SERVICES\AutonomousCOOLoopService.js","746","method_or_function","start","async start() {"
"_LEGACY_BUILDS\miles_autonomous_patch\SERVICES\AutonomousCOOLoopService.js","747","method_or_function","if","if (this.running) {"
"_LEGACY_BUILDS\miles_autonomous_patch\SERVICES\AutonomousCOOLoopService.js","756","method_or_function","while","while (this.running) {"
"_LEGACY_BUILDS\miles_autonomous_patch\SERVICES\AutonomousCOOLoopService.js","759","method_or_function","if","if (this.maxCycles && this.cyclesRun >= this.maxCycles) {"
"_LEGACY_BUILDS\miles_autonomous_patch\SERVICES\AutonomousCOOLoopService.js","774","method_or_function","stop","stop() {"
"_LEGACY_BUILDS\miles_autonomous_patch\SERVICES\AutonomousCOOLoopService.js","783","method_or_function","writeOutputs","writeOutputs(result, brief) {"
"_LEGACY_BUILDS\miles_autonomous_patch\SERVICES\AutonomousCOOLoopService.js","850","method_or_function","toMarkdown","toMarkdown(result = {}) {"
"_LEGACY_BUILDS\miles_autonomous_patch\SERVICES\AutonomousCOOLoopService.js","867","method_or_function","for","for (const item of result.mission?.priorities || []) {"
"_LEGACY_BUILDS\miles_autonomous_patch\SERVICES\AutonomousCOOLoopService.js","877","method_or_function","for","for (const system of result.health?.systems || []) {"
"_LEGACY_BUILDS\miles_autonomous_patch\SERVICES\AutonomousCOOLoopService.js","891","method_or_function","for","for (const gap of result.capabilityBacklog?.gaps || []) {"
"_LEGACY_BUILDS\miles_autonomous_patch\SERVICES\AutonomousCOOLoopService.js","898","method_or_function","sleep","sleep(ms) {"
"_LEGACY_BUILDS\miles_autonomous_patch\SERVICES\ExecutionService.js","31","class","ExecutionService","class ExecutionService {"
"_LEGACY_BUILDS\miles_autonomous_patch\SERVICES\ExecutionService.js","32","method_or_function","execute","async execute(task) {"
"_LEGACY_BUILDS\miles_autonomous_patch\SERVICES\ExecutionService.js","33","method_or_function","if","if (!task) {"
"_LEGACY_BUILDS\miles_autonomous_patch\SERVICES\ExecutionService.js","41","method_or_function","if","if (!authority.allowed) {"
"_LEGACY_BUILDS\miles_autonomous_patch\SERVICES\ExecutionService.js","57","method_or_function","if","if (task.type === ""WORKFORCE_STEP"") {"
"_LEGACY_BUILDS\miles_autonomous_patch\SERVICES\ExecutionService.js","68","method_or_function","executeWorkforceStep","async executeWorkforceStep(task) {"
"_LEGACY_BUILDS\miles_autonomous_patch\SERVICES\ExecutionService.js","87","method_or_function","if","if (operationalMemory && result.result) {"
"_LEGACY_BUILDS\miles_autonomous_patch\SERVICES\ExecutionService.js","107","method_or_function","executeInternalTask","async executeInternalTask(task) {"
"_LEGACY_BUILDS\miles_autonomous_patch\SERVICES\ExecutionService.js","128","method_or_function","executeConnectorTask","async executeConnectorTask(task, system, action) {"
"_LEGACY_BUILDS\miles_autonomous_patch\SERVICES\ExecutionService.js","132","method_or_function","if","if (!connector) {"
"_LEGACY_BUILDS\miles_autonomous_patch\SERVICES\ExecutionService.js","148","method_or_function","if","if (typeof connector.execute !== ""function"") {"
"_LEGACY_BUILDS\miles_autonomous_patch\SERVICES\ExecutionService.js","203","method_or_function","runNext","async runNext() {"
"_LEGACY_BUILDS\miles_autonomous_patch\SERVICES\ExecutionService.js","206","method_or_function","if","if (!queued.length) {"
"_LEGACY_BUILDS\miles_autonomous_patch\SERVICES\ExecutiveIntelligenceService.js","3","function","now","function now() {"
"_LEGACY_BUILDS\miles_autonomous_patch\SERVICES\ExecutiveIntelligenceService.js","7","function","safeProviderState","function safeProviderState(name, err) {"
"_LEGACY_BUILDS\miles_autonomous_patch\SERVICES\ExecutiveIntelligenceService.js","31","class","ExecutiveIntelligenceService","class ExecutiveIntelligenceService {"
"_LEGACY_BUILDS\miles_autonomous_patch\SERVICES\ExecutiveIntelligenceService.js","32","method_or_function","constructor","constructor() {"
"_LEGACY_BUILDS\miles_autonomous_patch\SERVICES\ExecutiveIntelligenceService.js","53","method_or_function","refresh","async refresh() {"
"_LEGACY_BUILDS\miles_autonomous_patch\SERVICES\ExecutiveIntelligenceService.js","56","method_or_function","for","for (const factory of this.providerFactories) {"
"_LEGACY_BUILDS\miles_autonomous_patch\SERVICES\ExecutiveIntelligenceService.js","60","method_or_function","if","if (typeof provider.initialize === ""function"") {"
"_LEGACY_BUILDS\miles_autonomous_patch\SERVICES\ExecutiveIntelligenceService.js","76","method_or_function","getExecutiveState","getExecutiveState() {"
"_LEGACY_BUILDS\miles_autonomous_patch\SERVICES\WorkflowService.js","6","function","normalizePriority","function normalizePriority(value) {"
"_LEGACY_BUILDS\miles_autonomous_patch\SERVICES\WorkflowService.js","19","class","WorkflowService","class WorkflowService {"
"_LEGACY_BUILDS\miles_autonomous_patch\SERVICES\WorkflowService.js","20","method_or_function","createWorkflow","createWorkflow(objective, context = {}) {"
"_LEGACY_BUILDS\miles_autonomous_patch\SERVICES\WorkflowService.js","23","method_or_function","if","if (wp.status === ""AWAITING_APPROVAL"") {"
"_LEGACY_BUILDS\miles_autonomous_patch\SERVICES\WorkflowService.js","35","method_or_function","for","for (const step of wp.tasks || []) {"
"_LEGACY_BUILDS\miles_autonomous_patch\SERVICES\WorkflowService.js","71","method_or_function","status","status() {"
"_LEGACY_BUILDS\miles_autonomous_patch\SERVICES\WorkforceExecutionService.js","27","function","safeId","function safeId(value) {"
"_LEGACY_BUILDS\miles_autonomous_patch\SERVICES\WorkforceExecutionService.js","34","function","ensureDirs","function ensureDirs() {"
"_LEGACY_BUILDS\miles_autonomous_patch\SERVICES\WorkforceExecutionService.js","38","function","findEmployee","function findEmployee(name) {"
"_LEGACY_BUILDS\miles_autonomous_patch\SERVICES\WorkforceExecutionService.js","46","function","publishSafe","function publishSafe(type, payload = {}, metadata = {}) {"
"_LEGACY_BUILDS\miles_autonomous_patch\SERVICES\WorkforceExecutionService.js","54","function","textOf","function textOf(task = {}) {"
"_LEGACY_BUILDS\miles_autonomous_patch\SERVICES\WorkforceExecutionService.js","73","function","isInstantlyTask","function isInstantlyTask(task = {}) {"
"_LEGACY_BUILDS\miles_autonomous_patch\SERVICES\WorkforceExecutionService.js","79","function","shouldRunInstantlyBrowserOperator","function shouldRunInstantlyBrowserOperator(task = {}) {"
"_LEGACY_BUILDS\miles_autonomous_patch\SERVICES\WorkforceExecutionService.js","102","function","defaultRecommendation","function defaultRecommendation(task, employee) {"
"_LEGACY_BUILDS\miles_autonomous_patch\SERVICES\WorkforceExecutionService.js","122","class","WorkforceExecutionService","class WorkforceExecutionService {"
"_LEGACY_BUILDS\miles_autonomous_patch\SERVICES\WorkforceExecutionService.js","123","method_or_function","constructor","constructor() {"
"_LEGACY_BUILDS\miles_autonomous_patch\SERVICES\WorkforceExecutionService.js","127","method_or_function","executeStep","async executeStep(task = {}) {"
"_LEGACY_BUILDS\miles_autonomous_patch\SERVICES\WorkforceExecutionService.js","183","method_or_function","if","if (providerResult) {"
"_LEGACY_BUILDS\miles_autonomous_patch\SERVICES\WorkforceExecutionService.js","281","method_or_function","runInstantlyOperator","async runInstantlyOperator(task = {}) {"
"_LEGACY_BUILDS\miles_autonomous_patch\SERVICES\WorkforceExecutionService.js","285","method_or_function","if","if (this.operatorCache[cacheKey]) {"
"_LEGACY_BUILDS\miles_autonomous_patch\SERVICES\WorkforceExecutionService.js","292","method_or_function","if","if (!instantlyOperator || typeof instantlyOperator.run !== ""function"") {"
"_LEGACY_BUILDS\miles_autonomous_patch\SERVICES\WorkforceExecutionService.js","360","method_or_function","buildInstantlyRecommendations","buildInstantlyRecommendations(operatorResult = {}) {"
"_LEGACY_BUILDS\miles_autonomous_patch\SERVICES\WorkforceExecutionService.js","370","method_or_function","if","if (drafts.length > 0) {"
"_LEGACY_BUILDS\miles_autonomous_patch\SERVICES\WorkforceExecutionService.js","374","method_or_function","if","if (paused.length > 0) {"
"_LEGACY_BUILDS\miles_autonomous_patch\SERVICES\WorkforceExecutionService.js","378","method_or_function","if","if (active.length > 0) {"
"_LEGACY_BUILDS\miles_autonomous_patch\SERVICES\WorkforceExecutionService.js","386","method_or_function","if","if (recommendations.length === 0) {"
"_LEGACY_BUILDS\miles_autonomous_patch\SERVICES\WorkforceExecutionService.js","393","method_or_function","mergeAutomationResult","mergeAutomationResult(providerResult, automationResult, task = {}) {"
"_LEGACY_BUILDS\miles_autonomous_patch\SERVICES\WorkforceExecutionService.js","396","method_or_function","if","if (!providerResult) {"
"_LEGACY_BUILDS\miles_autonomous_patch\SERVICES\WorkforceExecutionService.js","454","method_or_function","resolveStatus","resolveStatus(providerResult, executionPlan) {"
"_LEGACY_BUILDS\miles_autonomous_patch\SERVICES\WorkforceExecutionService.js","461","method_or_function","buildProviderRecommendation","buildProviderRecommendation(providerResult = {}, decision = {}, executionPlan = {}) {"
"_LEGACY_BUILDS\miles_autonomous_patch\SERVICES\WorkforceExecutionService.js","462","method_or_function","if","if (!providerResult.ok) {"
"_LEGACY_BUILDS\miles_autonomous_patch\SERVICES\WorkforceExecutionService.js","466","method_or_function","if","if (decision?.decision === ""ESCALATE"") {"
"_LEGACY_BUILDS\miles_autonomous_patch\SERVICES\WorkforceExecutionService.js","472","method_or_function","if","if (exceptions.length > 0) {"
"_LEGACY_BUILDS\miles_autonomous_patch\SERVICES\WorkforceExecutionService.js","479","method_or_function","updateExecutiveState","updateExecutiveState(result, outFile) {"
"_LEGACY_BUILDS\miles_autonomous_patch\SERVICES\WorkforceExecutionService.js","499","method_or_function","verifyResult","verifyResult(result = {}) {"
"_LEGACY_BUILDS\miles_autonomous_patch\SERVICES\WorkforceExecutionService.js","543","method_or_function","executeAndVerify","async executeAndVerify(task = {}) {"
"_LEGACY_BUILDS\miles_autonomous_patch\SERVICES\Browser\Workers\InstantlyCampaignOperator.js","12","function","ensureDir","function ensureDir() {"
"_LEGACY_BUILDS\miles_autonomous_patch\SERVICES\Browser\Workers\InstantlyCampaignOperator.js","16","function","loadMemory","function loadMemory() {"
"_LEGACY_BUILDS\miles_autonomous_patch\SERVICES\Browser\Workers\InstantlyCampaignOperator.js","24","function","saveMemory","function saveMemory(mem) {"
"_LEGACY_BUILDS\miles_autonomous_patch\SERVICES\Browser\Workers\InstantlyCampaignOperator.js","29","function","save","function save(name, data) {"
"_LEGACY_BUILDS\miles_autonomous_patch\SERVICES\Browser\Workers\InstantlyCampaignOperator.js","36","function","norm","function norm(value) {"
"_LEGACY_BUILDS\miles_autonomous_patch\SERVICES\Browser\Workers\InstantlyCampaignOperator.js","40","class","InstantlyCampaignOperator","class InstantlyCampaignOperator {"
"_LEGACY_BUILDS\miles_autonomous_patch\SERVICES\Browser\Workers\InstantlyCampaignOperator.js","41","method_or_function","constructor","constructor() {"
"_LEGACY_BUILDS\miles_autonomous_patch\SERVICES\Browser\Workers\InstantlyCampaignOperator.js","46","method_or_function","run","async run(options = {}) {"
"_LEGACY_BUILDS\miles_autonomous_patch\SERVICES\Browser\Workers\InstantlyCampaignOperator.js","84","method_or_function","for","for (const campaign of campaigns) {"
"_LEGACY_BUILDS\miles_autonomous_patch\SERVICES\Browser\Workers\InstantlyCampaignOperator.js","89","method_or_function","if","if (decision.action === ""IGNORE"") {"
"_LEGACY_BUILDS\miles_autonomous_patch\SERVICES\Browser\Workers\InstantlyCampaignOperator.js","97","method_or_function","if","if (decision.action === ""EXECUTE"") {"
"_LEGACY_BUILDS\miles_autonomous_patch\SERVICES\Browser\Workers\InstantlyCampaignOperator.js","98","method_or_function","if","if (!executeMode) {"
"_LEGACY_BUILDS\miles_autonomous_patch\SERVICES\Browser\Workers\InstantlyCampaignOperator.js","111","method_or_function","if","if (execution.ok) {"
"_LEGACY_BUILDS\miles_autonomous_patch\SERVICES\Browser\Workers\InstantlyCampaignOperator.js","121","method_or_function","if","if (decision.action === ""APPROVE"") {"
"_LEGACY_BUILDS\miles_autonomous_patch\SERVICES\Browser\Workers\InstantlyCampaignOperator.js","150","method_or_function","if","if (page) {"
"_LEGACY_BUILDS\miles_autonomous_patch\SERVICES\Browser\Workers\InstantlyCampaignOperator.js","165","method_or_function","openCampaignsPage","async openCampaignsPage(page, result) {"
"_LEGACY_BUILDS\miles_autonomous_patch\SERVICES\Browser\Workers\InstantlyCampaignOperator.js","204","method_or_function","extractCampaigns","async extractCampaigns(page) {"
"_LEGACY_BUILDS\miles_autonomous_patch\SERVICES\Browser\Workers\InstantlyCampaignOperator.js","206","function","clean","function clean(value) {"
"_LEGACY_BUILDS\miles_autonomous_patch\SERVICES\Browser\Workers\InstantlyCampaignOperator.js","210","function","statusOf","function statusOf(text) {"
"_LEGACY_BUILDS\miles_autonomous_patch\SERVICES\Browser\Workers\InstantlyCampaignOperator.js","219","function","isBadName","function isBadName(name) {"
"_LEGACY_BUILDS\miles_autonomous_patch\SERVICES\Browser\Workers\InstantlyCampaignOperator.js","251","function","parseNameFromLines","function parseNameFromLines(lines, status) {"
"_LEGACY_BUILDS\miles_autonomous_patch\SERVICES\Browser\Workers\InstantlyCampaignOperator.js","266","function","addCampaign","function addCampaign(item) {"
"_LEGACY_BUILDS\miles_autonomous_patch\SERVICES\Browser\Workers\InstantlyCampaignOperator.js","294","method_or_function","for","for (const selector of rowSelectors) {"
"_LEGACY_BUILDS\miles_autonomous_patch\SERVICES\Browser\Workers\InstantlyCampaignOperator.js","297","method_or_function","for","for (const row of rows) {"
"_LEGACY_BUILDS\miles_autonomous_patch\SERVICES\Browser\Workers\InstantlyCampaignOperator.js","325","method_or_function","if","if (campaigns.length === 0) {"
"_LEGACY_BUILDS\miles_autonomous_patch\SERVICES\Browser\Workers\InstantlyCampaignOperator.js","331","method_or_function","for","for (let i = 0; i < bodyLines.length; i++) {"
"_LEGACY_BUILDS\miles_autonomous_patch\SERVICES\Browser\Workers\InstantlyCampaignOperator.js","335","method_or_function","if","if (status !== ""unknown"") {"
"_LEGACY_BUILDS\miles_autonomous_patch\SERVICES\Browser\Workers\InstantlyCampaignOperator.js","356","method_or_function","decide","decide(campaign, memory) {"
"_LEGACY_BUILDS\miles_autonomous_patch\SERVICES\Browser\Workers\InstantlyCampaignOperator.js","360","method_or_function","if","if (!name) {"
"_LEGACY_BUILDS\miles_autonomous_patch\SERVICES\Browser\Workers\InstantlyCampaignOperator.js","368","method_or_function","if","if (status === ""draft"") {"
"_LEGACY_BUILDS\miles_autonomous_patch\SERVICES\Browser\Workers\InstantlyCampaignOperator.js","376","method_or_function","if","if (status === ""paused"") {"
"_LEGACY_BUILDS\miles_autonomous_patch\SERVICES\Browser\Workers\InstantlyCampaignOperator.js","384","method_or_function","if","if (status === ""active"") {"
"_LEGACY_BUILDS\miles_autonomous_patch\SERVICES\Browser\Workers\InstantlyCampaignOperator.js","407","method_or_function","executeCampaignAction","async executeCampaignAction(page, campaign, decision) {"
"_LEGACY_BUILDS\miles_autonomous_patch\SERVICES\Browser\Workers\InstantlyCampaignOperator.js","431","method_or_function","updateMemory","updateMemory(memory, campaign, action) {"
"_LEGACY_BUILDS\miles_build004_patch\APPLY_BUILD_004.ps1","15","method_or_function","foreach","foreach ($i in $items) {"
"_LEGACY_BUILDS\miles_build004_patch\APPLY_BUILD_004.ps1","38","function","exists","function exists(p){ return fs.existsSync(path.join(ROOT,p)); }"
"_LEGACY_BUILDS\miles_build004_patch\APPLY_BUILD_004.ps1","39","function","readText","function readText(rel){ try { return fs.readFileSync(path.join(ROOT,rel),'utf8'); } catch { return ''; } }"
"_LEGACY_BUILDS\miles_build004_patch\APPLY_BUILD_004.ps1","40","function","countCsvRows","function countCsvRows(rel){"
"_LEGACY_BUILDS\miles_build004_patch\APPLY_BUILD_004.ps1","45","function","listDirs","function listDirs(rel){"
"_LEGACY_BUILDS\miles_build004_patch\APPLY_BUILD_004.ps1","50","function","connectorHealth","function connectorHealth(name){"
"_LEGACY_BUILDS\miles_build004_patch\APPLY_BUILD_004.ps1","59","function","loadConnectors","function loadConnectors(){"
"_LEGACY_BUILDS\miles_build004_patch\APPLY_BUILD_004.ps1","65","function","loadTasks","function loadTasks(){"
"_LEGACY_BUILDS\miles_build004_patch\APPLY_BUILD_004.ps1","71","function","loadApprovals","function loadApprovals(){"
"_LEGACY_BUILDS\miles_build004_patch\APPLY_BUILD_004.ps1","77","function","workers","function workers(){"
"_LEGACY_BUILDS\miles_build004_patch\APPLY_BUILD_004.ps1","89","function","notifications","function notifications(){"
"_LEGACY_BUILDS\miles_build004_patch\APPLY_BUILD_004.ps1","95","function","status","function status(){"
"_LEGACY_BUILDS\miles_build004_patch\APPLY_BUILD_004.ps1","110","function","brief","function brief(){"
"_LEGACY_BUILDS\miles_build004_patch\APPLY_BUILD_004.ps1","158","async function","load","async function load(){const s=await (await fetch('/api/status')).json();document.getElementById('runtime').textContent=s.runtime;document.getElementById('tasks').textContent=s.tasks.pending;document.getElementById('connectors').textContent=Object.keys(s.connectors).length;document.getElementById('approvals').textContent=s.approvals.length;summary(s);connectors(s);workers(s);approvals(s);notifications(s)}"
"_LEGACY_BUILDS\miles_build004_patch\APPLY_BUILD_004.ps1","159","function","summary","function summary(s){document.getElementById('summary').innerHTML=`<div class=item><b>Runtime:</b> <span class=ready>${s.runtime}</span></div><div class=item><b>Scheduler:</b> ${s.scheduler}</div><div class=item><b>Supervisor:</b> ${s.supervisor}</div><div class=item><b>Uptime:</b> ${s.uptimeSeconds}s</div><div class=item><b>Completed logged:</b> ${s.kpis.completedLogged}</div>`}"
"_LEGACY_BUILDS\miles_build004_patch\APPLY_BUILD_004.ps1","160","function","connectors","function connectors(s){document.getElementById('connectorList').innerHTML=Object.values(s.connectors).map(c=>`<div class=item><b>${c.name}</b> <span class=""pill ${c.health}"">${c.health}</span><div class=muted>${c.path} Â· ${c.files} files</div></div>`).join('')||'<div class=item>No connectors detected</div>'}"
"_LEGACY_BUILDS\miles_build004_patch\APPLY_BUILD_004.ps1","161","function","workers","function workers(s){document.getElementById('workerList').innerHTML=s.workers.map(w=>`<div class=item><b>${w.name}</b> <span class=""pill ready"">${w.status}</span><div class=muted>${w.job}</div></div>`).join('')}"
"_LEGACY_BUILDS\miles_build004_patch\APPLY_BUILD_004.ps1","162","function","approvals","function approvals(s){document.getElementById('approvalList').innerHTML=s.approvals.map(a=>`<div class=item><b>${a.title}</b><div class=muted>${a.authority}</div></div>`).join('')||'<div class=item>No CEO approvals waiting.</div>'}"
"_LEGACY_BUILDS\miles_build004_patch\APPLY_BUILD_004.ps1","163","function","notifications","function notifications(s){document.getElementById('notificationList').innerHTML=s.notifications.map(n=>`<div class=item><b>${n.level}</b>: ${n.message}<div class=muted>${n.createdAt}</div></div>`).join('')}"
"_LEGACY_BUILDS\miles_build004_patch\APPLY_BUILD_004.ps1","164","async function","send","async function send(){const message=document.getElementById('msg').value||'Miles, what needs my attention?';const r=await (await fetch('/api/chat',{method:'POST',headers:{'Content-Type':'application/json'},body:JSON.stringify({message})})).json();document.getElementById('resp').textContent=r.response}"
"_LEGACY_BUILDS\miles_build004_patch\APPLY_BUILD_004.ps1","173","function","get","function get(path){return new Promise((resolve,reject)=>{http.get({host:'localhost',port:3737,path},res=>{let data='';res.on('data',c=>data+=c);res.on('end',()=>resolve({code:res.statusCode,data}));}).on('error',reject);});}"
"_LEGACY_BUILDS\miles_build004_patch\miles_build004_patch\APPLY_BUILD_004.ps1","15","method_or_function","foreach","foreach ($i in $items) {"
"_LEGACY_BUILDS\miles_build004_patch\miles_build004_patch\APPLY_BUILD_004.ps1","38","function","exists","function exists(p){ return fs.existsSync(path.join(ROOT,p)); }"
"_LEGACY_BUILDS\miles_build004_patch\miles_build004_patch\APPLY_BUILD_004.ps1","39","function","readText","function readText(rel){ try { return fs.readFileSync(path.join(ROOT,rel),'utf8'); } catch { return ''; } }"
"_LEGACY_BUILDS\miles_build004_patch\miles_build004_patch\APPLY_BUILD_004.ps1","40","function","countCsvRows","function countCsvRows(rel){"
"_LEGACY_BUILDS\miles_build004_patch\miles_build004_patch\APPLY_BUILD_004.ps1","45","function","listDirs","function listDirs(rel){"
"_LEGACY_BUILDS\miles_build004_patch\miles_build004_patch\APPLY_BUILD_004.ps1","50","function","connectorHealth","function connectorHealth(name){"
"_LEGACY_BUILDS\miles_build004_patch\miles_build004_patch\APPLY_BUILD_004.ps1","59","function","loadConnectors","function loadConnectors(){"
"_LEGACY_BUILDS\miles_build004_patch\miles_build004_patch\APPLY_BUILD_004.ps1","65","function","loadTasks","function loadTasks(){"
"_LEGACY_BUILDS\miles_build004_patch\miles_build004_patch\APPLY_BUILD_004.ps1","71","function","loadApprovals","function loadApprovals(){"
"_LEGACY_BUILDS\miles_build004_patch\miles_build004_patch\APPLY_BUILD_004.ps1","77","function","workers","function workers(){"
"_LEGACY_BUILDS\miles_build004_patch\miles_build004_patch\APPLY_BUILD_004.ps1","89","function","notifications","function notifications(){"
"_LEGACY_BUILDS\miles_build004_patch\miles_build004_patch\APPLY_BUILD_004.ps1","95","function","status","function status(){"
"_LEGACY_BUILDS\miles_build004_patch\miles_build004_patch\APPLY_BUILD_004.ps1","110","function","brief","function brief(){"
"_LEGACY_BUILDS\miles_build004_patch\miles_build004_patch\APPLY_BUILD_004.ps1","158","async function","load","async function load(){const s=await (await fetch('/api/status')).json();document.getElementById('runtime').textContent=s.runtime;document.getElementById('tasks').textContent=s.tasks.pending;document.getElementById('connectors').textContent=Object.keys(s.connectors).length;document.getElementById('approvals').textContent=s.approvals.length;summary(s);connectors(s);workers(s);approvals(s);notifications(s)}"
"_LEGACY_BUILDS\miles_build004_patch\miles_build004_patch\APPLY_BUILD_004.ps1","159","function","summary","function summary(s){document.getElementById('summary').innerHTML=`<div class=item><b>Runtime:</b> <span class=ready>${s.runtime}</span></div><div class=item><b>Scheduler:</b> ${s.scheduler}</div><div class=item><b>Supervisor:</b> ${s.supervisor}</div><div class=item><b>Uptime:</b> ${s.uptimeSeconds}s</div><div class=item><b>Completed logged:</b> ${s.kpis.completedLogged}</div>`}"
"_LEGACY_BUILDS\miles_build004_patch\miles_build004_patch\APPLY_BUILD_004.ps1","160","function","connectors","function connectors(s){document.getElementById('connectorList').innerHTML=Object.values(s.connectors).map(c=>`<div class=item><b>${c.name}</b> <span class=""pill ${c.health}"">${c.health}</span><div class=muted>${c.path} Â· ${c.files} files</div></div>`).join('')||'<div class=item>No connectors detected</div>'}"
"_LEGACY_BUILDS\miles_build004_patch\miles_build004_patch\APPLY_BUILD_004.ps1","161","function","workers","function workers(s){document.getElementById('workerList').innerHTML=s.workers.map(w=>`<div class=item><b>${w.name}</b> <span class=""pill ready"">${w.status}</span><div class=muted>${w.job}</div></div>`).join('')}"
"_LEGACY_BUILDS\miles_build004_patch\miles_build004_patch\APPLY_BUILD_004.ps1","162","function","approvals","function approvals(s){document.getElementById('approvalList').innerHTML=s.approvals.map(a=>`<div class=item><b>${a.title}</b><div class=muted>${a.authority}</div></div>`).join('')||'<div class=item>No CEO approvals waiting.</div>'}"
"_LEGACY_BUILDS\miles_build004_patch\miles_build004_patch\APPLY_BUILD_004.ps1","163","function","notifications","function notifications(s){document.getElementById('notificationList').innerHTML=s.notifications.map(n=>`<div class=item><b>${n.level}</b>: ${n.message}<div class=muted>${n.createdAt}</div></div>`).join('')}"
"_LEGACY_BUILDS\miles_build004_patch\miles_build004_patch\APPLY_BUILD_004.ps1","164","async function","send","async function send(){const message=document.getElementById('msg').value||'Miles, what needs my attention?';const r=await (await fetch('/api/chat',{method:'POST',headers:{'Content-Type':'application/json'},body:JSON.stringify({message})})).json();document.getElementById('resp').textContent=r.response}"
"_LEGACY_BUILDS\miles_build004_patch\miles_build004_patch\APPLY_BUILD_004.ps1","173","function","get","function get(path){return new Promise((resolve,reject)=>{http.get({host:'localhost',port:3737,path},res=>{let data='';res.on('data',c=>data+=c);res.on('end',()=>resolve({code:res.statusCode,data}));}).on('error',reject);});}"
"_LEGACY_BUILDS\miles_build005_exec_layer\miles_build005_exec_layer\APPLY_BUILD_005.ps1","10","method_or_function","foreach","foreach ($item in $items) {"
"_LEGACY_BUILDS\miles_build005_exec_layer\miles_build005_exec_layer\APPLY_BUILD_005.ps1","12","method_or_function","if","if (Test-Path $src) {"
"_LEGACY_BUILDS\miles_build005_exec_layer\miles_build005_exec_layer\StartMiles.js","16","function","ensureDir","function ensureDir(p) { if (!fs.existsSync(p)) fs.mkdirSync(p, { recursive: true }); }"
"_LEGACY_BUILDS\miles_build005_exec_layer\miles_build005_exec_layer\StartMiles.js","17","function","readJson","function readJson(file, fallback) { try { return JSON.parse(fs.readFileSync(file, 'utf8')); } catch { return fallback; } }"
"_LEGACY_BUILDS\miles_build005_exec_layer\miles_build005_exec_layer\StartMiles.js","18","function","writeJson","function writeJson(file, data) { ensureDir(path.dirname(file)); fs.writeFileSync(file, JSON.stringify(data, null, 2)); }"
"_LEGACY_BUILDS\miles_build005_exec_layer\miles_build005_exec_layer\StartMiles.js","19","function","now","function now() { return new Date().toISOString(); }"
"_LEGACY_BUILDS\miles_build005_exec_layer\miles_build005_exec_layer\StartMiles.js","20","function","log","function log(event, detail = {}) {"
"_LEGACY_BUILDS\miles_build005_exec_layer\miles_build005_exec_layer\StartMiles.js","24","function","csvRows","function csvRows(file) {"
"_LEGACY_BUILDS\miles_build005_exec_layer\miles_build005_exec_layer\StartMiles.js","38","function","seedWorkforce","function seedWorkforce() {"
"_LEGACY_BUILDS\miles_build005_exec_layer\miles_build005_exec_layer\StartMiles.js","57","function","seedApprovals","function seedApprovals() {"
"_LEGACY_BUILDS\miles_build005_exec_layer\miles_build005_exec_layer\StartMiles.js","76","function","seedDevelopment","function seedDevelopment() {"
"_LEGACY_BUILDS\miles_build005_exec_layer\miles_build005_exec_layer\StartMiles.js","83","function","departmentHealth","function departmentHealth() {"
"_LEGACY_BUILDS\miles_build005_exec_layer\miles_build005_exec_layer\StartMiles.js","96","function","connectorHealth","function connectorHealth() {"
"_LEGACY_BUILDS\miles_build005_exec_layer\miles_build005_exec_layer\StartMiles.js","101","function","taskCounts","function taskCounts() {"
"_LEGACY_BUILDS\miles_build005_exec_layer\miles_build005_exec_layer\StartMiles.js","106","function","buildBrief","function buildBrief() {"
"_LEGACY_BUILDS\miles_build005_exec_layer\miles_build005_exec_layer\StartMiles.js","116","function","respond","function respond(res, status, payload, type='application/json') { res.writeHead(status, { 'Content-Type': type, 'Access-Control-Allow-Origin':'*' }); res.end(type === 'application/json' ? JSON.stringify(payload, null, 2) : payload); }"
"_LEGACY_BUILDS\miles_build005_exec_layer\miles_build005_exec_layer\StartMiles.js","117","function","body","function body(req) { return new Promise(resolve => { let b=''; req.on('data', c => b+=c); req.on('end', () => { try { resolve(JSON.parse(b || '{}')); } catch { resolve({}); } }); }); }"
"_LEGACY_BUILDS\miles_build005_exec_layer\miles_build005_exec_layer\StartMiles.js","118","async function","handleApi","async function handleApi(req, res, pathname) {"
"_LEGACY_BUILDS\miles_build005_exec_layer\miles_build005_exec_layer\StartMiles.js","143","method_or_function","if","if (pathname === '/api/chat' && req.method === 'POST') {"
"_LEGACY_BUILDS\miles_build005_exec_layer\miles_build005_exec_layer\TESTS\healthcheck.js","4","function","get","function get(pathname){return new Promise((resolve,reject)=>{http.get({host:'localhost',port:3737,path:pathname,timeout:5000},res=>{let b='';res.on('data',c=>b+=c);res.on('end',()=>resolve({status:res.statusCode,body:b}));}).on('error',reject);});}"
"_LEGACY_BUILDS\miles_build006_outbound_ops\build006_patch\APPLY_BUILD_006.ps1","9","method_or_function","foreach","foreach ($item in $items) {"
"_LEGACY_BUILDS\miles_build006_outbound_ops\build006_patch\APPLY_BUILD_006.ps1","11","method_or_function","if","if (Test-Path $src) { Copy-Item $src -Destination $backup -Recurse -Force }"
"_LEGACY_BUILDS\miles_build006_outbound_ops\build006_patch\payload\StartMiles.js","30","function","connectorDiscovery","function connectorDiscovery(){"
"_LEGACY_BUILDS\miles_build006_outbound_ops\build006_patch\payload\StartMiles.js","35","function","runtimeStatus","function runtimeStatus(){"
"_LEGACY_BUILDS\miles_build006_outbound_ops\build006_patch\payload\SERVICES\OutboundService.js","4","function","ensureDir","function ensureDir(p){ if(!fs.existsSync(p)) fs.mkdirSync(p,{recursive:true}); }"
"_LEGACY_BUILDS\miles_build006_outbound_ops\build006_patch\payload\SERVICES\OutboundService.js","5","function","csvEscape","function csvEscape(v){ const s = String(v ?? ''); return /["",\n]/.test(s) ? '""'+s.replace(/""/g,'""""')+'""' : s; }"
"_LEGACY_BUILDS\miles_build006_outbound_ops\build006_patch\payload\SERVICES\OutboundService.js","6","function","writeCsv","function writeCsv(file, rows, headers){"
"_LEGACY_BUILDS\miles_build006_outbound_ops\build006_patch\payload\SERVICES\OutboundService.js","11","function","readCsv","function readCsv(file){"
"_LEGACY_BUILDS\miles_build006_outbound_ops\build006_patch\payload\SERVICES\OutboundService.js","21","function","parseCsvLine","function parseCsvLine(line){"
"_LEGACY_BUILDS\miles_build006_outbound_ops\build006_patch\payload\SERVICES\OutboundService.js","23","method_or_function","for","for(let i=0;i<line.length;i++){"
"_LEGACY_BUILDS\miles_build006_outbound_ops\build006_patch\payload\SERVICES\OutboundService.js","25","method_or_function","if","if(ch==='""') { if(q && line[i+1]==='""'){cur+='""'; i++;} else q=!q; }"
"_LEGACY_BUILDS\miles_build006_outbound_ops\build006_patch\payload\SERVICES\OutboundService.js","32","class","OutboundService","class OutboundService {"
"_LEGACY_BUILDS\miles_build006_outbound_ops\build006_patch\payload\SERVICES\OutboundService.js","33","method_or_function","constructor","constructor(root){"
"_LEGACY_BUILDS\miles_build006_outbound_ops\build006_patch\payload\SERVICES\OutboundService.js","38","method_or_function","init","init(){"
"_LEGACY_BUILDS\miles_build006_outbound_ops\build006_patch\payload\SERVICES\OutboundService.js","43","method_or_function","seedRegistries","seedRegistries(){"
"_LEGACY_BUILDS\miles_build006_outbound_ops\build006_patch\payload\SERVICES\OutboundService.js","111","method_or_function","status","status(){"
"_LEGACY_BUILDS\miles_build006_outbound_ops\build006_patch\payload\SERVICES\OutboundService.js","126","method_or_function","nextActions","nextActions(){"
"_LEGACY_BUILDS\miles_build006_outbound_ops\build006_patch\payload\SERVICES\OutboundService.js","136","method_or_function","reportMarkdown","reportMarkdown(){"
"_LEGACY_BUILDS\miles_build007_sales_ops\APPLY_BUILD_007.ps1","9","method_or_function","foreach","foreach ($i in $items) { $p = Join-Path $Root $i; if (Test-Path $p) { Copy-Item $p $Backup -Recurse -Force } }"
"_LEGACY_BUILDS\miles_build007_sales_ops\APPLY_BUILD_007.ps1","13","method_or_function","if","if (Test-Path $pkgPath) {"
"_LEGACY_BUILDS\miles_build007_sales_ops\APPLY_BUILD_007.ps1","15","method_or_function","if","if (-not $pkg.scripts) { $pkg | Add-Member -MemberType NoteProperty -Name scripts -Value ([pscustomobject]@{}) }"
"_LEGACY_BUILDS\miles_build007_sales_ops\BUILD_007\SERVICES\SalesOperationsService.js","4","function","ensureDir","function ensureDir(p) { if (!fs.existsSync(p)) fs.mkdirSync(p, { recursive: true }); }"
"_LEGACY_BUILDS\miles_build007_sales_ops\BUILD_007\SERVICES\SalesOperationsService.js","5","function","csvEscape","function csvEscape(v) { return `""${String(v ?? '').replace(/""/g, '""""')}""`; }"
"_LEGACY_BUILDS\miles_build007_sales_ops\BUILD_007\SERVICES\SalesOperationsService.js","6","function","writeCsv","function writeCsv(file, rows, headers) {"
"_LEGACY_BUILDS\miles_build007_sales_ops\BUILD_007\SERVICES\SalesOperationsService.js","11","function","readCsv","function readCsv(file) {"
"_LEGACY_BUILDS\miles_build007_sales_ops\BUILD_007\SERVICES\SalesOperationsService.js","23","class","SalesOperationsService","class SalesOperationsService {"
"_LEGACY_BUILDS\miles_build007_sales_ops\BUILD_007\SERVICES\SalesOperationsService.js","32","method_or_function","initialize","initialize() {"
"_LEGACY_BUILDS\miles_build007_sales_ops\BUILD_007\SERVICES\SalesOperationsService.js","39","method_or_function","seedPipeline","seedPipeline() {"
"_LEGACY_BUILDS\miles_build007_sales_ops\BUILD_007\SERVICES\SalesOperationsService.js","48","method_or_function","rebuildTasks","rebuildTasks() {"
"_LEGACY_BUILDS\miles_build007_sales_ops\BUILD_007\SERVICES\SalesOperationsService.js","52","method_or_function","for","for (const p of pipeline) {"
"_LEGACY_BUILDS\miles_build007_sales_ops\BUILD_007\SERVICES\SalesOperationsService.js","65","method_or_function","writeReport","writeReport(pipeline, tasks) {"
"_LEGACY_BUILDS\miles_build007_sales_ops\BUILD_007\SERVICES\SalesOperationsService.js","88","method_or_function","status","status() { this.initializeFilesOnly(); return JSON.parse(fs.readFileSync(this.reportFile, 'utf8')); }"
"_LEGACY_BUILDS\miles_build007_sales_ops\BUILD_007\SERVICES\SalesOperationsService.js","89","method_or_function","initializeFilesOnly","initializeFilesOnly(){ ensureDir(this.salesDir); if(!fs.existsSync(this.pipelineFile)) this.seedPipeline(); if(!fs.existsSync(this.taskFile)) this.rebuildTasks(); if(!fs.existsSync(this.reportFile)) this.rebuildTasks(); }"
"_LEGACY_BUILDS\miles_build007_sales_ops\BUILD_007\SERVICES\SalesOperationsService.js","90","method_or_function","healthCheck","healthCheck(){ const r = this.status(); return { name:'Sales Operations', status:'active', health:r.health, activeOpportunities:r.activeOpportunities, followUpsDue:r.followUpsDue, pipelineValue:r.pipelineValue }; }"
"_LEGACY_BUILDS\miles_build007_sales_ops\BUILD_007\SERVICES\SalesOperationsService.js","92","function","today","function today(offset=0){ const d = new Date(); d.setDate(d.getDate()+offset); return d.toISOString().slice(0,10); }"
"_LEGACY_BUILDS\miles_build007_sales_ops\BUILD_007\SERVICES\SalesOperationsService.js","93","function","daysSince","function daysSince(iso){ if(!iso) return 999; return Math.floor((new Date()-new Date(iso))/(86400000)); }"
"_LEGACY_BUILDS\miles_build007_sales_ops\BUILD_007\SERVICES\SalesOperationsService.js","94","function","isDueTodayOrPast","function isDueTodayOrPast(iso){ if(!iso) return true; return new Date(iso+'T23:59:59') <= new Date(); }"
"_LEGACY_BUILDS\miles_build007_sales_ops\BUILD_007\SERVICES\SalesOperationsService.js","96","method_or_function","if","if (require.main === module) { const svc = new SalesOperationsService(process.cwd()); console.log(JSON.stringify(svc.initialize(), null, 2)); }"
"_LEGACY_BUILDS\miles_build007_sales_ops\BUILD_007\TESTS\sales_healthcheck.js","7","method_or_function","for","for (const f of required) {"
"_LEGACY_BUILDS\MILES_BUILDER_AUTONOMY_PATCH_v1\BUILDER\ArchitectureDiscovery.js","9","function","readText","function readText(relPath) {"
"_LEGACY_BUILDS\MILES_BUILDER_AUTONOMY_PATCH_v1\BUILDER\ArchitectureDiscovery.js","17","function","componentId","function componentId(filePath) {"
"_LEGACY_BUILDS\MILES_BUILDER_AUTONOMY_PATCH_v1\BUILDER\ArchitectureDiscovery.js","21","function","classifyComponent","function classifyComponent(file) {"
"_LEGACY_BUILDS\MILES_BUILDER_AUTONOMY_PATCH_v1\BUILDER\ArchitectureDiscovery.js","41","function","extractDependencies","function extractDependencies(text) {"
"_LEGACY_BUILDS\MILES_BUILDER_AUTONOMY_PATCH_v1\BUILDER\ArchitectureDiscovery.js","51","method_or_function","for","for (const pattern of patterns) {"
"_LEGACY_BUILDS\MILES_BUILDER_AUTONOMY_PATCH_v1\BUILDER\ArchitectureDiscovery.js","60","function","extractEvents","function extractEvents(text) {"
"_LEGACY_BUILDS\MILES_BUILDER_AUTONOMY_PATCH_v1\BUILDER\ArchitectureDiscovery.js","77","method_or_function","for","for (const pattern of publishPatterns) {"
"_LEGACY_BUILDS\MILES_BUILDER_AUTONOMY_PATCH_v1\BUILDER\ArchitectureDiscovery.js","81","method_or_function","for","for (const pattern of subscribePatterns) {"
"_LEGACY_BUILDS\MILES_BUILDER_AUTONOMY_PATCH_v1\BUILDER\ArchitectureDiscovery.js","91","function","detectCapabilities","function detectCapabilities(file, text, types) {"
"_LEGACY_BUILDS\MILES_BUILDER_AUTONOMY_PATCH_v1\BUILDER\ArchitectureDiscovery.js","108","method_or_function","for","for (const [capability, terms] of rules) {"
"_LEGACY_BUILDS\MILES_BUILDER_AUTONOMY_PATCH_v1\BUILDER\ArchitectureDiscovery.js","121","function","detectGovernance","function detectGovernance(capabilities) {"
"_LEGACY_BUILDS\MILES_BUILDER_AUTONOMY_PATCH_v1\BUILDER\ArchitectureDiscovery.js","141","function","discover","function discover() {"
"_LEGACY_BUILDS\MILES_BUILDER_AUTONOMY_PATCH_v1\BUILDER\ArchitectureDiscovery.js","147","method_or_function","for","for (const file of jsFiles) {"
"_LEGACY_BUILDS\MILES_BUILDER_AUTONOMY_PATCH_v1\BUILDER\ArchitectureDiscovery.js","173","method_or_function","for","for (const component of components) {"
"_LEGACY_BUILDS\MILES_BUILDER_AUTONOMY_PATCH_v1\BUILDER\ArchitectureDiscovery.js","174","method_or_function","for","for (const capability of component.capabilities) {"
"_LEGACY_BUILDS\MILES_BUILDER_AUTONOMY_PATCH_v1\BUILDER\ArchitectureDiscovery.js","233","function","writeReport","function writeReport() {"
"_LEGACY_BUILDS\MILES_BUILD_026_Instantly_COO_Patch\MILES_OS\SERVICES\Browser\Workers\InstantlyCampaignOperator.js","13","function","ensureDir","function ensureDir() {"
"_LEGACY_BUILDS\MILES_BUILD_026_Instantly_COO_Patch\MILES_OS\SERVICES\Browser\Workers\InstantlyCampaignOperator.js","18","function","loadMemory","function loadMemory() {"
"_LEGACY_BUILDS\MILES_BUILD_026_Instantly_COO_Patch\MILES_OS\SERVICES\Browser\Workers\InstantlyCampaignOperator.js","26","function","saveMemory","function saveMemory(mem) {"
"_LEGACY_BUILDS\MILES_BUILD_026_Instantly_COO_Patch\MILES_OS\SERVICES\Browser\Workers\InstantlyCampaignOperator.js","31","function","save","function save(name, data) {"
"_LEGACY_BUILDS\MILES_BUILD_026_Instantly_COO_Patch\MILES_OS\SERVICES\Browser\Workers\InstantlyCampaignOperator.js","38","function","cleanText","function cleanText(value, max = 500) {"
"_LEGACY_BUILDS\MILES_BUILD_026_Instantly_COO_Patch\MILES_OS\SERVICES\Browser\Workers\InstantlyCampaignOperator.js","47","function","normalizeKey","function normalizeKey(value) {"
"_LEGACY_BUILDS\MILES_BUILD_026_Instantly_COO_Patch\MILES_OS\SERVICES\Browser\Workers\InstantlyCampaignOperator.js","51","function","isJunkName","function isJunkName(name = """") {"
"_LEGACY_BUILDS\MILES_BUILD_026_Instantly_COO_Patch\MILES_OS\SERVICES\Browser\Workers\InstantlyCampaignOperator.js","73","class","InstantlyCampaignOperator","class InstantlyCampaignOperator {"
"_LEGACY_BUILDS\MILES_BUILD_026_Instantly_COO_Patch\MILES_OS\SERVICES\Browser\Workers\InstantlyCampaignOperator.js","74","method_or_function","constructor","constructor() {"
"_LEGACY_BUILDS\MILES_BUILD_026_Instantly_COO_Patch\MILES_OS\SERVICES\Browser\Workers\InstantlyCampaignOperator.js","79","method_or_function","run","async run(options = {}) {"
"_LEGACY_BUILDS\MILES_BUILD_026_Instantly_COO_Patch\MILES_OS\SERVICES\Browser\Workers\InstantlyCampaignOperator.js","117","method_or_function","if","if (!campaigns.length) {"
"_LEGACY_BUILDS\MILES_BUILD_026_Instantly_COO_Patch\MILES_OS\SERVICES\Browser\Workers\InstantlyCampaignOperator.js","121","method_or_function","for","for (const campaign of campaigns) {"
"_LEGACY_BUILDS\MILES_BUILD_026_Instantly_COO_Patch\MILES_OS\SERVICES\Browser\Workers\InstantlyCampaignOperator.js","139","method_or_function","if","if (decision.action === ""IGNORE"") {"
"_LEGACY_BUILDS\MILES_BUILD_026_Instantly_COO_Patch\MILES_OS\SERVICES\Browser\Workers\InstantlyCampaignOperator.js","145","method_or_function","if","if (auth.approvalRequired || decision.requiresCEOApproval) {"
"_LEGACY_BUILDS\MILES_BUILD_026_Instantly_COO_Patch\MILES_OS\SERVICES\Browser\Workers\InstantlyCampaignOperator.js","162","method_or_function","if","if (options.execute !== true) {"
"_LEGACY_BUILDS\MILES_BUILD_026_Instantly_COO_Patch\MILES_OS\SERVICES\Browser\Workers\InstantlyCampaignOperator.js","168","method_or_function","if","if (execution.ok) {"
"_LEGACY_BUILDS\MILES_BUILD_026_Instantly_COO_Patch\MILES_OS\SERVICES\Browser\Workers\InstantlyCampaignOperator.js","171","method_or_function","if","if (verification.ok) {"
"_LEGACY_BUILDS\MILES_BUILD_026_Instantly_COO_Patch\MILES_OS\SERVICES\Browser\Workers\InstantlyCampaignOperator.js","202","method_or_function","waitForInstantlyReady","async waitForInstantlyReady(page, result) {"
"_LEGACY_BUILDS\MILES_BUILD_026_Instantly_COO_Patch\MILES_OS\SERVICES\Browser\Workers\InstantlyCampaignOperator.js","218","method_or_function","extractCampaigns","async extractCampaigns(page) {"
"_LEGACY_BUILDS\MILES_BUILD_026_Instantly_COO_Patch\MILES_OS\SERVICES\Browser\Workers\InstantlyCampaignOperator.js","220","function","txt","function txt(el) {"
"_LEGACY_BUILDS\MILES_BUILD_026_Instantly_COO_Patch\MILES_OS\SERVICES\Browser\Workers\InstantlyCampaignOperator.js","227","function","visible","function visible(el) {"
"_LEGACY_BUILDS\MILES_BUILD_026_Instantly_COO_Patch\MILES_OS\SERVICES\Browser\Workers\InstantlyCampaignOperator.js","233","function","statusFrom","function statusFrom(text) {"
"_LEGACY_BUILDS\MILES_BUILD_026_Instantly_COO_Patch\MILES_OS\SERVICES\Browser\Workers\InstantlyCampaignOperator.js","243","function","metricsFrom","function metricsFrom(text) {"
"_LEGACY_BUILDS\MILES_BUILD_026_Instantly_COO_Patch\MILES_OS\SERVICES\Browser\Workers\InstantlyCampaignOperator.js","314","method_or_function","for","for (const r of raw) {"
"_LEGACY_BUILDS\MILES_BUILD_026_Instantly_COO_Patch\MILES_OS\SERVICES\Browser\Workers\InstantlyCampaignOperator.js","338","method_or_function","decide","decide(campaign, memory) {"
"_LEGACY_BUILDS\MILES_BUILD_026_Instantly_COO_Patch\MILES_OS\SERVICES\Browser\Workers\InstantlyCampaignOperator.js","343","method_or_function","if","if (status === ""draft"") {"
"_LEGACY_BUILDS\MILES_BUILD_026_Instantly_COO_Patch\MILES_OS\SERVICES\Browser\Workers\InstantlyCampaignOperator.js","347","method_or_function","if","if (status === ""completed"") {"
"_LEGACY_BUILDS\MILES_BUILD_026_Instantly_COO_Patch\MILES_OS\SERVICES\Browser\Workers\InstantlyCampaignOperator.js","351","method_or_function","if","if (status === ""paused"") {"
"_LEGACY_BUILDS\MILES_BUILD_026_Instantly_COO_Patch\MILES_OS\SERVICES\Browser\Workers\InstantlyCampaignOperator.js","409","method_or_function","executeDecision","async executeDecision(page, campaign, decision) {"
"_LEGACY_BUILDS\MILES_BUILD_026_Instantly_COO_Patch\MILES_OS\SERVICES\Browser\Workers\InstantlyCampaignOperator.js","419","method_or_function","if","if (campaign.href) {"
"_LEGACY_BUILDS\MILES_BUILD_026_Instantly_COO_Patch\MILES_OS\SERVICES\Browser\Workers\InstantlyCampaignOperator.js","425","method_or_function","switch","switch (decision.action) {"
"_LEGACY_BUILDS\MILES_BUILD_026_Instantly_COO_Patch\MILES_OS\SERVICES\Browser\Workers\InstantlyCampaignOperator.js","458","method_or_function","tryClickByText","async tryClickByText(page, record, labels = []) {"
"_LEGACY_BUILDS\MILES_BUILD_026_Instantly_COO_Patch\MILES_OS\SERVICES\Browser\Workers\InstantlyCampaignOperator.js","459","method_or_function","for","for (const label of labels) {"
"_LEGACY_BUILDS\MILES_BUILD_026_Instantly_COO_Patch\MILES_OS\SERVICES\Browser\Workers\InstantlyCampaignOperator.js","479","method_or_function","verifyDecision","async verifyDecision(page, campaign, decision, execution) {"
"_LEGACY_BUILDS\MILES_BUILD_026_Instantly_COO_Patch\MILES_OS\SERVICES\Browser\Workers\InstantlyCampaignOperator.js","498","method_or_function","if","if (decision.action === ""RESUME_OR_INSPECT_PAUSED_CAMPAIGN"") {"
"_LEGACY_BUILDS\MILES_BUILD_026_Instantly_COO_Patch\MILES_OS\SERVICES\Browser\Workers\InstantlyCampaignOperator.js","504","method_or_function","if","if (decision.action === ""UPLOAD_SEGMENT_LEADS"") {"
"_LEGACY_BUILDS\MILES_BUILD_026_Instantly_COO_Patch\MILES_OS\SERVICES\Browser\Workers\InstantlyCampaignOperator.js","510","method_or_function","if","if (decision.action === ""ASSIGN_INBOX_CAPACITY"") {"
"_LEGACY_BUILDS\MILES_BUILD_026_Instantly_COO_Patch\MILES_OS\SERVICES\Browser\Workers\InstantlyCampaignOperator.js","525","method_or_function","updateMemory","updateMemory(memory, campaign, action) {"
"_LEGACY_BUILDS\MILES_BUILD_026_Instantly_COO_Patch\MILES_OS\TESTS\Test_InstantlyCampaignOperator.js","40","method_or_function","if","if (result.notes?.length) {"
"_LEGACY_BUILDS\MILES_BUILD_026_Instantly_COO_Patch\MILES_OS\TESTS\Test_InstantlyCampaignOperator.js","47","method_or_function","if","if (result.errors?.length) {"
"_LEGACY_BUILDS\MILES_BUILD_027_Instantly_COO_Live_Patch\APPLY_BUILD_027.ps1","23","method_or_function","foreach","foreach ($Rel in $Files) {"
"_LEGACY_BUILDS\MILES_BUILD_027_Instantly_COO_Live_Patch\APPLY_BUILD_027.ps1","33","method_or_function","if","if (Test-Path $Dest) {"
"_LEGACY_BUILDS\MILES_BUILD_027_Instantly_COO_Live_Patch\MILES_OS\SERVICES\Browser\Workers\InstantlyCampaignOperator.js","12","function","ensureDir","function ensureDir() {"
"_LEGACY_BUILDS\MILES_BUILD_027_Instantly_COO_Live_Patch\MILES_OS\SERVICES\Browser\Workers\InstantlyCampaignOperator.js","17","function","loadMemory","function loadMemory() {"
"_LEGACY_BUILDS\MILES_BUILD_027_Instantly_COO_Live_Patch\MILES_OS\SERVICES\Browser\Workers\InstantlyCampaignOperator.js","26","function","saveMemory","function saveMemory(mem) {"
"_LEGACY_BUILDS\MILES_BUILD_027_Instantly_COO_Live_Patch\MILES_OS\SERVICES\Browser\Workers\InstantlyCampaignOperator.js","31","function","save","function save(name, data) {"
"_LEGACY_BUILDS\MILES_BUILD_027_Instantly_COO_Live_Patch\MILES_OS\SERVICES\Browser\Workers\InstantlyCampaignOperator.js","38","function","normalize","function normalize(value) {"
"_LEGACY_BUILDS\MILES_BUILD_027_Instantly_COO_Live_Patch\MILES_OS\SERVICES\Browser\Workers\InstantlyCampaignOperator.js","42","class","InstantlyCampaignOperator","class InstantlyCampaignOperator {"
"_LEGACY_BUILDS\MILES_BUILD_027_Instantly_COO_Live_Patch\MILES_OS\SERVICES\Browser\Workers\InstantlyCampaignOperator.js","43","method_or_function","constructor","constructor() {"
"_LEGACY_BUILDS\MILES_BUILD_027_Instantly_COO_Live_Patch\MILES_OS\SERVICES\Browser\Workers\InstantlyCampaignOperator.js","55","method_or_function","run","async run(options = {}) {"
"_LEGACY_BUILDS\MILES_BUILD_027_Instantly_COO_Live_Patch\MILES_OS\SERVICES\Browser\Workers\InstantlyCampaignOperator.js","96","method_or_function","if","if (!campaigns.length) {"
"_LEGACY_BUILDS\MILES_BUILD_027_Instantly_COO_Live_Patch\MILES_OS\SERVICES\Browser\Workers\InstantlyCampaignOperator.js","100","method_or_function","for","for (const campaign of campaigns) {"
"_LEGACY_BUILDS\MILES_BUILD_027_Instantly_COO_Live_Patch\MILES_OS\SERVICES\Browser\Workers\InstantlyCampaignOperator.js","103","method_or_function","if","if (decision.action === ""IGNORE"") {"
"_LEGACY_BUILDS\MILES_BUILD_027_Instantly_COO_Live_Patch\MILES_OS\SERVICES\Browser\Workers\InstantlyCampaignOperator.js","108","method_or_function","if","if (decision.requiresCEO) {"
"_LEGACY_BUILDS\MILES_BUILD_027_Instantly_COO_Live_Patch\MILES_OS\SERVICES\Browser\Workers\InstantlyCampaignOperator.js","131","method_or_function","if","if (!execute) {"
"_LEGACY_BUILDS\MILES_BUILD_027_Instantly_COO_Live_Patch\MILES_OS\SERVICES\Browser\Workers\InstantlyCampaignOperator.js","137","method_or_function","if","if (execution.ok) {"
"_LEGACY_BUILDS\MILES_BUILD_027_Instantly_COO_Live_Patch\MILES_OS\SERVICES\Browser\Workers\InstantlyCampaignOperator.js","142","method_or_function","if","if (verification.ok) {"
"_LEGACY_BUILDS\MILES_BUILD_027_Instantly_COO_Live_Patch\MILES_OS\SERVICES\Browser\Workers\InstantlyCampaignOperator.js","186","method_or_function","waitForAppReady","async waitForAppReady(page) {"
"_LEGACY_BUILDS\MILES_BUILD_027_Instantly_COO_Live_Patch\MILES_OS\SERVICES\Browser\Workers\InstantlyCampaignOperator.js","192","method_or_function","extractCampaigns","async extractCampaigns(page) {"
"_LEGACY_BUILDS\MILES_BUILD_027_Instantly_COO_Live_Patch\MILES_OS\SERVICES\Browser\Workers\InstantlyCampaignOperator.js","211","method_or_function","for","for (const el of candidates) {"
"_LEGACY_BUILDS\MILES_BUILD_027_Instantly_COO_Live_Patch\MILES_OS\SERVICES\Browser\Workers\InstantlyCampaignOperator.js","236","method_or_function","for","for (const p of patterns) {"
"_LEGACY_BUILDS\MILES_BUILD_027_Instantly_COO_Live_Patch\MILES_OS\SERVICES\Browser\Workers\InstantlyCampaignOperator.js","259","function","thisIsMetric","function thisIsMetric(x) {"
"_LEGACY_BUILDS\MILES_BUILD_027_Instantly_COO_Live_Patch\MILES_OS\SERVICES\Browser\Workers\InstantlyCampaignOperator.js","274","method_or_function","for","for (const r of raw) {"
"_LEGACY_BUILDS\MILES_BUILD_027_Instantly_COO_Live_Patch\MILES_OS\SERVICES\Browser\Workers\InstantlyCampaignOperator.js","293","method_or_function","isRealCampaignName","isRealCampaignName(name) {"
"_LEGACY_BUILDS\MILES_BUILD_027_Instantly_COO_Live_Patch\MILES_OS\SERVICES\Browser\Workers\InstantlyCampaignOperator.js","303","method_or_function","confidenceScore","confidenceScore(c) {"
"_LEGACY_BUILDS\MILES_BUILD_027_Instantly_COO_Live_Patch\MILES_OS\SERVICES\Browser\Workers\InstantlyCampaignOperator.js","313","method_or_function","decide","decide(c, memory) {"
"_LEGACY_BUILDS\MILES_BUILD_027_Instantly_COO_Live_Patch\MILES_OS\SERVICES\Browser\Workers\InstantlyCampaignOperator.js","319","method_or_function","if","if (status === ""draft"" || status === ""completed"") {"
"_LEGACY_BUILDS\MILES_BUILD_027_Instantly_COO_Live_Patch\MILES_OS\SERVICES\Browser\Workers\InstantlyCampaignOperator.js","333","method_or_function","if","if (status === ""paused"") {"
"_LEGACY_BUILDS\MILES_BUILD_027_Instantly_COO_Live_Patch\MILES_OS\SERVICES\Browser\Workers\InstantlyCampaignOperator.js","370","method_or_function","executeDecision","async executeDecision(page, campaign, decision) {"
"_LEGACY_BUILDS\MILES_BUILD_027_Instantly_COO_Live_Patch\MILES_OS\SERVICES\Browser\Workers\InstantlyCampaignOperator.js","374","method_or_function","if","if (campaign.href) {"
"_LEGACY_BUILDS\MILES_BUILD_027_Instantly_COO_Live_Patch\MILES_OS\SERVICES\Browser\Workers\InstantlyCampaignOperator.js","399","method_or_function","verifyDecision","async verifyDecision(page, campaign, decision, execution) {"
"_LEGACY_BUILDS\MILES_BUILD_027_Instantly_COO_Live_Patch\MILES_OS\SERVICES\Browser\Workers\InstantlyCampaignOperator.js","427","method_or_function","updateMemory","updateMemory(memory, campaign, outcome, action) {"
"_LEGACY_BUILDS\MILES_BUILD_027_Instantly_COO_Live_Patch\MILES_OS\TESTS\Test_InstantlyCampaignOperator.js","5","function","hasFlag","function hasFlag(name) {"
"_LEGACY_BUILDS\MILES_BUILD_027_Instantly_COO_Live_Patch\MILES_OS\TESTS\Test_InstantlyCampaignOperator.js","44","method_or_function","if","if (result.notes?.length) {"
"_LEGACY_BUILDS\MILES_BUILD_027_Instantly_COO_Live_Patch\MILES_OS\TESTS\Test_InstantlyCampaignOperator.js","49","method_or_function","if","if (result.errors?.length) {"
"_LEGACY_BUILDS\MILES_BUILD_030_Minimum_Autonomous_COO_REAL_FIXED\APPLY_BUILD_030.ps1","23","method_or_function","foreach","foreach ($rel in $Files) {"
"_LEGACY_BUILDS\MILES_BUILD_030_Minimum_Autonomous_COO_REAL_FIXED\APPLY_BUILD_030.ps1","30","method_or_function","if","if (Test-Path $dst) {"
"_LEGACY_BUILDS\MILES_BUILD_030_Minimum_Autonomous_COO_REAL_FIXED\MILES_OS\START_MILES_BUILD_030.ps1","20","method_or_function","if","if ($Execute) { $argsList += ""--execute"" }"
"_LEGACY_BUILDS\MILES_BUILD_030_Minimum_Autonomous_COO_REAL_FIXED\MILES_OS\START_MILES_BUILD_030.ps1","21","method_or_function","if","if ($Show) { $argsList += ""--headed"" }"
"_LEGACY_BUILDS\MILES_BUILD_030_Minimum_Autonomous_COO_REAL_FIXED\MILES_OS\START_MILES_BUILD_030.ps1","23","method_or_function","if","if ($Once) {"
"_LEGACY_BUILDS\MILES_BUILD_030_Minimum_Autonomous_COO_REAL_FIXED\MILES_OS\START_MILES_BUILD_030.ps1","28","method_or_function","while","while ($true) {"
"_LEGACY_BUILDS\MILES_BUILD_030_Minimum_Autonomous_COO_REAL_FIXED\MILES_OS\SERVICES\Browser\Workers\InstantlyCampaignOperator.js","12","function","ensureDir","function ensureDir() {"
"_LEGACY_BUILDS\MILES_BUILD_030_Minimum_Autonomous_COO_REAL_FIXED\MILES_OS\SERVICES\Browser\Workers\InstantlyCampaignOperator.js","16","function","loadMemory","function loadMemory() {"
"_LEGACY_BUILDS\MILES_BUILD_030_Minimum_Autonomous_COO_REAL_FIXED\MILES_OS\SERVICES\Browser\Workers\InstantlyCampaignOperator.js","24","function","saveMemory","function saveMemory(mem) {"
"_LEGACY_BUILDS\MILES_BUILD_030_Minimum_Autonomous_COO_REAL_FIXED\MILES_OS\SERVICES\Browser\Workers\InstantlyCampaignOperator.js","29","function","save","function save(name, data) {"
"_LEGACY_BUILDS\MILES_BUILD_030_Minimum_Autonomous_COO_REAL_FIXED\MILES_OS\SERVICES\Browser\Workers\InstantlyCampaignOperator.js","36","function","norm","function norm(value) {"
"_LEGACY_BUILDS\MILES_BUILD_030_Minimum_Autonomous_COO_REAL_FIXED\MILES_OS\SERVICES\Browser\Workers\InstantlyCampaignOperator.js","40","function","hasArg","function hasArg(name) {"
"_LEGACY_BUILDS\MILES_BUILD_030_Minimum_Autonomous_COO_REAL_FIXED\MILES_OS\SERVICES\Browser\Workers\InstantlyCampaignOperator.js","44","class","InstantlyCampaignOperator","class InstantlyCampaignOperator {"
"_LEGACY_BUILDS\MILES_BUILD_030_Minimum_Autonomous_COO_REAL_FIXED\MILES_OS\SERVICES\Browser\Workers\InstantlyCampaignOperator.js","45","method_or_function","constructor","constructor() {"
"_LEGACY_BUILDS\MILES_BUILD_030_Minimum_Autonomous_COO_REAL_FIXED\MILES_OS\SERVICES\Browser\Workers\InstantlyCampaignOperator.js","50","method_or_function","run","async run(options = {}) {"
"_LEGACY_BUILDS\MILES_BUILD_030_Minimum_Autonomous_COO_REAL_FIXED\MILES_OS\SERVICES\Browser\Workers\InstantlyCampaignOperator.js","87","method_or_function","for","for (const campaign of campaigns) {"
"_LEGACY_BUILDS\MILES_BUILD_030_Minimum_Autonomous_COO_REAL_FIXED\MILES_OS\SERVICES\Browser\Workers\InstantlyCampaignOperator.js","91","method_or_function","if","if (decision.action === ""IGNORE"") {"
"_LEGACY_BUILDS\MILES_BUILD_030_Minimum_Autonomous_COO_REAL_FIXED\MILES_OS\SERVICES\Browser\Workers\InstantlyCampaignOperator.js","99","method_or_function","if","if (decision.action === ""EXECUTE"") {"
"_LEGACY_BUILDS\MILES_BUILD_030_Minimum_Autonomous_COO_REAL_FIXED\MILES_OS\SERVICES\Browser\Workers\InstantlyCampaignOperator.js","103","method_or_function","if","if (execution.ok) {"
"_LEGACY_BUILDS\MILES_BUILD_030_Minimum_Autonomous_COO_REAL_FIXED\MILES_OS\SERVICES\Browser\Workers\InstantlyCampaignOperator.js","113","method_or_function","if","if (decision.action === ""APPROVE"") {"
"_LEGACY_BUILDS\MILES_BUILD_030_Minimum_Autonomous_COO_REAL_FIXED\MILES_OS\SERVICES\Browser\Workers\InstantlyCampaignOperator.js","142","method_or_function","if","if (page) {"
"_LEGACY_BUILDS\MILES_BUILD_030_Minimum_Autonomous_COO_REAL_FIXED\MILES_OS\SERVICES\Browser\Workers\InstantlyCampaignOperator.js","157","method_or_function","openCampaignsPage","async openCampaignsPage(page, result) {"
"_LEGACY_BUILDS\MILES_BUILD_030_Minimum_Autonomous_COO_REAL_FIXED\MILES_OS\SERVICES\Browser\Workers\InstantlyCampaignOperator.js","196","method_or_function","extractCampaigns","async extractCampaigns(page) {"
"_LEGACY_BUILDS\MILES_BUILD_030_Minimum_Autonomous_COO_REAL_FIXED\MILES_OS\SERVICES\Browser\Workers\InstantlyCampaignOperator.js","198","function","clean","function clean(value) {"
"_LEGACY_BUILDS\MILES_BUILD_030_Minimum_Autonomous_COO_REAL_FIXED\MILES_OS\SERVICES\Browser\Workers\InstantlyCampaignOperator.js","202","function","statusOf","function statusOf(text) {"
"_LEGACY_BUILDS\MILES_BUILD_030_Minimum_Autonomous_COO_REAL_FIXED\MILES_OS\SERVICES\Browser\Workers\InstantlyCampaignOperator.js","211","function","isMetricOrHeader","function isMetricOrHeader(value) {"
"_LEGACY_BUILDS\MILES_BUILD_030_Minimum_Autonomous_COO_REAL_FIXED\MILES_OS\SERVICES\Browser\Workers\InstantlyCampaignOperator.js","252","function","isBadName","function isBadName(name) {"
"_LEGACY_BUILDS\MILES_BUILD_030_Minimum_Autonomous_COO_REAL_FIXED\MILES_OS\SERVICES\Browser\Workers\InstantlyCampaignOperator.js","263","function","parseNameFromLines","function parseNameFromLines(lines, status) {"
"_LEGACY_BUILDS\MILES_BUILD_030_Minimum_Autonomous_COO_REAL_FIXED\MILES_OS\SERVICES\Browser\Workers\InstantlyCampaignOperator.js","275","function","extractMetrics","function extractMetrics(text) {"
"_LEGACY_BUILDS\MILES_BUILD_030_Minimum_Autonomous_COO_REAL_FIXED\MILES_OS\SERVICES\Browser\Workers\InstantlyCampaignOperator.js","290","function","addCampaign","function addCampaign(item) {"
"_LEGACY_BUILDS\MILES_BUILD_030_Minimum_Autonomous_COO_REAL_FIXED\MILES_OS\SERVICES\Browser\Workers\InstantlyCampaignOperator.js","320","method_or_function","for","for (const selector of rowSelectors) {"
"_LEGACY_BUILDS\MILES_BUILD_030_Minimum_Autonomous_COO_REAL_FIXED\MILES_OS\SERVICES\Browser\Workers\InstantlyCampaignOperator.js","323","method_or_function","for","for (const row of rows) {"
"_LEGACY_BUILDS\MILES_BUILD_030_Minimum_Autonomous_COO_REAL_FIXED\MILES_OS\SERVICES\Browser\Workers\InstantlyCampaignOperator.js","351","method_or_function","if","if (campaigns.length === 0) {"
"_LEGACY_BUILDS\MILES_BUILD_030_Minimum_Autonomous_COO_REAL_FIXED\MILES_OS\SERVICES\Browser\Workers\InstantlyCampaignOperator.js","357","method_or_function","for","for (let i = 0; i < bodyLines.length; i++) {"
"_LEGACY_BUILDS\MILES_BUILD_030_Minimum_Autonomous_COO_REAL_FIXED\MILES_OS\SERVICES\Browser\Workers\InstantlyCampaignOperator.js","361","method_or_function","if","if (status !== ""unknown"") {"
"_LEGACY_BUILDS\MILES_BUILD_030_Minimum_Autonomous_COO_REAL_FIXED\MILES_OS\SERVICES\Browser\Workers\InstantlyCampaignOperator.js","383","method_or_function","for","for (let i = 0; i < bodyLines.length; i++) {"
"_LEGACY_BUILDS\MILES_BUILD_030_Minimum_Autonomous_COO_REAL_FIXED\MILES_OS\SERVICES\Browser\Workers\InstantlyCampaignOperator.js","387","method_or_function","if","if (status !== ""unknown"") {"
"_LEGACY_BUILDS\MILES_BUILD_030_Minimum_Autonomous_COO_REAL_FIXED\MILES_OS\SERVICES\Browser\Workers\InstantlyCampaignOperator.js","394","method_or_function","for","for (const candidate of previousCandidates) {"
"_LEGACY_BUILDS\MILES_BUILD_030_Minimum_Autonomous_COO_REAL_FIXED\MILES_OS\SERVICES\Browser\Workers\InstantlyCampaignOperator.js","412","method_or_function","decide","decide(campaign, memory) {"
"_LEGACY_BUILDS\MILES_BUILD_030_Minimum_Autonomous_COO_REAL_FIXED\MILES_OS\SERVICES\Browser\Workers\InstantlyCampaignOperator.js","416","method_or_function","if","if (!name) {"
"_LEGACY_BUILDS\MILES_BUILD_030_Minimum_Autonomous_COO_REAL_FIXED\MILES_OS\SERVICES\Browser\Workers\InstantlyCampaignOperator.js","424","method_or_function","if","if (status === ""draft"") {"
"_LEGACY_BUILDS\MILES_BUILD_030_Minimum_Autonomous_COO_REAL_FIXED\MILES_OS\SERVICES\Browser\Workers\InstantlyCampaignOperator.js","432","method_or_function","if","if (status === ""paused"") {"
"_LEGACY_BUILDS\MILES_BUILD_030_Minimum_Autonomous_COO_REAL_FIXED\MILES_OS\SERVICES\Browser\Workers\InstantlyCampaignOperator.js","440","method_or_function","if","if (status === ""active"") {"
"_LEGACY_BUILDS\MILES_BUILD_030_Minimum_Autonomous_COO_REAL_FIXED\MILES_OS\SERVICES\Browser\Workers\InstantlyCampaignOperator.js","463","method_or_function","executeCampaignAction","async executeCampaignAction(page, campaign, decision, executeMode) {"
"_LEGACY_BUILDS\MILES_BUILD_030_Minimum_Autonomous_COO_REAL_FIXED\MILES_OS\SERVICES\Browser\Workers\InstantlyCampaignOperator.js","487","method_or_function","if","if (campaign.status === ""draft"") {"
"_LEGACY_BUILDS\MILES_BUILD_030_Minimum_Autonomous_COO_REAL_FIXED\MILES_OS\SERVICES\Browser\Workers\InstantlyCampaignOperator.js","492","method_or_function","if","if (campaign.status === ""paused"") {"
"_LEGACY_BUILDS\MILES_BUILD_030_Minimum_Autonomous_COO_REAL_FIXED\MILES_OS\SERVICES\Browser\Workers\InstantlyCampaignOperator.js","497","method_or_function","if","if (campaign.status === ""active"") {"
"_LEGACY_BUILDS\MILES_BUILD_030_Minimum_Autonomous_COO_REAL_FIXED\MILES_OS\SERVICES\Browser\Workers\InstantlyCampaignOperator.js","512","method_or_function","updateMemory","updateMemory(memory, campaign, action) {"
"_LEGACY_BUILDS\MILES_BUILD_030_Minimum_Autonomous_COO_REAL_FIXED\MILES_OS\TESTS\Test_Build030_MinimumAutonomousCOO.js","11","function","hasArg","function hasArg(name) {"
"_LEGACY_BUILDS\MILES_BUILD_030_Minimum_Autonomous_COO_REAL_FIXED\MILES_OS\TESTS\Test_Build030_MinimumAutonomousCOO.js","15","function","count","function count(result, key) {"
"_LEGACY_BUILDS\MILES_BUILD_030_Minimum_Autonomous_COO_REAL_FIXED\MILES_OS\TESTS\Test_Build030_MinimumAutonomousCOO.js","19","function","printSummary","function printSummary(result) {"
"_LEGACY_BUILDS\MILES_BUILD_030_Minimum_Autonomous_COO_REAL_FIXED\MILES_OS\TESTS\Test_Build030_MinimumAutonomousCOO.js","42","method_or_function","if","if (result.errors && result.errors.length) {"
"_LEGACY_BUILDS\MILES_BUILD_033_EXECUTIVE_BRAIN_FULL_SCRIPTS\INSTALL_EXECUTIVE_BRAIN.ps1","34","method_or_function","foreach","foreach ($File in $Files) {"
"_LEGACY_BUILDS\MILES_BUILD_033_EXECUTIVE_BRAIN_FULL_SCRIPTS\INSTALL_EXECUTIVE_BRAIN.ps1","40","method_or_function","if","if (Test-Path $File.Target) {"
"_LEGACY_BUILDS\MILES_BUILD_033_EXECUTIVE_BRAIN_FULL_SCRIPTS\INSTALL_EXECUTIVE_BRAIN.ps1","57","method_or_function","if","if ($LASTEXITCODE -ne 0) {"
"_LEGACY_BUILDS\MILES_BUILD_033_EXECUTIVE_BRAIN_FULL_SCRIPTS\BUILDER\BuilderService.js","28","class","BuilderService","class BuilderService {"
"_LEGACY_BUILDS\MILES_BUILD_033_EXECUTIVE_BRAIN_FULL_SCRIPTS\BUILDER\BuilderService.js","30","method_or_function","scanProject","scanProject() {"
"_LEGACY_BUILDS\MILES_BUILD_033_EXECUTIVE_BRAIN_FULL_SCRIPTS\BUILDER\BuilderService.js","34","method_or_function","status","status() {"
"_LEGACY_BUILDS\MILES_BUILD_033_EXECUTIVE_BRAIN_FULL_SCRIPTS\BUILDER\BuilderService.js","42","method_or_function","smokeTest","smokeTest() {"
"_LEGACY_BUILDS\MILES_BUILD_033_EXECUTIVE_BRAIN_FULL_SCRIPTS\BUILDER\BuilderService.js","46","method_or_function","execute","async execute(task = {}) {"
"_LEGACY_BUILDS\MILES_BUILD_033_EXECUTIVE_BRAIN_FULL_SCRIPTS\BUILDER\BuilderService.js","107","method_or_function","if","if (!commands[action]) {"
"_LEGACY_BUILDS\MILES_BUILD_033_EXECUTIVE_BRAIN_FULL_SCRIPTS\SERVICES\ExecutiveBrainService.js","31","function","ensureDir","function ensureDir(dir) {"
"_LEGACY_BUILDS\MILES_BUILD_033_EXECUTIVE_BRAIN_FULL_SCRIPTS\SERVICES\ExecutiveBrainService.js","35","function","readJson","function readJson(file, fallback) {"
"_LEGACY_BUILDS\MILES_BUILD_033_EXECUTIVE_BRAIN_FULL_SCRIPTS\SERVICES\ExecutiveBrainService.js","44","function","writeJson","function writeJson(file, value) {"
"_LEGACY_BUILDS\MILES_BUILD_033_EXECUTIVE_BRAIN_FULL_SCRIPTS\SERVICES\ExecutiveBrainService.js","49","function","appendDecision","function appendDecision(record) {"
"_LEGACY_BUILDS\MILES_BUILD_033_EXECUTIVE_BRAIN_FULL_SCRIPTS\SERVICES\ExecutiveBrainService.js","55","class","ExecutiveBrainService","class ExecutiveBrainService {"
"_LEGACY_BUILDS\MILES_BUILD_033_EXECUTIVE_BRAIN_FULL_SCRIPTS\SERVICES\ExecutiveBrainService.js","56","method_or_function","constructor","constructor(options = {}) {"
"_LEGACY_BUILDS\MILES_BUILD_033_EXECUTIVE_BRAIN_FULL_SCRIPTS\SERVICES\ExecutiveBrainService.js","60","method_or_function","run","run(input = {}) {"
"_LEGACY_BUILDS\MILES_BUILD_033_EXECUTIVE_BRAIN_FULL_SCRIPTS\SERVICES\ExecutiveBrainService.js","119","method_or_function","createWorkItem","createWorkItem(objective, plan, decision, context) {"
"_LEGACY_BUILDS\MILES_BUILD_033_EXECUTIVE_BRAIN_FULL_SCRIPTS\SERVICES\ExecutiveBrainService.js","155","method_or_function","buildTitle","buildTitle(objective, plan, decision) {"
"_LEGACY_BUILDS\MILES_BUILD_033_EXECUTIVE_BRAIN_FULL_SCRIPTS\SERVICES\ExecutiveBrainService.js","163","method_or_function","recommendedAction","recommendedAction(plan, decision) {"
"_LEGACY_BUILDS\MILES_BUILD_033_EXECUTIVE_BRAIN_FULL_SCRIPTS\SERVICES\ExecutiveBrainService.js","164","method_or_function","if","if (decision.decision === ""ESCALATE"") {"
"_LEGACY_BUILDS\MILES_BUILD_033_EXECUTIVE_BRAIN_FULL_SCRIPTS\SERVICES\ExecutiveBrainService.js","175","method_or_function","expectedImpact","expectedImpact(plan) {"
"_LEGACY_BUILDS\MILES_BUILD_033_EXECUTIVE_BRAIN_FULL_SCRIPTS\SERVICES\ExecutiveBrainService.js","182","method_or_function","priorityNumber","priorityNumber(priority) {"
"_LEGACY_BUILDS\MILES_BUILD_033_EXECUTIVE_BRAIN_FULL_SCRIPTS\SERVICES\ExecutiveBrainService.js","193","method_or_function","nextAction","nextAction(decision, workItem) {"
"_LEGACY_BUILDS\MILES_BUILD_033_EXECUTIVE_BRAIN_FULL_SCRIPTS\SERVICES\ExecutiveBrainService.js","199","method_or_function","save","save(record) {"
"_LEGACY_BUILDS\MILES_BUILD_033_EXECUTIVE_BRAIN_FULL_SCRIPTS\SERVICES\ExecutiveBrainService.js","206","method_or_function","renderReport","renderReport(record) {"
"_LEGACY_BUILDS\MILES_BUILD_034_COMPANY_STATE_FULL_SCRIPTS\INSTALL_COMPANY_STATE.ps1","34","method_or_function","foreach","foreach ($File in $Files) {"
"_LEGACY_BUILDS\MILES_BUILD_034_COMPANY_STATE_FULL_SCRIPTS\INSTALL_COMPANY_STATE.ps1","40","method_or_function","if","if (Test-Path $File.Target) {"
"_LEGACY_BUILDS\MILES_BUILD_034_COMPANY_STATE_FULL_SCRIPTS\INSTALL_COMPANY_STATE.ps1","57","method_or_function","if","if ($LASTEXITCODE -ne 0) {"
"_LEGACY_BUILDS\MILES_BUILD_034_COMPANY_STATE_FULL_SCRIPTS\BUILDER\BuilderService.js","14","class","BuilderService","class BuilderService {"
"_LEGACY_BUILDS\MILES_BUILD_034_COMPANY_STATE_FULL_SCRIPTS\BUILDER\BuilderService.js","16","method_or_function","scanProject","scanProject() {"
"_LEGACY_BUILDS\MILES_BUILD_034_COMPANY_STATE_FULL_SCRIPTS\BUILDER\BuilderService.js","20","method_or_function","status","status() {"
"_LEGACY_BUILDS\MILES_BUILD_034_COMPANY_STATE_FULL_SCRIPTS\BUILDER\BuilderService.js","28","method_or_function","smokeTest","smokeTest() {"
"_LEGACY_BUILDS\MILES_BUILD_034_COMPANY_STATE_FULL_SCRIPTS\BUILDER\BuilderService.js","32","method_or_function","execute","async execute(task = {}) {"
"_LEGACY_BUILDS\MILES_BUILD_034_COMPANY_STATE_FULL_SCRIPTS\BUILDER\BuilderService.js","95","method_or_function","if","if (!commands[action]) {"
"_LEGACY_BUILDS\MILES_BUILD_034_COMPANY_STATE_FULL_SCRIPTS\SERVICES\CompanyStateService.js","31","function","ensureDir","function ensureDir(dir) {"
"_LEGACY_BUILDS\MILES_BUILD_034_COMPANY_STATE_FULL_SCRIPTS\SERVICES\CompanyStateService.js","35","function","readJson","function readJson(relativePath, fallback = null) {"
"_LEGACY_BUILDS\MILES_BUILD_034_COMPANY_STATE_FULL_SCRIPTS\SERVICES\CompanyStateService.js","46","function","writeJson","function writeJson(name, value) {"
"_LEGACY_BUILDS\MILES_BUILD_034_COMPANY_STATE_FULL_SCRIPTS\SERVICES\CompanyStateService.js","55","function","countQueue","function countQueue(queue, predicate) {"
"_LEGACY_BUILDS\MILES_BUILD_034_COMPANY_STATE_FULL_SCRIPTS\SERVICES\CompanyStateService.js","60","class","CompanyStateService","class CompanyStateService {"
"_LEGACY_BUILDS\MILES_BUILD_034_COMPANY_STATE_FULL_SCRIPTS\SERVICES\CompanyStateService.js","61","method_or_function","run","run(input = {}) {"
"_LEGACY_BUILDS\MILES_BUILD_034_COMPANY_STATE_FULL_SCRIPTS\SERVICES\CompanyStateService.js","93","method_or_function","buildState","buildState(input = {}) {"
"_LEGACY_BUILDS\MILES_BUILD_034_COMPANY_STATE_FULL_SCRIPTS\SERVICES\CompanyStateService.js","135","method_or_function","buildBusiness","buildBusiness(executiveState, executiveBrief) {"
"_LEGACY_BUILDS\MILES_BUILD_034_COMPANY_STATE_FULL_SCRIPTS\SERVICES\CompanyStateService.js","171","method_or_function","buildOperations","buildOperations(workQueue, executiveBrain, cooCycle) {"
"_LEGACY_BUILDS\MILES_BUILD_034_COMPANY_STATE_FULL_SCRIPTS\SERVICES\CompanyStateService.js","200","method_or_function","buildSystems","buildSystems(repository, capability) {"
"_LEGACY_BUILDS\MILES_BUILD_034_COMPANY_STATE_FULL_SCRIPTS\SERVICES\CompanyStateService.js","224","method_or_function","buildRisks","buildRisks(repository, capability, operations, systems, business) {"
"_LEGACY_BUILDS\MILES_BUILD_034_COMPANY_STATE_FULL_SCRIPTS\SERVICES\CompanyStateService.js","254","method_or_function","if","if (operations.workQueue.awaitingApproval > 0) {"
"_LEGACY_BUILDS\MILES_BUILD_034_COMPANY_STATE_FULL_SCRIPTS\SERVICES\CompanyStateService.js","263","method_or_function","if","if (operations.workQueue.blocked > 0) {"
"_LEGACY_BUILDS\MILES_BUILD_034_COMPANY_STATE_FULL_SCRIPTS\SERVICES\CompanyStateService.js","272","method_or_function","if","if (business.marketing.totalCampaigns > 0 && business.marketing.activeCampaigns < 2) {"
"_LEGACY_BUILDS\MILES_BUILD_034_COMPANY_STATE_FULL_SCRIPTS\SERVICES\CompanyStateService.js","284","method_or_function","buildPriorities","buildPriorities(risks, operations, systems, business) {"
"_LEGACY_BUILDS\MILES_BUILD_034_COMPANY_STATE_FULL_SCRIPTS\SERVICES\CompanyStateService.js","287","method_or_function","if","if (operations.workQueue.awaitingApproval > 0) {"
"_LEGACY_BUILDS\MILES_BUILD_034_COMPANY_STATE_FULL_SCRIPTS\SERVICES\CompanyStateService.js","296","method_or_function","if","if (operations.workQueue.blocked > 0) {"
"_LEGACY_BUILDS\MILES_BUILD_034_COMPANY_STATE_FULL_SCRIPTS\SERVICES\CompanyStateService.js","322","method_or_function","scoreHealth","scoreHealth(risks, operations, systems, business) {"
"_LEGACY_BUILDS\MILES_BUILD_034_COMPANY_STATE_FULL_SCRIPTS\SERVICES\CompanyStateService.js","325","method_or_function","for","for (const risk of risks) {"
"_LEGACY_BUILDS\MILES_BUILD_034_COMPANY_STATE_FULL_SCRIPTS\SERVICES\CompanyStateService.js","349","method_or_function","save","save(state) {"
"_LEGACY_BUILDS\MILES_BUILD_034_COMPANY_STATE_FULL_SCRIPTS\SERVICES\CompanyStateService.js","366","method_or_function","renderReport","renderReport(state) {"
"_LEGACY_BUILDS\MILES_BUILD_035_TASK_ROUTER_FULL_SCRIPTS\INSTALL_TASK_ROUTER.ps1","34","method_or_function","foreach","foreach ($File in $Files) {"
"_LEGACY_BUILDS\MILES_BUILD_035_TASK_ROUTER_FULL_SCRIPTS\INSTALL_TASK_ROUTER.ps1","40","method_or_function","if","if (Test-Path $File.Target) {"
"_LEGACY_BUILDS\MILES_BUILD_035_TASK_ROUTER_FULL_SCRIPTS\INSTALL_TASK_ROUTER.ps1","57","method_or_function","if","if ($LASTEXITCODE -ne 0) {"
"_LEGACY_BUILDS\MILES_BUILD_035_TASK_ROUTER_FULL_SCRIPTS\BUILDER\BuilderService.js","13","class","BuilderService","class BuilderService {"
"_LEGACY_BUILDS\MILES_BUILD_035_TASK_ROUTER_FULL_SCRIPTS\BUILDER\BuilderService.js","15","method_or_function","scanProject","scanProject() {"
"_LEGACY_BUILDS\MILES_BUILD_035_TASK_ROUTER_FULL_SCRIPTS\BUILDER\BuilderService.js","19","method_or_function","status","status() {"
"_LEGACY_BUILDS\MILES_BUILD_035_TASK_ROUTER_FULL_SCRIPTS\BUILDER\BuilderService.js","27","method_or_function","smokeTest","smokeTest() {"
"_LEGACY_BUILDS\MILES_BUILD_035_TASK_ROUTER_FULL_SCRIPTS\BUILDER\BuilderService.js","31","method_or_function","execute","async execute(task = {}) {"
"_LEGACY_BUILDS\MILES_BUILD_035_TASK_ROUTER_FULL_SCRIPTS\BUILDER\BuilderService.js","97","method_or_function","if","if (!commands[action]) {"
"_LEGACY_BUILDS\MILES_BUILD_035_TASK_ROUTER_FULL_SCRIPTS\SERVICES\TaskRouterService.js","32","function","ensureDir","function ensureDir(dir) {"
"_LEGACY_BUILDS\MILES_BUILD_035_TASK_ROUTER_FULL_SCRIPTS\SERVICES\TaskRouterService.js","36","function","readJson","function readJson(relativePath, fallback = null) {"
"_LEGACY_BUILDS\MILES_BUILD_035_TASK_ROUTER_FULL_SCRIPTS\SERVICES\TaskRouterService.js","46","function","writeJson","function writeJson(file, value) {"
"_LEGACY_BUILDS\MILES_BUILD_035_TASK_ROUTER_FULL_SCRIPTS\SERVICES\TaskRouterService.js","51","function","appendHistory","function appendHistory(record) {"
"_LEGACY_BUILDS\MILES_BUILD_035_TASK_ROUTER_FULL_SCRIPTS\SERVICES\TaskRouterService.js","57","function","readAbsoluteJson","function readAbsoluteJson(file, fallback) {"
"_LEGACY_BUILDS\MILES_BUILD_035_TASK_ROUTER_FULL_SCRIPTS\SERVICES\TaskRouterService.js","66","class","TaskRouterService","class TaskRouterService {"
"_LEGACY_BUILDS\MILES_BUILD_035_TASK_ROUTER_FULL_SCRIPTS\SERVICES\TaskRouterService.js","67","method_or_function","constructor","constructor(options = {}) {"
"_LEGACY_BUILDS\MILES_BUILD_035_TASK_ROUTER_FULL_SCRIPTS\SERVICES\TaskRouterService.js","71","method_or_function","run","run(input = {}) {"
"_LEGACY_BUILDS\MILES_BUILD_035_TASK_ROUTER_FULL_SCRIPTS\SERVICES\TaskRouterService.js","101","method_or_function","route","route(input = {}) {"
"_LEGACY_BUILDS\MILES_BUILD_035_TASK_ROUTER_FULL_SCRIPTS\SERVICES\TaskRouterService.js","118","method_or_function","if","if (item.requiresKevin === true || item.executionType === ""APPROVAL_REQUIRED"") {"
"_LEGACY_BUILDS\MILES_BUILD_035_TASK_ROUTER_FULL_SCRIPTS\SERVICES\TaskRouterService.js","137","method_or_function","if","if (!route.ok) {"
"_LEGACY_BUILDS\MILES_BUILD_035_TASK_ROUTER_FULL_SCRIPTS\SERVICES\TaskRouterService.js","191","method_or_function","resolveRoute","resolveRoute(item, executionMap, companyState) {"
"_LEGACY_BUILDS\MILES_BUILD_035_TASK_ROUTER_FULL_SCRIPTS\SERVICES\TaskRouterService.js","204","method_or_function","if","if (!candidateCapability) {"
"_LEGACY_BUILDS\MILES_BUILD_035_TASK_ROUTER_FULL_SCRIPTS\SERVICES\TaskRouterService.js","217","method_or_function","if","if (!cap) {"
"_LEGACY_BUILDS\MILES_BUILD_035_TASK_ROUTER_FULL_SCRIPTS\SERVICES\TaskRouterService.js","230","method_or_function","if","if (!executor) {"
"_LEGACY_BUILDS\MILES_BUILD_035_TASK_ROUTER_FULL_SCRIPTS\SERVICES\TaskRouterService.js","254","method_or_function","detectCapability","detectCapability(text, item) {"
"_LEGACY_BUILDS\MILES_BUILD_035_TASK_ROUTER_FULL_SCRIPTS\SERVICES\TaskRouterService.js","290","method_or_function","save","save(result) {"
"_LEGACY_BUILDS\MILES_BUILD_035_TASK_ROUTER_FULL_SCRIPTS\SERVICES\TaskRouterService.js","297","method_or_function","renderReport","renderReport(result) {"
"_LEGACY_BUILDS\MILES_CAPABILITY_REGISTRY_FULL_SCRIPTS\INSTALL_CAPABILITY_REGISTRY.ps1","37","method_or_function","foreach","foreach ($File in $Files) {"
"_LEGACY_BUILDS\MILES_CAPABILITY_REGISTRY_FULL_SCRIPTS\INSTALL_CAPABILITY_REGISTRY.ps1","43","method_or_function","if","if (Test-Path $File.Target) {"
"_LEGACY_BUILDS\MILES_CAPABILITY_REGISTRY_FULL_SCRIPTS\INSTALL_CAPABILITY_REGISTRY.ps1","59","method_or_function","if","if ($LASTEXITCODE -ne 0) {"
"_LEGACY_BUILDS\MILES_CAPABILITY_REGISTRY_FULL_SCRIPTS\INSTALL_CAPABILITY_REGISTRY.ps1","68","method_or_function","if","if ($LASTEXITCODE -ne 0) {"
"_LEGACY_BUILDS\MILES_CAPABILITY_REGISTRY_FULL_SCRIPTS\BUILDER\BuilderService.js","27","class","BuilderService","class BuilderService {"
"_LEGACY_BUILDS\MILES_CAPABILITY_REGISTRY_FULL_SCRIPTS\BUILDER\BuilderService.js","29","method_or_function","scanProject","scanProject() {"
"_LEGACY_BUILDS\MILES_CAPABILITY_REGISTRY_FULL_SCRIPTS\BUILDER\BuilderService.js","33","method_or_function","status","status() {"
"_LEGACY_BUILDS\MILES_CAPABILITY_REGISTRY_FULL_SCRIPTS\BUILDER\BuilderService.js","41","method_or_function","smokeTest","smokeTest() {"
"_LEGACY_BUILDS\MILES_CAPABILITY_REGISTRY_FULL_SCRIPTS\BUILDER\BuilderService.js","45","method_or_function","execute","async execute(task = {}) {"
"_LEGACY_BUILDS\MILES_CAPABILITY_REGISTRY_FULL_SCRIPTS\BUILDER\BuilderService.js","103","method_or_function","if","if (!commands[action]) {"
"_LEGACY_BUILDS\MILES_CAPABILITY_REGISTRY_FULL_SCRIPTS\SERVICES\CapabilityRegistryService.js","31","function","ensureDir","function ensureDir(dir) {"
"_LEGACY_BUILDS\MILES_CAPABILITY_REGISTRY_FULL_SCRIPTS\SERVICES\CapabilityRegistryService.js","35","function","readJson","function readJson(file) {"
"_LEGACY_BUILDS\MILES_CAPABILITY_REGISTRY_FULL_SCRIPTS\SERVICES\CapabilityRegistryService.js","42","function","writeJson","function writeJson(name, data) {"
"_LEGACY_BUILDS\MILES_CAPABILITY_REGISTRY_FULL_SCRIPTS\SERVICES\CapabilityRegistryService.js","47","function","unique","function unique(values) {"
"_LEGACY_BUILDS\MILES_CAPABILITY_REGISTRY_FULL_SCRIPTS\SERVICES\CapabilityRegistryService.js","51","class","CapabilityRegistryService","class CapabilityRegistryService {"
"_LEGACY_BUILDS\MILES_CAPABILITY_REGISTRY_FULL_SCRIPTS\SERVICES\CapabilityRegistryService.js","53","method_or_function","run","run() {"
"_LEGACY_BUILDS\MILES_CAPABILITY_REGISTRY_FULL_SCRIPTS\SERVICES\CapabilityRegistryService.js","84","method_or_function","buildRegistry","buildRegistry() {"
"_LEGACY_BUILDS\MILES_CAPABILITY_REGISTRY_FULL_SCRIPTS\SERVICES\CapabilityRegistryService.js","109","method_or_function","extractCapabilities","extractCapabilities(components) {"
"_LEGACY_BUILDS\MILES_CAPABILITY_REGISTRY_FULL_SCRIPTS\SERVICES\CapabilityRegistryService.js","112","method_or_function","for","for (const component of components) {"
"_LEGACY_BUILDS\MILES_CAPABILITY_REGISTRY_FULL_SCRIPTS\SERVICES\CapabilityRegistryService.js","117","method_or_function","for","for (const cap of all) {"
"_LEGACY_BUILDS\MILES_CAPABILITY_REGISTRY_FULL_SCRIPTS\SERVICES\CapabilityRegistryService.js","157","method_or_function","for","for (const cap of capabilities) {"
"_LEGACY_BUILDS\MILES_CAPABILITY_REGISTRY_FULL_SCRIPTS\SERVICES\CapabilityRegistryService.js","167","method_or_function","inferCapabilities","inferCapabilities(component) {"
"_LEGACY_BUILDS\MILES_CAPABILITY_REGISTRY_FULL_SCRIPTS\SERVICES\CapabilityRegistryService.js","218","method_or_function","isExecutable","isExecutable(component) {"
"_LEGACY_BUILDS\MILES_CAPABILITY_REGISTRY_FULL_SCRIPTS\SERVICES\CapabilityRegistryService.js","231","method_or_function","buildOwnerMap","buildOwnerMap(capabilities) {"
"_LEGACY_BUILDS\MILES_CAPABILITY_REGISTRY_FULL_SCRIPTS\SERVICES\CapabilityRegistryService.js","234","method_or_function","for","for (const cap of capabilities) {"
"_LEGACY_BUILDS\MILES_CAPABILITY_REGISTRY_FULL_SCRIPTS\SERVICES\CapabilityRegistryService.js","235","method_or_function","for","for (const owner of cap.owners) {"
"_LEGACY_BUILDS\MILES_CAPABILITY_REGISTRY_FULL_SCRIPTS\SERVICES\CapabilityRegistryService.js","249","method_or_function","buildExecutionMap","buildExecutionMap(capabilities) {"
"_LEGACY_BUILDS\MILES_CAPABILITY_REGISTRY_FULL_SCRIPTS\SERVICES\CapabilityRegistryService.js","252","method_or_function","for","for (const cap of capabilities) {"
"_LEGACY_BUILDS\MILES_CAPABILITY_REGISTRY_FULL_SCRIPTS\SERVICES\CapabilityRegistryService.js","282","method_or_function","findCapabilityGaps","findCapabilityGaps(capabilities) {"
"_LEGACY_BUILDS\MILES_CAPABILITY_REGISTRY_FULL_SCRIPTS\SERVICES\CapabilityRegistryService.js","311","method_or_function","scoreAutonomy","scoreAutonomy(capabilities, gaps) {"
"_LEGACY_BUILDS\MILES_CAPABILITY_REGISTRY_FULL_SCRIPTS\SERVICES\CapabilityRegistryService.js","347","method_or_function","statistics","statistics(capabilities, gaps) {"
"_LEGACY_BUILDS\MILES_CAPABILITY_REGISTRY_FULL_SCRIPTS\SERVICES\CapabilityRegistryService.js","358","method_or_function","category","category(capabilityId) {"
"_LEGACY_BUILDS\MILES_CAPABILITY_REGISTRY_FULL_SCRIPTS\SERVICES\CapabilityRegistryService.js","370","method_or_function","governance","governance(capabilityId) {"
"_LEGACY_BUILDS\MILES_CAPABILITY_REGISTRY_FULL_SCRIPTS\SERVICES\CapabilityRegistryService.js","384","method_or_function","autonomyImpact","autonomyImpact(capabilityId) {"
"_LEGACY_BUILDS\MILES_CAPABILITY_REGISTRY_FULL_SCRIPTS\SERVICES\CapabilityRegistryService.js","391","method_or_function","describe","describe(capabilityId) {"
"_LEGACY_BUILDS\MILES_CAPABILITY_REGISTRY_FULL_SCRIPTS\SERVICES\CapabilityRegistryService.js","411","method_or_function","humanize","humanize(value) {"
"_LEGACY_BUILDS\MILES_CAPABILITY_REGISTRY_FULL_SCRIPTS\SERVICES\CapabilityRegistryService.js","417","method_or_function","save","save(registry) {"
"_LEGACY_BUILDS\MILES_CAPABILITY_REGISTRY_FULL_SCRIPTS\SERVICES\CapabilityRegistryService.js","443","method_or_function","renderReport","renderReport(registry) {"
"_LEGACY_BUILDS\miles_coo_runtime\miles_coo_runtime\operators\base.py","3","class","OperatorResult","class OperatorResult(dict):"
"_LEGACY_BUILDS\miles_coo_runtime\miles_coo_runtime\operators\base.py","6","class","BaseOperator","class BaseOperator:"
"_LEGACY_BUILDS\miles_coo_runtime\miles_coo_runtime\operators\executive.py","3","class","ExecutiveBriefOperator","class ExecutiveBriefOperator(BaseOperator):"
"_LEGACY_BUILDS\miles_coo_runtime\miles_coo_runtime\operators\government_data.py","3","class","GovernmentDataOperator","class GovernmentDataOperator(BaseOperator):"
"_LEGACY_BUILDS\miles_coo_runtime\miles_coo_runtime\operators\instantly.py","3","class","InstantlyOperator","class InstantlyOperator(BaseOperator):"
"_LEGACY_BUILDS\miles_coo_runtime\miles_coo_runtime\operators\linkedin.py","3","class","LinkedInOperator","class LinkedInOperator(BaseOperator):"
"_LEGACY_BUILDS\miles_coo_runtime\miles_coo_runtime\operators\website.py","3","class","WebsiteOperator","class WebsiteOperator(BaseOperator):"
"_LEGACY_BUILDS\miles_core_framework_dropin\install_core_framework.ps1","13","method_or_function","foreach","foreach ($folder in $Folders) {"
"_LEGACY_BUILDS\miles_core_framework_dropin\miles_connector_health.js","6","async function","main","async function main() {"
"_LEGACY_BUILDS\miles_core_framework_dropin\CONNECTORS\GOOGLE\index.js","4","async function","healthCheck","async function healthCheck() {"
"_LEGACY_BUILDS\miles_core_framework_dropin\CORE\ConnectorManager.js","4","class","ConnectorManager","class ConnectorManager {"
"_LEGACY_BUILDS\miles_core_framework_dropin\CORE\ConnectorManager.js","5","method_or_function","constructor","constructor() {"
"_LEGACY_BUILDS\miles_core_framework_dropin\CORE\ConnectorManager.js","9","method_or_function","register","register(name, connector) {"
"_LEGACY_BUILDS\miles_core_framework_dropin\CORE\ConnectorManager.js","10","method_or_function","if","if (!connector || typeof connector.healthCheck !== ""function"") {"
"_LEGACY_BUILDS\miles_core_framework_dropin\CORE\ConnectorManager.js","18","method_or_function","get","get(name) {"
"_LEGACY_BUILDS\miles_core_framework_dropin\CORE\ConnectorManager.js","22","method_or_function","list","list() {"
"_LEGACY_BUILDS\miles_core_framework_dropin\CORE\ConnectorManager.js","26","method_or_function","healthCheckAll","async healthCheckAll() {"
"_LEGACY_BUILDS\miles_core_framework_dropin\CORE\EventBus.js","4","class","MilesEventBus","class MilesEventBus extends EventEmitter {"
"_LEGACY_BUILDS\miles_core_framework_dropin\CORE\EventBus.js","5","method_or_function","publish","publish(eventType, payload = {}) {"
"_LEGACY_BUILDS\miles_core_framework_dropin\CORE\EventBus.js","17","method_or_function","subscribe","subscribe(eventType, handler) {"
"_LEGACY_BUILDS\miles_core_framework_dropin\CORE\HealthDashboard.js","5","async function","writeHealthDashboard","async function writeHealthDashboard() {"
"_LEGACY_BUILDS\miles_core_framework_dropin\CORE\HealthDashboard.js","18","method_or_function","for","for (const r of results) {"
"_LEGACY_BUILDS\miles_core_framework_dropin\CORE\Logger.js","4","class","Logger","class Logger {"
"_LEGACY_BUILDS\miles_core_framework_dropin\CORE\Logger.js","5","method_or_function","constructor","constructor(options = {}) {"
"_LEGACY_BUILDS\miles_core_framework_dropin\CORE\Logger.js","11","method_or_function","_write","_write(level, message, meta = {}) {"
"_LEGACY_BUILDS\miles_core_framework_dropin\CORE\Logger.js","23","method_or_function","info","info(message, meta) { this._write(""INFO"", message, meta); }"
"_LEGACY_BUILDS\miles_core_framework_dropin\CORE\Logger.js","24","method_or_function","warn","warn(message, meta) { this._write(""WARN"", message, meta); }"
"_LEGACY_BUILDS\miles_core_framework_dropin\CORE\Logger.js","25","method_or_function","error","error(message, meta) { this._write(""ERROR"", message, meta); }"
"_LEGACY_BUILDS\miles_core_framework_dropin\CORE\TaskQueue.js","6","class","TaskQueue","class TaskQueue {"
"_LEGACY_BUILDS\miles_core_framework_dropin\CORE\TaskQueue.js","7","method_or_function","constructor","constructor() {"
"_LEGACY_BUILDS\miles_core_framework_dropin\CORE\TaskQueue.js","14","method_or_function","_read","_read() {"
"_LEGACY_BUILDS\miles_core_framework_dropin\CORE\TaskQueue.js","18","method_or_function","_write","_write(tasks) {"
"_LEGACY_BUILDS\miles_core_framework_dropin\CORE\TaskQueue.js","22","method_or_function","add","add(type, payload = {}, priority = 50) {"
"_LEGACY_BUILDS\miles_core_framework_dropin\CORE\TaskQueue.js","41","method_or_function","list","list(status = null) {"
"_LEGACY_BUILDS\miles_core_framework_dropin\CORE\TaskQueue.js","46","method_or_function","update","update(id, patch) {"
"_LEGACY_BUILDS\miles_desktop_v2_build003\miles_desktop_v2\scripts\backup-runtime.js","4","method_or_function","for","for (const dir of ['src','config','data']) { const src=path.join(root,dir); if (fs.existsSync(src)) fs.cpSync(src,path.join(out,dir),{recursive:true}); }"
"_LEGACY_BUILDS\miles_desktop_v2_build003\miles_desktop_v2\scripts\run_build_043.js","18","async function","main","async function main() {"
"_LEGACY_BUILDS\miles_desktop_v2_build003\miles_desktop_v2\scripts\smoke-test.js","7","function","assert","function assert(x,msg){ if(!x){ console.error('FAIL:', msg); process.exit(1); } }"
"_LEGACY_BUILDS\miles_desktop_v2_build003\miles_desktop_v2\src\main\main.js","9","function","createWindow","function createWindow() {"
"_LEGACY_BUILDS\miles_desktop_v2_build003\miles_desktop_v2\src\main\main.js","13","function","setupIpc","function setupIpc() {"
"_LEGACY_BUILDS\miles_desktop_v2_build003\miles_desktop_v2\src\main\approvals\approvalQueue.js","2","class","ApprovalQueue","class ApprovalQueue {"
"_LEGACY_BUILDS\miles_desktop_v2_build003\miles_desktop_v2\src\main\approvals\approvalQueue.js","3","method_or_function","constructor","constructor(logger) { this.logger = logger; this.items = []; }"
"_LEGACY_BUILDS\miles_desktop_v2_build003\miles_desktop_v2\src\main\approvals\approvalQueue.js","4","method_or_function","requiresApproval","requiresApproval(task) { return CEO_REQUIRED.includes(task.authority || ''); }"
"_LEGACY_BUILDS\miles_desktop_v2_build003\miles_desktop_v2\src\main\approvals\approvalQueue.js","5","method_or_function","add","add(task, reason = 'CEO approval required') {"
"_LEGACY_BUILDS\miles_desktop_v2_build003\miles_desktop_v2\src\main\approvals\approvalQueue.js","9","method_or_function","decide","decide(id, decision) { const item = this.items.find(i => i.id === id); if (!item) return { ok:false, error:'Approval not found' }; item.status = decision; item.decidedAt = new Date().toISOString(); return { ok:true, item }; }"
"_LEGACY_BUILDS\miles_desktop_v2_build003\miles_desktop_v2\src\main\approvals\approvalQueue.js","10","method_or_function","status","status() { return this.items; }"
"_LEGACY_BUILDS\miles_desktop_v2_build003\miles_desktop_v2\src\main\connectors\connectorManager.js","1","class","ManagedConnector","class ManagedConnector {"
"_LEGACY_BUILDS\miles_desktop_v2_build003\miles_desktop_v2\src\main\connectors\connectorManager.js","2","method_or_function","constructor","constructor(name, mode = 'api-preferred') {"
"_LEGACY_BUILDS\miles_desktop_v2_build003\miles_desktop_v2\src\main\connectors\connectorManager.js","9","method_or_function","healthCheck","healthCheck() {"
"_LEGACY_BUILDS\miles_desktop_v2_build003\miles_desktop_v2\src\main\connectors\connectorManager.js","13","method_or_function","execute","execute(action, payload = {}) {"
"_LEGACY_BUILDS\miles_desktop_v2_build003\miles_desktop_v2\src\main\connectors\connectorManager.js","17","method_or_function","status","status() { return this.healthCheck(); }"
"_LEGACY_BUILDS\miles_desktop_v2_build003\miles_desktop_v2\src\main\connectors\connectorManager.js","20","class","ConnectorManager","class ConnectorManager {"
"_LEGACY_BUILDS\miles_desktop_v2_build003\miles_desktop_v2\src\main\connectors\connectorManager.js","21","method_or_function","constructor","constructor(logger) {"
"_LEGACY_BUILDS\miles_desktop_v2_build003\miles_desktop_v2\src\main\connectors\connectorManager.js","28","method_or_function","status","status() { return Array.from(this.connectors.values()).map(c => c.status()); }"
"_LEGACY_BUILDS\miles_desktop_v2_build003\miles_desktop_v2\src\main\connectors\connectorManager.js","29","method_or_function","healthCheck","healthCheck() { return this.status(); }"
"_LEGACY_BUILDS\miles_desktop_v2_build003\miles_desktop_v2\src\main\connectors\connectorManager.js","30","method_or_function","execute","execute(name, action, payload = {}) {"
"_LEGACY_BUILDS\miles_desktop_v2_build003\miles_desktop_v2\src\main\executive\executiveBrain.js","1","class","ExecutiveBrain","class ExecutiveBrain {"
"_LEGACY_BUILDS\miles_desktop_v2_build003\miles_desktop_v2\src\main\executive\executiveBrain.js","2","method_or_function","constructor","constructor(runtime) { this.runtime = runtime; }"
"_LEGACY_BUILDS\miles_desktop_v2_build003\miles_desktop_v2\src\main\executive\executiveBrain.js","3","method_or_function","handle","handle(message) {"
"_LEGACY_BUILDS\miles_desktop_v2_build003\miles_desktop_v2\src\main\executive\executiveBrain.js","11","method_or_function","attentionBrief","attentionBrief() {"
"_LEGACY_BUILDS\miles_desktop_v2_build003\miles_desktop_v2\src\main\notifications\notificationCenter.js","1","class","NotificationCenter","class NotificationCenter {"
"_LEGACY_BUILDS\miles_desktop_v2_build003\miles_desktop_v2\src\main\notifications\notificationCenter.js","2","method_or_function","constructor","constructor(logger) { this.logger = logger; this.items = []; }"
"_LEGACY_BUILDS\miles_desktop_v2_build003\miles_desktop_v2\src\main\notifications\notificationCenter.js","3","method_or_function","push","push(type, title, message, priority = 'normal') { const n = { id:`note-${Date.now()}-${this.items.length}`, type, title, message, priority, read:false, ts:new Date().toISOString() }; this.items.unshift(n); this.logger.info('notification', n); return n; }"
"_LEGACY_BUILDS\miles_desktop_v2_build003\miles_desktop_v2\src\main\notifications\notificationCenter.js","4","method_or_function","status","status() { return this.items; }"
"_LEGACY_BUILDS\miles_desktop_v2_build003\miles_desktop_v2\src\main\runtime\milesRuntime.js","12","class","MilesRuntime","class MilesRuntime {"
"_LEGACY_BUILDS\miles_desktop_v2_build003\miles_desktop_v2\src\main\runtime\milesRuntime.js","13","method_or_function","constructor","constructor(rootDir) {"
"_LEGACY_BUILDS\miles_desktop_v2_build003\miles_desktop_v2\src\main\runtime\milesRuntime.js","28","method_or_function","start","start() {"
"_LEGACY_BUILDS\miles_desktop_v2_build003\miles_desktop_v2\src\main\runtime\milesRuntime.js","37","method_or_function","stop","stop() { this.scheduler.stop(); this.running = false; this.notifications.push('runtime','MILES Runtime stopped','Runtime was stopped by command.','high'); return this.status(); }"
"_LEGACY_BUILDS\miles_desktop_v2_build003\miles_desktop_v2\src\main\runtime\milesRuntime.js","38","method_or_function","restart","restart() { this.stop(); return this.start(); }"
"_LEGACY_BUILDS\miles_desktop_v2_build003\miles_desktop_v2\src\main\runtime\milesRuntime.js","39","method_or_function","tick","tick() {"
"_LEGACY_BUILDS\miles_desktop_v2_build003\miles_desktop_v2\src\main\runtime\milesRuntime.js","44","method_or_function","if","if (next) {"
"_LEGACY_BUILDS\miles_desktop_v2_build003\miles_desktop_v2\src\main\runtime\milesRuntime.js","54","method_or_function","command","command(message) { return this.brain.handle(message); }"
"_LEGACY_BUILDS\miles_desktop_v2_build003\miles_desktop_v2\src\main\runtime\milesRuntime.js","55","method_or_function","status","status() {"
"_LEGACY_BUILDS\miles_desktop_v2_build003\miles_desktop_v2\src\main\runtime\taskQueue.js","1","class","TaskQueue","class TaskQueue {"
"_LEGACY_BUILDS\miles_desktop_v2_build003\miles_desktop_v2\src\main\runtime\taskQueue.js","2","method_or_function","constructor","constructor(logger, approvalQueue, notifications) { this.logger = logger; this.approvalQueue = approvalQueue; this.notifications = notifications; this.tasks = []; this.completed = 0; this.failed = 0; }"
"_LEGACY_BUILDS\miles_desktop_v2_build003\miles_desktop_v2\src\main\runtime\taskQueue.js","3","method_or_function","seed","seed() {"
"_LEGACY_BUILDS\miles_desktop_v2_build003\miles_desktop_v2\src\main\runtime\taskQueue.js","13","method_or_function","add","add(task) { const t = { id:`task-${Date.now()}-${this.tasks.length}`, title: task.title, area: task.area || 'operations', authority: task.authority || 'system', status:'pending', createdAt:new Date().toISOString() }; this.tasks.push(t); return t; }"
"_LEGACY_BUILDS\miles_desktop_v2_build003\miles_desktop_v2\src\main\runtime\taskQueue.js","14","method_or_function","pending","pending() { return this.tasks.filter(t => t.status === 'pending'); }"
"_LEGACY_BUILDS\miles_desktop_v2_build003\miles_desktop_v2\src\main\runtime\taskQueue.js","15","method_or_function","status","status() { return { pending: this.pending().length, completed: this.completed, failed: this.failed, tasks: this.tasks.slice(-50).reverse() }; }"
"_LEGACY_BUILDS\miles_desktop_v2_build003\miles_desktop_v2\src\main\scheduler\scheduler.js","1","class","Scheduler","class Scheduler {"
"_LEGACY_BUILDS\miles_desktop_v2_build003\miles_desktop_v2\src\main\scheduler\scheduler.js","2","method_or_function","constructor","constructor(runtime) { this.runtime = runtime; this.timer = null; this.startedAt = null; }"
"_LEGACY_BUILDS\miles_desktop_v2_build003\miles_desktop_v2\src\main\scheduler\scheduler.js","3","method_or_function","start","start() { if (this.timer) return; this.startedAt = new Date().toISOString(); this.timer = setInterval(() => this.runtime.tick(), 15000); }"
"_LEGACY_BUILDS\miles_desktop_v2_build003\miles_desktop_v2\src\main\scheduler\scheduler.js","4","method_or_function","stop","stop() { if (this.timer) clearInterval(this.timer); this.timer = null; }"
"_LEGACY_BUILDS\miles_desktop_v2_build003\miles_desktop_v2\src\main\scheduler\scheduler.js","5","method_or_function","status","status() { return { running: Boolean(this.timer), startedAt: this.startedAt, cadenceSeconds: 15 }; }"
"_LEGACY_BUILDS\miles_desktop_v2_build003\miles_desktop_v2\src\main\supervisor\supervisor.js","1","class","Supervisor","class Supervisor { constructor(runtime) { this.runtime = runtime; this.recoveries = 0; } status() { return { running: true, recoveries: this.recoveries, lastCheck: new Date().toISOString() }; } }"
"_LEGACY_BUILDS\miles_desktop_v2_build003\miles_desktop_v2\src\main\workers\workerManager.js","1","class","WorkerManager","class WorkerManager {"
"_LEGACY_BUILDS\miles_desktop_v2_build003\miles_desktop_v2\src\main\workers\workerManager.js","2","method_or_function","constructor","constructor(logger) {"
"_LEGACY_BUILDS\miles_desktop_v2_build003\miles_desktop_v2\src\main\workers\workerManager.js","12","method_or_function","assign","assign(task) {"
"_LEGACY_BUILDS\miles_desktop_v2_build003\miles_desktop_v2\src\main\workers\workerManager.js","19","method_or_function","complete","complete(taskId) {"
"_LEGACY_BUILDS\miles_desktop_v2_build003\miles_desktop_v2\src\main\workers\workerManager.js","21","method_or_function","if","if (worker) { worker.status = 'idle'; worker.currentTask = null; }"
"_LEGACY_BUILDS\miles_desktop_v2_build003\miles_desktop_v2\src\main\workers\workerManager.js","23","method_or_function","status","status() { return this.workers; }"
"_LEGACY_BUILDS\miles_desktop_v2_build003\miles_desktop_v2\src\renderer\app.js","2","function","card","function card(label, value){return `<div class=""card""><span class=""muted"">${label}</span><strong>${value}</strong></div>`}"
"_LEGACY_BUILDS\miles_desktop_v2_build003\miles_desktop_v2\src\renderer\app.js","3","function","row","function row(a,b,c=''){return `<div class=""row""><span>${a}</span><span>${b}</span><span class=""muted"">${c}</span></div>`}"
"_LEGACY_BUILDS\miles_desktop_v2_build003\miles_desktop_v2\src\renderer\app.js","4","async function","refresh","async function refresh(){"
"_LEGACY_BUILDS\miles_desktop_v2_build003\miles_desktop_v2\src\renderer\app.js","13","async function","decide","async function decide(id, d){ await window.miles.decideApproval(id,d); refresh(); }"
"_LEGACY_BUILDS\miles_desktop_v2_build003\miles_desktop_v2\src\runtime\runtimeHost.js","3","class","RuntimeHost","class RuntimeHost {"
"_LEGACY_BUILDS\miles_desktop_v2_build003\miles_desktop_v2\src\runtime\runtimeHost.js","4","method_or_function","constructor","constructor(logger, config) {"
"_LEGACY_BUILDS\miles_desktop_v2_build003\miles_desktop_v2\src\runtime\runtimeHost.js","10","method_or_function","status","status() {"
"_LEGACY_BUILDS\miles_desktop_v2_build003\miles_desktop_v2\src\runtime\runtimeHost.js","17","method_or_function","start","start() {"
"_LEGACY_BUILDS\miles_desktop_v2_build003\miles_desktop_v2\src\runtime\runtimeHost.js","33","method_or_function","stop","stop() {"
"_LEGACY_BUILDS\miles_desktop_v2_build003\miles_desktop_v2\src\runtime\runtimeHost.js","42","method_or_function","restart","restart() {"
"_LEGACY_BUILDS\miles_desktop_v2_build003\miles_desktop_v2\src\runtime\runtimeHost.js","48","method_or_function","healthCheck","healthCheck() {"
"_LEGACY_BUILDS\miles_desktop_v2_build003\miles_desktop_v2\src\runtime\runtimeHost.js","58","method_or_function","execute","execute(commandText) {"
"_LEGACY_BUILDS\miles_desktop_v2_build003\miles_desktop_v2\src\shared\state.js","36","function","snapshot","function snapshot() {"
"_LEGACY_BUILDS\miles_desktop_v2_starter\miles_desktop_v2\scripts\backup-runtime.js","6","method_or_function","for","for (const item of ['src', 'config', 'package.json']) {"
"_LEGACY_BUILDS\miles_desktop_v2_starter\miles_desktop_v2\scripts\smoke-test.js","13","method_or_function","for","for (const file of required) {"
"_LEGACY_BUILDS\miles_desktop_v2_starter\miles_desktop_v2\src\main\main.js","14","function","logger","function logger(message) {"
"_LEGACY_BUILDS\miles_desktop_v2_starter\miles_desktop_v2\src\main\main.js","23","function","createWindow","function createWindow() {"
"_LEGACY_BUILDS\miles_desktop_v2_starter\miles_desktop_v2\src\main\main.js","38","function","setupTray","function setupTray() {"
"_LEGACY_BUILDS\miles_desktop_v2_starter\miles_desktop_v2\src\renderer\app.js","14","function","item","function item(text) {"
"_LEGACY_BUILDS\miles_desktop_v2_starter\miles_desktop_v2\src\renderer\app.js","20","function","render","function render(state) {"
"_LEGACY_BUILDS\miles_desktop_v2_starter\miles_desktop_v2\src\renderer\app.js","50","async function","refresh","async function refresh() {"
"_LEGACY_BUILDS\miles_desktop_v2_starter\miles_desktop_v2\src\renderer\app.js","54","function","switchView","function switchView(view) {"
"_LEGACY_BUILDS\miles_desktop_v2_starter\miles_desktop_v2\src\runtime\runtimeHost.js","3","class","RuntimeHost","class RuntimeHost {"
"_LEGACY_BUILDS\miles_desktop_v2_starter\miles_desktop_v2\src\runtime\runtimeHost.js","4","method_or_function","constructor","constructor(logger, config) {"
"_LEGACY_BUILDS\miles_desktop_v2_starter\miles_desktop_v2\src\runtime\runtimeHost.js","10","method_or_function","status","status() {"
"_LEGACY_BUILDS\miles_desktop_v2_starter\miles_desktop_v2\src\runtime\runtimeHost.js","17","method_or_function","start","start() {"
"_LEGACY_BUILDS\miles_desktop_v2_starter\miles_desktop_v2\src\runtime\runtimeHost.js","33","method_or_function","stop","stop() {"
"_LEGACY_BUILDS\miles_desktop_v2_starter\miles_desktop_v2\src\runtime\runtimeHost.js","42","method_or_function","restart","restart() {"
"_LEGACY_BUILDS\miles_desktop_v2_starter\miles_desktop_v2\src\runtime\runtimeHost.js","48","method_or_function","healthCheck","healthCheck() {"
"_LEGACY_BUILDS\miles_desktop_v2_starter\miles_desktop_v2\src\runtime\runtimeHost.js","58","method_or_function","execute","execute(commandText) {"
"_LEGACY_BUILDS\miles_desktop_v2_starter\miles_desktop_v2\src\shared\state.js","36","function","snapshot","function snapshot() {"
"_LEGACY_BUILDS\MILES_FIX_ALL_PATCH\MILES_FIX_ALL.ps1","8","function","Write","function Write-Info($msg) { Write-Host ""[MILES] $msg"" -ForegroundColor Cyan }"
"_LEGACY_BUILDS\MILES_FIX_ALL_PATCH\MILES_FIX_ALL.ps1","9","function","Write","function Write-Ok($msg) { Write-Host ""[OK] $msg"" -ForegroundColor Green }"
"_LEGACY_BUILDS\MILES_FIX_ALL_PATCH\MILES_FIX_ALL.ps1","10","function","Write","function Write-Warn2($msg) { Write-Host ""[WARN] $msg"" -ForegroundColor Yellow }"
"_LEGACY_BUILDS\MILES_FIX_ALL_PATCH\MILES_FIX_ALL.ps1","22","method_or_function","foreach","foreach ($f in $keyFiles) {"
"_LEGACY_BUILDS\MILES_FIX_ALL_PATCH\MILES_FIX_ALL.ps1","23","method_or_function","if","if (Test-Path $f) { Copy-Item $f (Join-Path $backupRoot $f.Replace(""\"", ""_"")) -Force }"
"_LEGACY_BUILDS\MILES_FIX_ALL_PATCH\MILES_FIX_ALL.ps1","52","method_or_function","foreach","foreach ($line in $requiredIgnore) {"
"_LEGACY_BUILDS\MILES_FIX_ALL_PATCH\MILES_FIX_ALL.ps1","53","method_or_function","if","if ($line -eq """") { continue }"
"_LEGACY_BUILDS\MILES_FIX_ALL_PATCH\MILES_FIX_ALL.ps1","75","method_or_function","if","if (Test-Path $envPath) {"
"_LEGACY_BUILDS\MILES_FIX_ALL_PATCH\MILES_FIX_ALL.ps1","108","method_or_function","foreach","foreach ($d in $required) {"
"_LEGACY_BUILDS\MILES_FIX_ALL_PATCH\MILES_FIX_ALL.ps1","109","method_or_function","if","if (Test-Path $d) { Write-Host ""OK   folder $d"" -ForegroundColor Green }"
"_LEGACY_BUILDS\MILES_FIX_ALL_PATCH\MILES_FIX_ALL.ps1","116","method_or_function","foreach","foreach ($d in $legacy) {"
"_LEGACY_BUILDS\MILES_FIX_ALL_PATCH\MILES_FIX_ALL.ps1","117","method_or_function","if","if (Test-Path $d) { Write-Host ""WARN $d"" -ForegroundColor Yellow }"
"_LEGACY_BUILDS\MILES_FIX_ALL_PATCH\MILES_FIX_ALL.ps1","123","method_or_function","foreach","foreach ($f in $runtime) {"
"_LEGACY_BUILDS\MILES_FIX_ALL_PATCH\MILES_FIX_ALL.ps1","124","method_or_function","if","if (Test-Path $f) { Write-Host ""OK   $f"" -ForegroundColor Green }"
"_LEGACY_BUILDS\MILES_FIX_ALL_PATCH\MILES_FIX_ALL.ps1","130","method_or_function","if","if (Test-Path "".env"") { Write-Host ""WARN .env exists locally. Must not be committed."" -ForegroundColor Yellow }"
"_LEGACY_BUILDS\MILES_FIX_ALL_PATCH\MILES_FIX_ALL.ps1","131","method_or_function","if","if (Test-Path ""CONFIG\Credentials"") { Write-Host ""WARN CONFIG\Credentials exists locally. Must not be committed."" -ForegroundColor Yellow }"
"_LEGACY_BUILDS\MILES_FIX_ALL_PATCH\MILES_FIX_ALL.ps1","138","method_or_function","if","if ($bad) { $bad | ForEach-Object { Write-Host ""TRACKED_SECRET $_"" -ForegroundColor Red } }"
"_LEGACY_BUILDS\MILES_FIX_ALL_PATCH\MILES_FIX_ALL.ps1","157","function","Run","function Run-Step($Name, $ScriptBlock) {"
"_LEGACY_BUILDS\MILES_FIX_ALL_PATCH\MILES_FIX_ALL.ps1","183","method_or_function","foreach","foreach ($p in $patterns) {"
"_LEGACY_BUILDS\MILES_FIX_ALL_PATCH\MILES_FIX_ALL.ps1","199","method_or_function","foreach","foreach ($d in $legacyCandidates) { if (Test-Path $d) { $archivePlan += $d } }"
"_LEGACY_BUILDS\MILES_FIX_ALL_PATCH\MILES_FIX_ALL.ps1","203","method_or_function","if","if ($ApplyArchive) {"
"_LEGACY_BUILDS\MILES_FIX_ALL_PATCH\MILES_FIX_ALL.ps1","205","method_or_function","foreach","foreach ($d in $legacyCandidates) {"
"_LEGACY_BUILDS\MILES_FIX_ALL_PATCH\MILES_FIX_ALL.ps1","206","method_or_function","if","if (Test-Path $d) { Move-Item $d $archiveDir -Force; Write-Ok ""Archived $d"" }"
"_LEGACY_BUILDS\MILES_OS_patch_007\MILES_OS_patch_007\miles_desktop\api\app.py","23","class","WorkItemCreate","class WorkItemCreate(BaseModel):"
"_LEGACY_BUILDS\MILES_OS_patch_007\MILES_OS_patch_007\miles_desktop\api\app.py","35","class","SegmentScanRequest","class SegmentScanRequest(BaseModel):"
"_LEGACY_BUILDS\MILES_OS_patch_007\MILES_OS_patch_007\miles_desktop\core\authority.py","6","class","AuthorityMatrix","class AuthorityMatrix:"
"_LEGACY_BUILDS\MILES_OS_patch_007\MILES_OS_patch_007\miles_desktop\core\router.py","6","class","TwinRouter","class TwinRouter:"
"_LEGACY_BUILDS\MILES_OS_patch_007\MILES_OS_patch_007\miles_desktop\core\work_queue.py","11","class","WorkQueue","class WorkQueue:"
"_LEGACY_BUILDS\MILES_OS_patch_007\MILES_OS_patch_007\miles_desktop\models\entities.py","14","class","ApprovalLevel","class ApprovalLevel(str, Enum):"
"_LEGACY_BUILDS\MILES_OS_patch_007\MILES_OS_patch_007\miles_desktop\models\entities.py","21","class","WorkStatus","class WorkStatus(str, Enum):"
"_LEGACY_BUILDS\MILES_OS_patch_007\MILES_OS_patch_007\miles_desktop\models\entities.py","31","class","Department","class Department(str, Enum):"
"_LEGACY_BUILDS\MILES_OS_patch_007\MILES_OS_patch_007\miles_desktop\models\entities.py","44","class","WorkItem","class WorkItem:"
"_LEGACY_BUILDS\MILES_OS_patch_007\MILES_OS_patch_007\miles_desktop\models\entities.py","85","class","SystemRecord","class SystemRecord:"
"_LEGACY_BUILDS\MILES_OS_patch_007\MILES_OS_patch_007\miles_desktop\models\entities.py","112","class","SegmentRecord","class SegmentRecord:"
"_LEGACY_BUILDS\MILES_OS_patch_007\MILES_OS_patch_007\miles_desktop\services\segment_inventory.py","11","class","SegmentInventoryService","class SegmentInventoryService:"
"_LEGACY_BUILDS\MILES_OS_patch_007\MILES_OS_patch_007\miles_desktop\storage\json_store.py","9","class","JsonStore","class JsonStore:"
"_LEGACY_BUILDS\MILES_Platform_v0.3.0_Local_Operator\CORE\local_operator_policy.py","33","class","PolicyDecision","class PolicyDecision:"
"_LEGACY_BUILDS\MILES_Platform_v0.3.0_Local_Operator\CORE\local_operator_schema.py","23","class","OperatorTask","class OperatorTask:"
"_LEGACY_BUILDS\MILES_Platform_v0.3.0_Local_Operator\scripts\install_miles_operator.ps1","19","method_or_function","foreach","foreach ($d in $dirs) { New-Item -ItemType Directory -Force -Path $d | Out-Null }"
"_LEGACY_BUILDS\MILES_REPOSITORY_REGISTRY_FULL_SCRIPTS\INSTALL_REPOSITORY_REGISTRY.ps1","37","method_or_function","foreach","foreach ($File in $Files) {"
"_LEGACY_BUILDS\MILES_REPOSITORY_REGISTRY_FULL_SCRIPTS\INSTALL_REPOSITORY_REGISTRY.ps1","43","method_or_function","if","if (Test-Path $File.Target) {"
"_LEGACY_BUILDS\MILES_REPOSITORY_REGISTRY_FULL_SCRIPTS\INSTALL_REPOSITORY_REGISTRY.ps1","60","method_or_function","if","if ($LASTEXITCODE -ne 0) {"
"_LEGACY_BUILDS\MILES_REPOSITORY_REGISTRY_FULL_SCRIPTS\BUILDER\BuilderService.js","26","class","BuilderService","class BuilderService {"
"_LEGACY_BUILDS\MILES_REPOSITORY_REGISTRY_FULL_SCRIPTS\BUILDER\BuilderService.js","28","method_or_function","scanProject","scanProject() {"
"_LEGACY_BUILDS\MILES_REPOSITORY_REGISTRY_FULL_SCRIPTS\BUILDER\BuilderService.js","32","method_or_function","status","status() {"
"_LEGACY_BUILDS\MILES_REPOSITORY_REGISTRY_FULL_SCRIPTS\BUILDER\BuilderService.js","40","method_or_function","smokeTest","smokeTest() {"
"_LEGACY_BUILDS\MILES_REPOSITORY_REGISTRY_FULL_SCRIPTS\BUILDER\BuilderService.js","44","method_or_function","execute","async execute(task = {}) {"
"_LEGACY_BUILDS\MILES_REPOSITORY_REGISTRY_FULL_SCRIPTS\BUILDER\BuilderService.js","99","method_or_function","if","if (!commands[action]) {"
"_LEGACY_BUILDS\MILES_REPOSITORY_REGISTRY_FULL_SCRIPTS\SERVICES\RepositoryRegistryService.js","70","function","ensureDir","function ensureDir(dir) {"
"_LEGACY_BUILDS\MILES_REPOSITORY_REGISTRY_FULL_SCRIPTS\SERVICES\RepositoryRegistryService.js","74","function","safeRead","function safeRead(file) {"
"_LEGACY_BUILDS\MILES_REPOSITORY_REGISTRY_FULL_SCRIPTS\SERVICES\RepositoryRegistryService.js","82","function","sha","function sha(value) {"
"_LEGACY_BUILDS\MILES_REPOSITORY_REGISTRY_FULL_SCRIPTS\SERVICES\RepositoryRegistryService.js","86","function","rel","function rel(file) {"
"_LEGACY_BUILDS\MILES_REPOSITORY_REGISTRY_FULL_SCRIPTS\SERVICES\RepositoryRegistryService.js","90","function","writeJson","function writeJson(fileName, data) {"
"_LEGACY_BUILDS\MILES_REPOSITORY_REGISTRY_FULL_SCRIPTS\SERVICES\RepositoryRegistryService.js","99","function","walk","function walk(dir, files = []) {"
"_LEGACY_BUILDS\MILES_REPOSITORY_REGISTRY_FULL_SCRIPTS\SERVICES\RepositoryRegistryService.js","108","method_or_function","for","for (const entry of entries) {"
"_LEGACY_BUILDS\MILES_REPOSITORY_REGISTRY_FULL_SCRIPTS\SERVICES\RepositoryRegistryService.js","124","function","classifyFileType","function classifyFileType(file) {"
"_LEGACY_BUILDS\MILES_REPOSITORY_REGISTRY_FULL_SCRIPTS\SERVICES\RepositoryRegistryService.js","140","function","classifyComponent","function classifyComponent(relativePath, text) {"
"_LEGACY_BUILDS\MILES_REPOSITORY_REGISTRY_FULL_SCRIPTS\SERVICES\RepositoryRegistryService.js","165","function","extractDependencies","function extractDependencies(text) {"
"_LEGACY_BUILDS\MILES_REPOSITORY_REGISTRY_FULL_SCRIPTS\SERVICES\RepositoryRegistryService.js","175","method_or_function","for","for (const pattern of patterns) {"
"_LEGACY_BUILDS\MILES_REPOSITORY_REGISTRY_FULL_SCRIPTS\SERVICES\RepositoryRegistryService.js","184","function","extractEvents","function extractEvents(text) {"
"_LEGACY_BUILDS\MILES_REPOSITORY_REGISTRY_FULL_SCRIPTS\SERVICES\RepositoryRegistryService.js","201","method_or_function","for","for (const pattern of publishPatterns) {"
"_LEGACY_BUILDS\MILES_REPOSITORY_REGISTRY_FULL_SCRIPTS\SERVICES\RepositoryRegistryService.js","205","method_or_function","for","for (const pattern of subscribePatterns) {"
"_LEGACY_BUILDS\MILES_REPOSITORY_REGISTRY_FULL_SCRIPTS\SERVICES\RepositoryRegistryService.js","215","function","detectCapabilities","function detectCapabilities(relativePath, text, componentTypes) {"
"_LEGACY_BUILDS\MILES_REPOSITORY_REGISTRY_FULL_SCRIPTS\SERVICES\RepositoryRegistryService.js","235","method_or_function","for","for (const [capability, terms] of rules) {"
"_LEGACY_BUILDS\MILES_REPOSITORY_REGISTRY_FULL_SCRIPTS\SERVICES\RepositoryRegistryService.js","250","function","nameKey","function nameKey(relativePath) {"
"_LEGACY_BUILDS\MILES_REPOSITORY_REGISTRY_FULL_SCRIPTS\SERVICES\RepositoryRegistryService.js","258","class","RepositoryRegistryService","class RepositoryRegistryService {"
"_LEGACY_BUILDS\MILES_REPOSITORY_REGISTRY_FULL_SCRIPTS\SERVICES\RepositoryRegistryService.js","259","method_or_function","run","run() {"
"_LEGACY_BUILDS\MILES_REPOSITORY_REGISTRY_FULL_SCRIPTS\SERVICES\RepositoryRegistryService.js","294","method_or_function","buildRegistry","buildRegistry() {"
"_LEGACY_BUILDS\MILES_REPOSITORY_REGISTRY_FULL_SCRIPTS\SERVICES\RepositoryRegistryService.js","300","method_or_function","for","for (const file of files) {"
"_LEGACY_BUILDS\MILES_REPOSITORY_REGISTRY_FULL_SCRIPTS\SERVICES\RepositoryRegistryService.js","356","method_or_function","inferOwner","inferOwner(relativePath, componentTypes) {"
"_LEGACY_BUILDS\MILES_REPOSITORY_REGISTRY_FULL_SCRIPTS\SERVICES\RepositoryRegistryService.js","376","method_or_function","buildEventRegistry","buildEventRegistry(components) {"
"_LEGACY_BUILDS\MILES_REPOSITORY_REGISTRY_FULL_SCRIPTS\SERVICES\RepositoryRegistryService.js","380","method_or_function","for","for (const component of components) {"
"_LEGACY_BUILDS\MILES_REPOSITORY_REGISTRY_FULL_SCRIPTS\SERVICES\RepositoryRegistryService.js","381","method_or_function","for","for (const eventName of component.events.published) {"
"_LEGACY_BUILDS\MILES_REPOSITORY_REGISTRY_FULL_SCRIPTS\SERVICES\RepositoryRegistryService.js","389","method_or_function","for","for (const eventName of component.events.subscribed) {"
"_LEGACY_BUILDS\MILES_REPOSITORY_REGISTRY_FULL_SCRIPTS\SERVICES\RepositoryRegistryService.js","410","method_or_function","findDuplicates","findDuplicates(components) {"
"_LEGACY_BUILDS\MILES_REPOSITORY_REGISTRY_FULL_SCRIPTS\SERVICES\RepositoryRegistryService.js","413","method_or_function","for","for (let i = 0; i < components.length; i++) {"
"_LEGACY_BUILDS\MILES_REPOSITORY_REGISTRY_FULL_SCRIPTS\SERVICES\RepositoryRegistryService.js","414","method_or_function","for","for (let j = i + 1; j < components.length; j++) {"
"_LEGACY_BUILDS\MILES_REPOSITORY_REGISTRY_FULL_SCRIPTS\SERVICES\RepositoryRegistryService.js","439","method_or_function","findOrphans","findOrphans(components) {"
"_LEGACY_BUILDS\MILES_REPOSITORY_REGISTRY_FULL_SCRIPTS\SERVICES\RepositoryRegistryService.js","453","method_or_function","buildStatistics","buildStatistics(registry) {"
"_LEGACY_BUILDS\MILES_REPOSITORY_REGISTRY_FULL_SCRIPTS\SERVICES\RepositoryRegistryService.js","470","method_or_function","buildHealth","buildHealth(registry) {"
"_LEGACY_BUILDS\MILES_REPOSITORY_REGISTRY_FULL_SCRIPTS\SERVICES\RepositoryRegistryService.js","502","method_or_function","save","save(registry) {"
"_LEGACY_BUILDS\MILES_REPOSITORY_REGISTRY_FULL_SCRIPTS\SERVICES\RepositoryRegistryService.js","554","method_or_function","renderMarkdownReport","renderMarkdownReport(registry) {"
"_LEGACY_BUILDS\miles_sprint_alpha_patch\miles_sprint_alpha_patch\APPLY_SPRINT_ALPHA.ps1","12","method_or_function","foreach","foreach ($item in $itemsToBackup) {"
"_LEGACY_BUILDS\miles_sprint_alpha_patch\miles_sprint_alpha_patch\APPLY_SPRINT_ALPHA.ps1","21","method_or_function","foreach","foreach ($d in $dirs) { New-Item -ItemType Directory -Force -Path (Join-Path $Root $d) | Out-Null }"
"_LEGACY_BUILDS\miles_sprint_alpha_patch\miles_sprint_alpha_patch\APPLY_SPRINT_ALPHA.ps1","54","function","now","function now(){ return new Date().toISOString(); }"
"_LEGACY_BUILDS\miles_sprint_alpha_patch\miles_sprint_alpha_patch\APPLY_SPRINT_ALPHA.ps1","55","function","log","function log(message, data){"
"_LEGACY_BUILDS\miles_sprint_alpha_patch\miles_sprint_alpha_patch\APPLY_SPRINT_ALPHA.ps1","61","class","MilesRuntime","class MilesRuntime {"
"_LEGACY_BUILDS\miles_sprint_alpha_patch\miles_sprint_alpha_patch\APPLY_SPRINT_ALPHA.ps1","62","method_or_function","constructor","constructor(){"
"_LEGACY_BUILDS\miles_sprint_alpha_patch\miles_sprint_alpha_patch\APPLY_SPRINT_ALPHA.ps1","76","method_or_function","start","start(){"
"_LEGACY_BUILDS\miles_sprint_alpha_patch\miles_sprint_alpha_patch\APPLY_SPRINT_ALPHA.ps1","88","method_or_function","stop","stop(){"
"_LEGACY_BUILDS\miles_sprint_alpha_patch\miles_sprint_alpha_patch\APPLY_SPRINT_ALPHA.ps1","96","method_or_function","discoverConnectors","discoverConnectors(){"
"_LEGACY_BUILDS\miles_sprint_alpha_patch\miles_sprint_alpha_patch\APPLY_SPRINT_ALPHA.ps1","99","method_or_function","for","for (const name of names){"
"_LEGACY_BUILDS\miles_sprint_alpha_patch\miles_sprint_alpha_patch\APPLY_SPRINT_ALPHA.ps1","104","method_or_function","loadTaskCounts","loadTaskCounts(){"
"_LEGACY_BUILDS\miles_sprint_alpha_patch\miles_sprint_alpha_patch\APPLY_SPRINT_ALPHA.ps1","111","method_or_function","for","for (const file of candidates){"
"_LEGACY_BUILDS\miles_sprint_alpha_patch\miles_sprint_alpha_patch\APPLY_SPRINT_ALPHA.ps1","121","method_or_function","addNotification","addNotification(message, level='info'){"
"_LEGACY_BUILDS\miles_sprint_alpha_patch\miles_sprint_alpha_patch\APPLY_SPRINT_ALPHA.ps1","126","method_or_function","command","command(text){"
"_LEGACY_BUILDS\miles_sprint_alpha_patch\miles_sprint_alpha_patch\APPLY_SPRINT_ALPHA.ps1","142","method_or_function","executiveBrief","executiveBrief(){"
"_LEGACY_BUILDS\miles_sprint_alpha_patch\miles_sprint_alpha_patch\APPLY_SPRINT_ALPHA.ps1","149","method_or_function","status","status(){"
"_LEGACY_BUILDS\miles_sprint_alpha_patch\miles_sprint_alpha_patch\APPLY_SPRINT_ALPHA.ps1","162","method_or_function","if","if (require.main === module) {"
"_LEGACY_BUILDS\miles_sprint_alpha_patch\miles_sprint_alpha_patch\APPLY_SPRINT_ALPHA.ps1","237","async function","refresh","async function refresh(){"
"_LEGACY_BUILDS\miles_sprint_alpha_patch\miles_sprint_alpha_patch\APPLY_SPRINT_ALPHA.ps1","247","async function","sendCmd","async function sendCmd(){"
"_LEGACY_BUILDS\MILES_Sprint_Zero_Discovery_Package\MILES_Sprint_Zero_Discovery_Package\sprint-zero-discovery.js","25","function","ensureOut","function ensureOut() {"
"_LEGACY_BUILDS\MILES_Sprint_Zero_Discovery_Package\MILES_Sprint_Zero_Discovery_Package\sprint-zero-discovery.js","29","function","walk","function walk(dir, acc = []) {"
"_LEGACY_BUILDS\MILES_Sprint_Zero_Discovery_Package\MILES_Sprint_Zero_Discovery_Package\sprint-zero-discovery.js","32","method_or_function","for","for (const e of entries) {"
"_LEGACY_BUILDS\MILES_Sprint_Zero_Discovery_Package\MILES_Sprint_Zero_Discovery_Package\sprint-zero-discovery.js","44","function","safeRead","function safeRead(file) {"
"_LEGACY_BUILDS\MILES_Sprint_Zero_Discovery_Package\MILES_Sprint_Zero_Discovery_Package\sprint-zero-discovery.js","48","function","rel","function rel(file) { return path.relative(ROOT, file).replaceAll(""\\"", ""/""); }"
"_LEGACY_BUILDS\MILES_Sprint_Zero_Discovery_Package\MILES_Sprint_Zero_Discovery_Package\sprint-zero-discovery.js","50","function","classify","function classify(file, text) {"
"_LEGACY_BUILDS\MILES_Sprint_Zero_Discovery_Package\MILES_Sprint_Zero_Discovery_Package\sprint-zero-discovery.js","71","function","extractDeps","function extractDeps(file, text) {"
"_LEGACY_BUILDS\MILES_Sprint_Zero_Discovery_Package\MILES_Sprint_Zero_Discovery_Package\sprint-zero-discovery.js","78","method_or_function","for","for (const p of patterns) {"
"_LEGACY_BUILDS\MILES_Sprint_Zero_Discovery_Package\MILES_Sprint_Zero_Discovery_Package\sprint-zero-discovery.js","85","function","extractEvents","function extractEvents(text) {"
"_LEGACY_BUILDS\MILES_Sprint_Zero_Discovery_Package\MILES_Sprint_Zero_Discovery_Package\sprint-zero-discovery.js","102","method_or_function","for","for (const p of publishPatterns) {"
"_LEGACY_BUILDS\MILES_Sprint_Zero_Discovery_Package\MILES_Sprint_Zero_Discovery_Package\sprint-zero-discovery.js","105","method_or_function","for","for (const p of subPatterns) {"
"_LEGACY_BUILDS\MILES_Sprint_Zero_Discovery_Package\MILES_Sprint_Zero_Discovery_Package\sprint-zero-discovery.js","112","function","guessName","function guessName(file, text) {"
"_LEGACY_BUILDS\MILES_Sprint_Zero_Discovery_Package\MILES_Sprint_Zero_Discovery_Package\sprint-zero-discovery.js","118","function","registry","function registry(items, type) {"
"_LEGACY_BUILDS\MILES_Sprint_Zero_Discovery_Package\MILES_Sprint_Zero_Discovery_Package\sprint-zero-discovery.js","133","function","duplicateReport","function duplicateReport(items) {"
"_LEGACY_BUILDS\MILES_Sprint_Zero_Discovery_Package\MILES_Sprint_Zero_Discovery_Package\sprint-zero-discovery.js","135","method_or_function","for","for (const item of items) {"
"_LEGACY_BUILDS\MILES_Sprint_Zero_Discovery_Package\MILES_Sprint_Zero_Discovery_Package\sprint-zero-discovery.js","146","method_or_function","if","if (group.length > 1) {"
"_LEGACY_BUILDS\MILES_Sprint_Zero_Discovery_Package\MILES_Sprint_Zero_Discovery_Package\sprint-zero-discovery.js","163","function","orphanReport","function orphanReport(items) {"
"_LEGACY_BUILDS\MILES_Sprint_Zero_Discovery_Package\MILES_Sprint_Zero_Discovery_Package\sprint-zero-discovery.js","166","method_or_function","for","for (const i of items) {"
"_LEGACY_BUILDS\MILES_Sprint_Zero_Discovery_Package\MILES_Sprint_Zero_Discovery_Package\sprint-zero-discovery.js","167","method_or_function","for","for (const d of i.dependencies) {"
"_LEGACY_BUILDS\MILES_Sprint_Zero_Discovery_Package\MILES_Sprint_Zero_Discovery_Package\sprint-zero-discovery.js","190","function","buildRecommendations","function buildRecommendations(system, dupes, orphans) {"
"_LEGACY_BUILDS\MILES_Sprint_Zero_Discovery_Package\MILES_Sprint_Zero_Discovery_Package\sprint-zero-discovery.js","242","function","write","function write(name, data) {"
"_LEGACY_BUILDS\MILES_Sprint_Zero_Discovery_Package\MILES_Sprint_Zero_Discovery_Package\sprint-zero-discovery.js","246","function","main","function main() {"
"_LEGACY_BUILDS\MILES_Sprint_Zero_Discovery_Package\MILES_Sprint_Zero_Discovery_Package\sprint-zero-discovery.js","265","method_or_function","for","for (const item of items) {"
"_LEGACY_BUILDS\OPERATOR\MILES_OPERATOR.ps1","26","method_or_function","foreach","foreach ($Item in $Work) {"
"_LEGACY_BUILDS\OPERATOR\MILES_OPERATOR.ps1","32","method_or_function","if","if ($Item.WorkItem -match ""Website|Hero|Navigation|CTA|Landing"") {"
"_LEGACY_BUILDS\OPERATOR\MILES_OPERATOR.ps1","36","method_or_function","elseif","elseif ($Item.System -match ""Instantly|Segmentation|CRM"") {"
"_LEGACY_BUILDS\OPERATOR\MILES_OPERATOR.ps1","40","method_or_function","elseif","elseif ($Item.System -match ""ORION"") {"
"_LEGACY_BUILDS\OPERATOR\MILES_OPERATOR.ps1","44","method_or_function","elseif","elseif ($Item.System -match ""Dreamers"") {"
"_LEGACY_BUILDS\OPERATOR\MILES_OPERATOR.ps1","49","method_or_function","if","if ($Item.WorkItem -match ""pathways2gc.com.*outbound|outbound.*pathways2gc.com"") {"
"_LEGACY_BUILDS\OPERATOR\repository_inventory.ps1","32","function","Write","function Write-Status {"
"_LEGACY_BUILDS\OPERATOR\repository_inventory.ps1","37","function","Ensure","function Ensure-Directory {"
"_LEGACY_BUILDS\OPERATOR\repository_inventory.ps1","44","function","Safe","function Safe-TestPath {"
"_LEGACY_BUILDS\OPERATOR\repository_inventory.ps1","54","function","Get","function Get-SafeChildItems {"
"_LEGACY_BUILDS\OPERATOR\repository_inventory.ps1","63","method_or_function","if","if ($FilesOnly) {"
"_LEGACY_BUILDS\OPERATOR\repository_inventory.ps1","67","method_or_function","if","if ($DirectoriesOnly) {"
"_LEGACY_BUILDS\OPERATOR\repository_inventory.ps1","78","function","Get","function Get-FolderSizeMB {"
"_LEGACY_BUILDS\OPERATOR\repository_inventory.ps1","85","method_or_function","if","if ($null -eq $sum.Sum) {"
"_LEGACY_BUILDS\OPERATOR\repository_inventory.ps1","96","function","Get","function Get-FolderFileCount {"
"_LEGACY_BUILDS\OPERATOR\repository_inventory.ps1","107","function","Get","function Get-ProjectFlags {"
"_LEGACY_BUILDS\OPERATOR\repository_inventory.ps1","129","function","Normalize","function Normalize-DuplicateKey {"
"_LEGACY_BUILDS\OPERATOR\repository_inventory.ps1","146","function","Classify","function Classify-Folder {"
"_LEGACY_BUILDS\OPERATOR\repository_inventory.ps1","155","method_or_function","if","if ($lower -eq ""miles_os"") {"
"_LEGACY_BUILDS\OPERATOR\repository_inventory.ps1","159","method_or_function","if","if ($lower -eq ""orion"" -or $lower -like ""orion*"") {"
"_LEGACY_BUILDS\OPERATOR\repository_inventory.ps1","167","method_or_function","if","if ($lower -like ""build_*"" -or $lower -like ""exec_*"" -or $lower -like ""int_*"") {"
"_LEGACY_BUILDS\OPERATOR\repository_inventory.ps1","171","method_or_function","if","if ($lower -like ""*patch*"" -or $lower -like ""*backup*"" -or $lower -like ""*recovered*"" -or $lower -like ""*old*"") {"
"_LEGACY_BUILDS\OPERATOR\repository_inventory.ps1","175","method_or_function","if","if ($fullLower -match ""repository_integrated|repository_intelligence|credential_vault|production_integration|consolidation_kit"") {"
"_LEGACY_BUILDS\OPERATOR\repository_inventory.ps1","179","method_or_function","if","if ($lower -eq ""node_modules"") {"
"_LEGACY_BUILDS\OPERATOR\repository_inventory.ps1","183","method_or_function","if","if ($lower -eq "".venv"" -or $lower -eq ""venv"" -or $lower -eq ""__pycache__"") {"
"_LEGACY_BUILDS\OPERATOR\repository_inventory.ps1","190","function","Classify","function Classify-File {"
"_LEGACY_BUILDS\OPERATOR\repository_inventory.ps1","196","method_or_function","if","if ($ext -eq "".db"" -or $ext -eq "".sqlite"" -or $ext -eq "".sqlite3"" -or $ext -eq "".accdb"" -or $ext -eq "".mdb"") {"
"_LEGACY_BUILDS\OPERATOR\repository_inventory.ps1","200","method_or_function","if","if ($ext -eq "".xlsx"" -or $ext -eq "".xls"" -or $ext -eq "".csv"") {"
"_LEGACY_BUILDS\OPERATOR\repository_inventory.ps1","204","method_or_function","if","if ($ext -eq "".zip"" -or $ext -eq "".7z"" -or $ext -eq "".rar"") {"
"_LEGACY_BUILDS\OPERATOR\repository_inventory.ps1","208","method_or_function","if","if ($name -match ""credential|secret|token|api|key|password|oauth"") {"
"_LEGACY_BUILDS\OPERATOR\repository_inventory.ps1","212","method_or_function","if","if ($ext -eq "".ps1"" -or $ext -eq "".js"" -or $ext -eq "".ts"" -or $ext -eq "".py"") {"
"_LEGACY_BUILDS\OPERATOR\repository_inventory.ps1","219","function","Get","function Get-FileHashSafe {"
"_LEGACY_BUILDS\OPERATOR\repository_inventory.ps1","227","method_or_function","if","if ($null -eq $file) {"
"_LEGACY_BUILDS\OPERATOR\repository_inventory.ps1","242","function","Write","function Write-CsvSafe {"
"_LEGACY_BUILDS\OPERATOR\repository_inventory.ps1","248","method_or_function","if","if ($null -eq $Rows) {"
"_LEGACY_BUILDS\OPERATOR\repository_inventory.ps1","283","method_or_function","foreach","foreach ($folder in $topFolders) {"
"_LEGACY_BUILDS\OPERATOR\repository_inventory.ps1","311","method_or_function","if","if ($flags.HasPackageJson -or $flags.HasPythonProject -or $flags.HasGit -or $flags.PowerShellScriptCount -gt 0) {"
"_LEGACY_BUILDS\OPERATOR\repository_inventory.ps1","318","method_or_function","if","if ($flags.HasPackageJson) { ""Node"" }"
"_LEGACY_BUILDS\OPERATOR\repository_inventory.ps1","319","method_or_function","if","if ($flags.HasPythonProject) { ""Python"" }"
"_LEGACY_BUILDS\OPERATOR\repository_inventory.ps1","320","method_or_function","if","if ($flags.HasGit) { ""Git"" }"
"_LEGACY_BUILDS\OPERATOR\repository_inventory.ps1","321","method_or_function","if","if ($flags.PowerShellScriptCount -gt 0) { ""PowerShell"" }"
"_LEGACY_BUILDS\OPERATOR\repository_inventory.ps1","338","method_or_function","foreach","foreach ($file in $allFiles) {"
"_LEGACY_BUILDS\OPERATOR\repository_inventory.ps1","342","method_or_function","if","if ($HashFiles) {"
"_LEGACY_BUILDS\OPERATOR\repository_inventory.ps1","371","method_or_function","foreach","foreach ($item in $_.Group) {"
"_LEGACY_BUILDS\OPERATOR\repository_inventory.ps1","387","method_or_function","if","if ($HashFiles) {"
"_LEGACY_BUILDS\OPERATOR\repository_inventory.ps1","395","method_or_function","foreach","foreach ($item in $_.Group) {"
"_LEGACY_BUILDS\OPERATOR\repository_inventory.ps1","465","method_or_function","if","if ($null -eq $totalSize) { $totalSize = 0 }"
"_LEGACY_BUILDS\OPERATOR\repository_inventory.ps1","466","method_or_function","if","if ($null -eq $archiveSize) { $archiveSize = 0 }"
"_LEGACY_BUILDS\OPERATOR\repository_inventory.ps1","505","method_or_function","if","if ($HashFiles) {"
"_LEGACY_BUILDS\ROADMAP\SERVICES\operation_kernel\OperationExecutionKernel.js","17","function","now","function now() {"
"_LEGACY_BUILDS\ROADMAP\SERVICES\operation_kernel\OperationExecutionKernel.js","21","function","ensureDir","function ensureDir(dir) {"
"_LEGACY_BUILDS\ROADMAP\SERVICES\operation_kernel\OperationExecutionKernel.js","25","function","readJson","function readJson(file, fallback = {}) {"
"_LEGACY_BUILDS\ROADMAP\SERVICES\operation_kernel\OperationExecutionKernel.js","42","function","writeJson","function writeJson(file, data) {"
"_LEGACY_BUILDS\ROADMAP\SERVICES\operation_kernel\OperationExecutionKernel.js","47","function","appendJsonl","function appendJsonl(file, data) {"
"_LEGACY_BUILDS\ROADMAP\SERVICES\operation_kernel\OperationExecutionKernel.js","52","class","OperationExecutionKernel","class OperationExecutionKernel {"
"_LEGACY_BUILDS\ROADMAP\SERVICES\operation_kernel\OperationExecutionKernel.js","54","method_or_function","constructor","constructor() {"
"_LEGACY_BUILDS\ROADMAP\SERVICES\operation_kernel\OperationExecutionKernel.js","67","method_or_function","run","run() {"
"_LEGACY_BUILDS\ROADMAP\SERVICES\operation_kernel\OperationExecutionKernel.js","147","method_or_function","loadInputs","loadInputs() {"
"_LEGACY_BUILDS\ROADMAP\SERVICES\operation_kernel\OperationExecutionKernel.js","235","method_or_function","buildDecisionQueue","buildDecisionQueue(inputs) {"
"_LEGACY_BUILDS\ROADMAP\SERVICES\operation_kernel\OperationExecutionKernel.js","299","method_or_function","buildExecutionPlan","buildExecutionPlan(queue) {"
"_LEGACY_BUILDS\scripts\run_build_043.js","18","async function","main","async function main() {"
"_LEGACY_BUILDS\scripts\run_build_044.js","18","async function","main","async function main() {"
"_LEGACY_BUILDS\VERIFY\VERIFY_COO_LOOP.js","29","function","exists","function exists(relativePath) {"
"_LEGACY_BUILDS\VERIFY\VERIFY_COO_LOOP.js","33","async function","run","async function run(input = {}) {"
"_LEGACY_BUILDS\VERIFY\VERIFY_COO_LOOP.js","38","method_or_function","if","if (!missing.length && input.skipRuntime !== true) {"
"_LEGACY_BUILDS\VERIFY\VERIFY_COO_LOOP.js","63","method_or_function","if","if (require.main === module) {"
"_LEGACY_BUILDS\MERGED_REFERENCES\miles_instantly_connector\miles_instantly_connector\miles_os\services\instantly\client.py","8","class","InstantlyAPIError","class InstantlyAPIError(RuntimeError):"
"_LEGACY_BUILDS\MERGED_REFERENCES\miles_instantly_connector\miles_instantly_connector\miles_os\services\instantly\client.py","12","class","InstantlyClient","class InstantlyClient:"
"_LEGACY_BUILDS\MERGED_REFERENCES\miles_instantly_connector\miles_instantly_connector\miles_os\services\instantly\config.py","7","class","InstantlyConfig","class InstantlyConfig:"
"_LEGACY_BUILDS\MERGED_REFERENCES\miles_instantly_connector\miles_instantly_connector\miles_os\services\instantly\service.py","10","class","HealthResult","class HealthResult:"
"_LEGACY_BUILDS\MERGED_REFERENCES\miles_instantly_connector\miles_instantly_connector\miles_os\services\instantly\service.py","17","class","InstantlyService","class InstantlyService:"
"_LEGACY_BUILDS\MERGED_REFERENCES\miles_instantly_connector\miles_instantly_connector\tests\test_instantly_service.py","4","class","FakeClient","class FakeClient:"
"MIGRATIONS\migrate_upload_queue_to_canonical.js","9","function","tableExists","function tableExists(name) {"
"MIGRATIONS\migrate_upload_queue_to_canonical.js","15","function","columns","function columns(table) {"
"MIGRATIONS\migrate_upload_queue_to_canonical.js","19","function","renameIfExists","function renameIfExists(oldName, newName) {"
"MIGRATIONS\migrate_upload_queue_to_canonical.js","64","method_or_function","if","if (existing === 0) {"
"MIGRATIONS\migrate_upload_queue_to_canonical.js","112","method_or_function","if","if (existing === 0) {"
"GOVERNANCE\ApprovalQueueEngine.js","5","class","ApprovalQueueEngine","class ApprovalQueueEngine {"
"GOVERNANCE\ApprovalQueueEngine.js","6","method_or_function","constructor","constructor() {"
"GOVERNANCE\ApprovalQueueEngine.js","12","method_or_function","now","now() {"
"GOVERNANCE\ApprovalQueueEngine.js","16","method_or_function","id","id(prefix) {"
"GOVERNANCE\ApprovalQueueEngine.js","20","method_or_function","ensureTables","ensureTables() {"
"GOVERNANCE\ApprovalQueueEngine.js","34","method_or_function","parse","parse(value, fallback = {}) {"
"GOVERNANCE\ApprovalQueueEngine.js","44","method_or_function","getApproval","getApproval(id) {"
"GOVERNANCE\ApprovalQueueEngine.js","50","method_or_function","list","list(status = ""PENDING"", department = null) {"
"GOVERNANCE\ApprovalQueueEngine.js","62","method_or_function","logAction","logAction(approvalId, action, actor, notes = """", payload = {}) {"
"GOVERNANCE\ApprovalQueueEngine.js","91","method_or_function","updateApprovalStatus","updateApprovalStatus(approvalId, status, actor, notes = """", payloadPatch = {}) {"
"GOVERNANCE\ApprovalQueueEngine.js","112","method_or_function","updateUploadQueueForApproval","updateUploadQueueForApproval(approvalId, newStatus, approvedCount = null) {"
"GOVERNANCE\ApprovalQueueEngine.js","124","method_or_function","if","if (approvedCount !== null) {"
"GOVERNANCE\ApprovalQueueEngine.js","131","method_or_function","approve","approve(approvalId, actor = ""Kevin"", notes = """") {"
"GOVERNANCE\ApprovalQueueEngine.js","164","method_or_function","reject","reject(approvalId, actor = ""Kevin"", notes = """") {"
"GOVERNANCE\ApprovalQueueEngine.js","184","method_or_function","cancel","cancel(approvalId, actor = ""System"", notes = """") {"
"GOVERNANCE\ApprovalQueueEngine.js","198","method_or_function","stats","stats() {"
"GOVERNANCE\ApprovalQueueEngine.js","209","method_or_function","pendingSummary","pendingSummary() {"
"GOVERNANCE\ApprovalQueueEngine.js","213","method_or_function","for","for (const approval of pending) {"
"GOVERNANCE\RunApprovalQueue.js","5","function","main","function main() {"
"GOVERNANCE\ApprovalCommand.js","5","function","usage","function usage() {"
"GOVERNANCE\ApprovalCommand.js","22","function","main","function main() {"
"GOVERNANCE\ApprovalCommand.js","27","method_or_function","if","if (!command) {"
"GOVERNANCE\ApprovalCommand.js","32","method_or_function","if","if (command === ""list"") {"
"GOVERNANCE\ApprovalCommand.js","44","method_or_function","if","if (command === ""stats"") {"
"GOVERNANCE\ApprovalCommand.js","49","method_or_function","if","if (command === ""approve"") {"
"GOVERNANCE\ApprovalCommand.js","62","method_or_function","if","if (command === ""reject"") {"
"GOVERNANCE\ApprovalCommand.js","75","method_or_function","if","if (command === ""approve-all"") {"
"GOVERNANCE\ApprovalCommand.js","82","method_or_function","for","for (const approval of pending) {"
"EXECUTION\MarketingExecutionEngine.js","6","class","MarketingExecutionEngine","class MarketingExecutionEngine {"
"EXECUTION\MarketingExecutionEngine.js","7","method_or_function","constructor","constructor() {"
"EXECUTION\MarketingExecutionEngine.js","12","method_or_function","run","async run() {"
"EXECUTION\MarketingExecutionEngine.js","18","method_or_function","for","for (const item of ready) {"
"EXECUTION\RunMarketingExecutionEngine.js","5","async function","main","async function main() {"
"SCHEDULER\EnterpriseScheduler.js","5","class","EnterpriseScheduler","class EnterpriseScheduler {"
"SCHEDULER\EnterpriseScheduler.js","6","method_or_function","constructor","constructor() {"
"SCHEDULER\EnterpriseScheduler.js","13","method_or_function","now","now() {"
"SCHEDULER\EnterpriseScheduler.js","17","method_or_function","ensureTables","ensureTables() {"
"SCHEDULER\EnterpriseScheduler.js","32","method_or_function","register","register(jobName, handler) {"
"SCHEDULER\EnterpriseScheduler.js","39","method_or_function","runJob","async runJob(jobName) {"
"SCHEDULER\EnterpriseScheduler.js","127","method_or_function","runAll","async runAll() {"
"SCHEDULER\EnterpriseScheduler.js","137","method_or_function","recentRuns","recentRuns(limit = 20) {"
"SCHEDULER\RunSchedulerSmokeTest.js","5","async function","main","async function main() {"
"SCHEDULER\MarketingWorkflow.js","7","function","registerMarketingWorkflow","function registerMarketingWorkflow(scheduler) {"
"SCHEDULER\RunMarketingWorkflow.js","6","async function","main","async function main() {"
"SCHEDULER\EnterpriseJobRegistry.js","5","class","EnterpriseJobRegistry","class EnterpriseJobRegistry {"
"SCHEDULER\EnterpriseJobRegistry.js","6","method_or_function","constructor","constructor() {"
"SCHEDULER\EnterpriseJobRegistry.js","12","method_or_function","now","now() {"
"SCHEDULER\EnterpriseJobRegistry.js","16","method_or_function","ensureTables","ensureTables() {"
"SCHEDULER\EnterpriseJobRegistry.js","34","method_or_function","register","register(job = {}) {"
"SCHEDULER\EnterpriseJobRegistry.js","73","method_or_function","list","list(status = null) {"
"SCHEDULER\EnterpriseJobRegistry.js","86","method_or_function","enable","enable(jobName) {"
"SCHEDULER\EnterpriseJobRegistry.js","90","method_or_function","disable","disable(jobName) {"
"SCHEDULER\EnterpriseJobRegistry.js","94","method_or_function","setStatus","setStatus(jobName, status) {"
"SCHEDULER\EnterpriseJobRegistry.js","109","method_or_function","get","get(jobName) {"
"SCHEDULER\RunJobRegistrySeed.js","5","function","main","function main() {"
"SCHEDULER\EnterpriseSchedulerLoader.js","7","class","EnterpriseSchedulerLoader","class EnterpriseSchedulerLoader {"
"SCHEDULER\EnterpriseSchedulerLoader.js","8","method_or_function","constructor","constructor() {"
"SCHEDULER\EnterpriseSchedulerLoader.js","15","method_or_function","loadHandlers","loadHandlers() {"
"SCHEDULER\EnterpriseSchedulerLoader.js","25","method_or_function","loadEnabledJobs","loadEnabledJobs() {"
"SCHEDULER\EnterpriseSchedulerLoader.js","30","method_or_function","for","for (const job of jobs) {"
"SCHEDULER\EnterpriseSchedulerLoader.js","33","method_or_function","if","if (!handler) {"
"SCHEDULER\EnterpriseSchedulerLoader.js","53","method_or_function","runEnabledJobs","async runEnabledJobs() {"
"SCHEDULER\RunDataDrivenScheduler.js","5","async function","main","async function main() {"
"MONITORING\CampaignMonitoringEngine.js","5","class","CampaignMonitoringEngine","class CampaignMonitoringEngine {"
"MONITORING\CampaignMonitoringEngine.js","6","method_or_function","constructor","constructor() {"
"MONITORING\CampaignMonitoringEngine.js","12","method_or_function","now","now() {"
"MONITORING\CampaignMonitoringEngine.js","16","method_or_function","ensureTables","ensureTables() {"
"MONITORING\CampaignMonitoringEngine.js","34","method_or_function","run","run() {"
"MONITORING\CampaignMonitoringEngine.js","40","method_or_function","for","for (const campaign of campaigns) {"
"MONITORING\RunCampaignMonitoring.js","5","function","main","function main() {"
"DASHBOARDS\MarketingExecutiveDashboard.js","5","class","MarketingExecutiveDashboard","class MarketingExecutiveDashboard {"
"DASHBOARDS\MarketingExecutiveDashboard.js","6","method_or_function","constructor","constructor() {"
"DASHBOARDS\MarketingExecutiveDashboard.js","11","method_or_function","countBy","countBy(rows, field) {"
"DASHBOARDS\MarketingExecutiveDashboard.js","13","method_or_function","for","for (const row of rows) {"
"DASHBOARDS\MarketingExecutiveDashboard.js","20","method_or_function","latestCampaignMonitoring","latestCampaignMonitoring() {"
"DASHBOARDS\MarketingExecutiveDashboard.js","38","method_or_function","build","build() {"
"DASHBOARDS\RunMarketingExecutiveDashboard.js","7","function","main","function main() {"
"EXECUTIVE\ExecutiveDecisionEngine.js","5","class","ExecutiveDecisionEngine","class ExecutiveDecisionEngine {"
"EXECUTIVE\ExecutiveDecisionEngine.js","6","method_or_function","constructor","constructor() {"
"EXECUTIVE\ExecutiveDecisionEngine.js","12","method_or_function","now","now() {"
"EXECUTIVE\ExecutiveDecisionEngine.js","16","method_or_function","ensureTables","ensureTables() {"
"EXECUTIVE\ExecutiveDecisionEngine.js","33","method_or_function","countBy","countBy(rows, field) {"
"EXECUTIVE\ExecutiveDecisionEngine.js","35","method_or_function","for","for (const row of rows) {"
"EXECUTIVE\ExecutiveDecisionEngine.js","42","method_or_function","addDecision","addDecision(decisions, item) {"
"EXECUTIVE\ExecutiveDecisionEngine.js","57","method_or_function","buildState","buildState() {"
"EXECUTIVE\ExecutiveDecisionEngine.js","91","method_or_function","evaluate","evaluate() {"
"EXECUTIVE\ExecutiveDecisionEngine.js","95","method_or_function","if","if (state.usableInboxes.length === 0 || state.totalDailyCapacity <= 0) {"
"EXECUTIVE\ExecutiveDecisionEngine.js","107","method_or_function","if","if (state.readyUploads.length > 0) {"
"EXECUTIVE\ExecutiveDecisionEngine.js","119","method_or_function","if","if (state.pendingApprovals.length > 0) {"
"EXECUTIVE\ExecutiveDecisionEngine.js","141","method_or_function","if","if (unhandledReadySegments.length > 0 && state.totalDailyCapacity > 0 && state.pendingApprovals.length === 0 && state.readyUploads.length === 0) {"
"EXECUTIVE\ExecutiveDecisionEngine.js","153","method_or_function","if","if (state.failedUploads.length > 0) {"
"EXECUTIVE\ExecutiveDecisionEngine.js","165","method_or_function","if","if (state.needsVerification.length > 0) {"
"EXECUTIVE\ExecutiveDecisionEngine.js","177","method_or_function","if","if (state.needsCleanup.length > 0) {"
"EXECUTIVE\ExecutiveDecisionEngine.js","189","method_or_function","if","if (decisions.length === 0) {"
"EXECUTIVE\ExecutiveDecisionEngine.js","201","method_or_function","for","for (const decision of decisions) {"
"EXECUTIVE\RunExecutiveDecisionEngine.js","5","function","main","function main() {"
"EXECUTIVE\ExecutiveDecisionExecutor.js","7","class","ExecutiveDecisionExecutor","class ExecutiveDecisionExecutor {"
"EXECUTIVE\ExecutiveDecisionExecutor.js","8","method_or_function","constructor","constructor() {"
"EXECUTIVE\ExecutiveDecisionExecutor.js","14","method_or_function","now","now() {"
"EXECUTIVE\ExecutiveDecisionExecutor.js","18","method_or_function","ensureTables","ensureTables() {"
"EXECUTIVE\ExecutiveDecisionExecutor.js","32","method_or_function","parse","parse(value, fallback = {}) {"
"EXECUTIVE\ExecutiveDecisionExecutor.js","42","method_or_function","getOpenAutomaticDecisions","getOpenAutomaticDecisions() {"
"EXECUTIVE\ExecutiveDecisionExecutor.js","62","method_or_function","markDecision","markDecision(decisionId, status) {"
"EXECUTIVE\ExecutiveDecisionExecutor.js","70","method_or_function","logAction","logAction(decisionId, action, status, result = {}, error = null) {"
"EXECUTIVE\ExecutiveDecisionExecutor.js","99","method_or_function","executeDecision","async executeDecision(decision) {"
"EXECUTIVE\ExecutiveDecisionExecutor.js","100","method_or_function","if","if (decision.requiresKevin === 1) {"
"EXECUTIVE\ExecutiveDecisionExecutor.js","113","method_or_function","if","if (decision.action === ""BUILD_NEXT_UPLOAD_QUEUE"") {"
"EXECUTIVE\ExecutiveDecisionExecutor.js","134","method_or_function","run","async run() {"
"EXECUTIVE\ExecutiveDecisionExecutor.js","138","method_or_function","for","for (const decision of decisions) {"
"EXECUTIVE\RunExecutiveDecisionExecutor.js","5","async function","main","async function main() {"
"INFRASTRUCTURE\EmailInfrastructureManager.js","5","class","EmailInfrastructureManager","class EmailInfrastructureManager {"
"INFRASTRUCTURE\EmailInfrastructureManager.js","6","method_or_function","constructor","constructor() {"
"INFRASTRUCTURE\EmailInfrastructureManager.js","12","method_or_function","ensureTables","ensureTables() {"
"INFRASTRUCTURE\EmailInfrastructureManager.js","29","method_or_function","now","now() {"
"INFRASTRUCTURE\EmailInfrastructureManager.js","33","method_or_function","getInventory","getInventory() {"
"INFRASTRUCTURE\EmailInfrastructureManager.js","50","method_or_function","buildGapAnalysis","buildGapAnalysis(targetInboxesPerDomain = 5) {"
"INFRASTRUCTURE\EmailInfrastructureManager.js","59","method_or_function","for","for (const domain of activeDomains) {"
"INFRASTRUCTURE\EmailInfrastructureManager.js","83","method_or_function","requestedEmailExists","requestedEmailExists(email) {"
"INFRASTRUCTURE\EmailInfrastructureManager.js","97","method_or_function","suggestMailboxNames","suggestMailboxNames(domain, count) {"
"INFRASTRUCTURE\EmailInfrastructureManager.js","105","method_or_function","for","for (const prefix of prefixes) {"
"INFRASTRUCTURE\EmailInfrastructureManager.js","112","method_or_function","while","while (suggestions.length < count) {"
"INFRASTRUCTURE\EmailInfrastructureManager.js","121","method_or_function","queueProvisioning","queueProvisioning(targetInboxesPerDomain = 5) {"
"INFRASTRUCTURE\EmailInfrastructureManager.js","125","method_or_function","for","for (const gap of analysis.gaps) {"
"INFRASTRUCTURE\EmailInfrastructureManager.js","130","method_or_function","for","for (const email of emails) {"
"INFRASTRUCTURE\RunEmailInfrastructureManager.js","5","function","main","function main() {"
"INFRASTRUCTURE\InfrastructureRegistrySync.js","5","class","InfrastructureRegistrySync","class InfrastructureRegistrySync {"
"INFRASTRUCTURE\InfrastructureRegistrySync.js","6","method_or_function","constructor","constructor() {"
"INFRASTRUCTURE\InfrastructureRegistrySync.js","12","method_or_function","now","now() {"
"INFRASTRUCTURE\InfrastructureRegistrySync.js","16","method_or_function","ensureTables","ensureTables() {"
"INFRASTRUCTURE\InfrastructureRegistrySync.js","61","method_or_function","seedMailboxPolicy","seedMailboxPolicy() {"
"INFRASTRUCTURE\InfrastructureRegistrySync.js","76","method_or_function","seedDomains","seedDomains() {"
"INFRASTRUCTURE\InfrastructureRegistrySync.js","87","method_or_function","for","for (const d of domains) {"
"INFRASTRUCTURE\InfrastructureRegistrySync.js","114","method_or_function","seedInstantlyMailboxes","seedInstantlyMailboxes() {"
"INFRASTRUCTURE\InfrastructureRegistrySync.js","128","method_or_function","for","for (const m of mailboxes) {"
"INFRASTRUCTURE\InfrastructureRegistrySync.js","154","method_or_function","updateDomainCounts","updateDomainCounts() {"
"INFRASTRUCTURE\InfrastructureRegistrySync.js","157","method_or_function","for","for (const d of domains) {"
"INFRASTRUCTURE\InfrastructureRegistrySync.js","170","method_or_function","provisioningPlan","provisioningPlan() {"
"INFRASTRUCTURE\InfrastructureRegistrySync.js","185","method_or_function","for","for (const d of domains) {"
"INFRASTRUCTURE\InfrastructureRegistrySync.js","189","method_or_function","for","for (const prefix of policy.preferredOutbound) {"
"INFRASTRUCTURE\InfrastructureRegistrySync.js","210","method_or_function","run","run() {"
"INFRASTRUCTURE\RunInfrastructureRegistrySync.js","5","function","main","function main() {"
"event-bus\emitter.js","18","function","emitEvent","function emitEvent(eventType, payload = {}) {"
