"RelativePath","SizeBytes","ModifiedUtc","Category"
"executive_dashboard.js","3114","2026-06-29T17:58:10.0000000Z","Observability"
"INSTALL_MILES_PLANNER_SUBSYSTEM.ps1","7876","2026-06-30T00:32:36.0000000Z","Planner"
"miles_connector_health.js","623","2026-06-29T01:31:10.0000000Z","Connector"
"MILES_DASHBOARD.csv","86","2026-06-29T18:46:06.0000000Z","Observability"
"miles_google_accounts_health.js","939","2026-06-29T04:48:18.0000000Z","Observability"
"MILES_RUNTIME_LOOP.ps1","1597","2026-06-20T22:16:12.0000000Z","Runtime"
"RunMarketingCOO.js","561","2026-07-08T21:00:06.0000000Z","BusinessDomain"
"RUN_INSTANTLY_BRIDGE_ACTION.ps1","139","2026-07-04T06:27:12.0000000Z","BusinessDomain"
"RUN_INSTANTLY_HEALTH.ps1","132","2026-07-04T06:27:12.0000000Z","Observability"
"RUN_INSTANTLY_LIVE.ps1","130","2026-07-04T06:27:12.0000000Z","BusinessDomain"
"RUN_SELF_LEARNING.ps1","356","2026-07-04T05:55:58.0000000Z","Intelligence"
"StartSupervisor.js","165","2026-06-30T15:56:26.0000000Z","BusinessDomain"
"TestBrowserWorker.js","648","2026-06-30T17:49:58.0000000Z","Worker"
"test_executive_brief.js","438","2026-07-01T01:09:54.0000000Z","BusinessDomain"
"test_executive_intelligence.js","353","2026-07-01T01:05:46.0000000Z","BusinessDomain"
"test_marketing_provider.js","238","2026-06-30T23:22:48.0000000Z","BusinessDomain"
"test_orion_provider.js","226","2026-07-01T01:02:16.0000000Z","BusinessDomain"
"VERIFY_SELF_LEARNING.ps1","1509","2026-07-04T05:55:58.0000000Z","Intelligence"
"RunMarketingEnterprise.js","531","2026-07-08T22:49:48.0000000Z","BusinessDomain"
"RunMarketingAssignment.js","445","2026-07-08T23:31:48.0000000Z","BusinessDomain"
"RunMarketingIntelligence.js","459","2026-07-08T23:34:14.0000000Z","BusinessDomain"
"RunMarketingCapacityPlan.js","439","2026-07-08T23:38:32.0000000Z","BusinessDomain"
"PATCH_fix_decision_engine.js","1892","2026-07-09T00:49:36.0000000Z","Governance"
"PATCH_fix_decision_engine_safe.js","1714","2026-07-09T00:51:46.0000000Z","Governance"
"InstantlyCOOWorker_dump.txt","58100","2026-07-10T03:22:38.0000000Z","Worker"
"CORE\CommandQueue.js","3989","2026-07-03T21:39:26.0000000Z","BusinessDomain"
"CORE\ConnectorManager.js","1096","2026-06-29T04:42:48.0000000Z","Connector"
"CORE\HealthDashboard.js","905","2026-06-29T04:42:48.0000000Z","Observability"
"CORE\RuntimeController.js","6023","2026-06-30T16:35:36.0000000Z","Runtime"
"CORE\Supervisor.js","5257","2026-06-30T16:23:50.0000000Z","BusinessDomain"
"CORE\TestRuntimeController.js","725","2026-06-30T16:39:30.0000000Z","Runtime"
"CORE\BROWSER\BrowserWorker.js","2974","2026-06-30T17:49:24.0000000Z","Worker"
"CORE\Connectors\Ingestion\crmIngestor.js","393","2026-07-03T01:36:32.0000000Z","BusinessDomain"
"CORE\Connectors\Ingestion\instantlyIngestor.js","419","2026-07-03T01:36:04.0000000Z","BusinessDomain"
"CORE\GATEWAY\CommandGateway.js","5594","2026-06-30T16:33:38.0000000Z","BusinessDomain"
"CORE\Kernel\HealthMonitor.js","913","2026-06-29T18:43:06.0000000Z","Observability"
"CORE\Runtime\MilesRuntime.js","8404","2026-07-01T19:02:52.0000000Z","Runtime"
"CORE\STATE\ExecutiveState.js","2753","2026-06-30T16:24:26.0000000Z","BusinessDomain"
"CORE\CANONICAL\Runtime.js","1270","2026-07-08T22:47:00.0000000Z","Runtime"
"SERVICES\ATLASRuntimeInspector.js","7362","2026-07-05T03:32:30.0000000Z","Runtime"
"SERVICES\CommandIntentPlannerService.js","11240","2026-07-10T03:11:52.0000000Z","Planner"
"SERVICES\ConnectorManager.js","0","2026-06-29T18:43:06.0000000Z","Connector"
"SERVICES\ConnectorRuntimeManager.js","6381","2026-07-06T01:21:48.0000000Z","Connector"
"SERVICES\COOExecutiveLoopService.js","4746","2026-07-06T18:36:12.0000000Z","BusinessDomain"
"SERVICES\DashboardDataService.js","18523","2026-07-09T19:25:18.0000000Z","Observability"
"SERVICES\DashboardServerService.js","2185","2026-07-04T05:48:24.0000000Z","Observability"
"SERVICES\DashboardService.js","2470","2026-06-29T21:57:58.0000000Z","Observability"
"SERVICES\DecisionEngine.js","10589","2026-07-02T17:19:50.0000000Z","Governance"
"SERVICES\DecisionLearningService.js","1901","2026-07-04T05:55:46.0000000Z","Governance"
"SERVICES\EngineeringPlannerService.js","7677","2026-07-02T18:30:32.0000000Z","Planner"
"SERVICES\ExecutionPlannerService.js","4458","2026-07-04T06:49:04.0000000Z","Planner"
"SERVICES\ExecutionSchedulerService.js","505","2026-07-04T06:49:04.0000000Z","Scheduler"
"SERVICES\ExecutiveBrainService.js","7536","2026-07-04T04:58:22.0000000Z","BusinessDomain"
"SERVICES\ExecutiveBriefService.js","8390","2026-07-01T01:08:50.0000000Z","BusinessDomain"
"SERVICES\ExecutiveDashboardService.js","12580","2026-07-04T05:48:24.0000000Z","Observability"
"SERVICES\ExecutiveDispatcher.js","4233","2026-07-03T21:53:02.0000000Z","BusinessDomain"
"SERVICES\ExecutiveIntelligenceService.js","5029","2026-07-10T00:43:24.0000000Z","BusinessDomain"
"SERVICES\ExecutiveResponseService.js","5822","2026-07-07T00:10:46.0000000Z","BusinessDomain"
"SERVICES\ExecutiveStateService.js","1079","2026-06-30T00:22:48.0000000Z","BusinessDomain"
"SERVICES\FailureLearningService.js","2008","2026-07-04T05:55:46.0000000Z","Intelligence"
"SERVICES\InstantlyActionBridgeService.js","3465","2026-07-04T06:26:50.0000000Z","BusinessDomain"
"SERVICES\InstantlyApiClient.js","3563","2026-07-04T06:26:50.0000000Z","BusinessDomain"
"SERVICES\InstantlyControlledWriteService.js","6675","2026-07-04T06:44:14.0000000Z","BusinessDomain"
"SERVICES\InstantlyLiveIntegrationService.js","2655","2026-07-04T06:26:50.0000000Z","BusinessDomain"
"SERVICES\InstantlyLiveProviderController.js","7689","2026-07-04T06:26:50.0000000Z","BusinessDomain"
"SERVICES\InstantlyProviderCompatibilityService.js","5157","2026-07-04T06:58:22.0000000Z","BusinessDomain"
"SERVICES\InstantlyProviderController.js","731","2026-07-04T06:18:28.0000000Z","BusinessDomain"
"SERVICES\LearningDataService.js","2980","2026-07-09T22:00:10.0000000Z","Intelligence"
"SERVICES\LoopSchedulerService.js","1151","2026-07-04T05:30:00.0000000Z","Scheduler"
"SERVICES\MemoryService.js","1240","2026-06-29T18:43:06.0000000Z","Intelligence"
"SERVICES\MilesSelfLearningCompanyAI.js","4337","2026-07-03T01:01:18.0000000Z","Intelligence"
"SERVICES\OrionProviderController.js","495","2026-07-04T06:18:28.0000000Z","BusinessDomain"
"SERVICES\PlannerService.js","4403","2026-07-02T01:09:20.0000000Z","Planner"
"SERVICES\ProviderControllerHealthService.js","1278","2026-07-04T06:18:50.0000000Z","Observability"
"SERVICES\RoutingLearningService.js","2126","2026-07-04T05:55:46.0000000Z","Intelligence"
"SERVICES\RuntimeHealthService.js","2273","2026-07-04T05:29:32.0000000Z","Runtime"
"SERVICES\RuntimeRecoveryService.js","3173","2026-07-05T03:23:32.0000000Z","Runtime"
"SERVICES\SchedulerService.js","1401","2026-06-29T23:19:44.0000000Z","Scheduler"
"SERVICES\SelfLearningService.js","5231","2026-07-04T05:55:46.0000000Z","Intelligence"
"SERVICES\WebsiteProviderController.js","504","2026-07-04T06:18:28.0000000Z","BusinessDomain"
"SERVICES\WorkerExecutionBridge.js","1632","2026-07-09T16:42:30.0000000Z","Worker"
"SERVICES\WorkerRegistry.js","467","2026-07-09T16:39:58.0000000Z","Worker"
"SERVICES\WorkerBootstrap.js","1299","2026-07-09T18:39:38.0000000Z","Worker"
"SERVICES\ExecutiveMissionRouter.js","2193","2026-07-09T18:47:32.0000000Z","BusinessDomain"
"SERVICES\MissionSupervisor.js","1693","2026-07-09T19:05:48.0000000Z","BusinessDomain"
"SERVICES\ResolutionMemoryService.js","1518","2026-07-09T19:59:18.0000000Z","Intelligence"
"SERVICES\ExecutiveEnvironmentService.js","935","2026-07-09T22:21:40.0000000Z","BusinessDomain"
"SERVICES\WorkerSelector.js","1112","2026-07-09T22:30:08.0000000Z","Worker"
"SERVICES\WorkerContract.js","1120","2026-07-09T22:32:26.0000000Z","Worker"
"SERVICES\BusinessWorker.js","1289","2026-07-09T22:34:02.0000000Z","Worker"
"SERVICES\RuntimeActivationAuditService.js","3443","2026-07-09T22:39:38.0000000Z","Runtime"
"SERVICES\InstantlyCampaignInventoryService.js","4749","2026-07-09T23:37:12.0000000Z","BusinessDomain"
"SERVICES\InstantlyExecutiveAdvisor.js","4647","2026-07-09T23:50:04.0000000Z","BusinessDomain"
"SERVICES\RuntimeConsolidationAuditService.js","5984","2026-07-10T00:34:30.0000000Z","Runtime"
"SERVICES\EnterpriseRuntimeManager.js","4587","2026-07-10T00:37:08.0000000Z","Runtime"
"SERVICES\CommandIntentPlannerService.js.bak_20260709_231150","11231","2026-07-07T15:33:40.0000000Z","Planner"
"SERVICES\Browser\Workers\InstantlyCampaignOperator.js","12985","2026-07-02T20:34:18.0000000Z","BusinessDomain"
"SERVICES\connector_runtime\ConnectorRuntime.js","13756","2026-07-06T01:18:42.0000000Z","Connector"
"SERVICES\connector_runtime\ConnectorRuntimeManager.js","6733","2026-07-06T03:11:34.0000000Z","Connector"
"SERVICES\Decision\ApprovalEngine.js","634","2026-07-01T17:35:14.0000000Z","Governance"
"SERVICES\Decision\DecisionEngine.js","1112","2026-07-01T17:35:38.0000000Z","Governance"
"SERVICES\decision_engine\AutonomousDecisionEngine.js","20123","2026-07-06T01:35:14.0000000Z","Governance"
"SERVICES\decision_engine\AutonomousDecisionEngineManager.js","8914","2026-07-06T01:36:46.0000000Z","Governance"
"SERVICES\digital_coo\DigitalCOORuntime.js","23131","2026-07-10T03:00:26.0000000Z","Runtime"
"SERVICES\digital_coo\DigitalCOORuntimeManager.js","16703","2026-07-06T01:31:30.0000000Z","Runtime"
"SERVICES\digital_coo\MarketingCOOService.js","5230","2026-07-08T21:00:06.0000000Z","BusinessDomain"
"SERVICES\digital_coo\MilesCommandCenter.js","15123","2026-07-07T16:14:38.0000000Z","BusinessDomain"
"SERVICES\digital_coo\MilesCommandCenter.js.bak_20260707_121436","15103","2026-07-07T00:19:52.0000000Z","BusinessDomain"
"SERVICES\Discovery\MarketingDiscovery.js","1782","2026-07-01T18:27:02.0000000Z","BusinessDomain"
"SERVICES\Discovery\OrionDiscovery.js","1625","2026-07-01T18:27:38.0000000Z","BusinessDomain"
"SERVICES\Executive\CEOApprovalQueue.js","4166","2026-07-01T19:22:24.0000000Z","Governance"
"SERVICES\Learning\DecisionHistory.js","945","2026-07-01T18:09:30.0000000Z","Governance"
"SERVICES\Learning\LearningEngine.js","1317","2026-07-01T18:05:48.0000000Z","Intelligence"
"SERVICES\learning_engine\LearningEngine.js","11514","2026-07-06T01:25:02.0000000Z","Intelligence"
"SERVICES\learning_engine\LearningEngineManager.js","10285","2026-07-06T01:26:44.0000000Z","Intelligence"
"SERVICES\Memory\OperationalMemoryService.js","2464","2026-07-01T17:58:34.0000000Z","Intelligence"
"SERVICES\Planning\BasePlanner.js","1291","2026-07-01T17:08:04.0000000Z","Planner"
"SERVICES\Planning\ExecutivePlanner.js","2320","2026-07-01T17:10:00.0000000Z","Planner"
"SERVICES\Planning\MarketingPlanner.js","3313","2026-07-01T17:08:50.0000000Z","Planner"
"SERVICES\Planning\OrionPlanner.js","6723","2026-07-02T01:27:50.0000000Z","Planner"
"SERVICES\Planning\PlannerRegistry.js","916","2026-07-01T17:10:34.0000000Z","Planner"
"SERVICES\runtime\digital_coo_autonomy_supervisor.ps1","14795","2026-07-06T02:24:48.0000000Z","BusinessDomain"
"SERVICES\Supervisor\ExecutiveSupervisor.js","699","2026-07-01T18:39:40.0000000Z","BusinessDomain"
"SERVICES\workers\BaseCOOWorker.js","11956","2026-07-06T01:54:30.0000000Z","Worker"
"SERVICES\workers\GoogleWorkspaceCOOWorker.js","26977","2026-07-06T02:06:20.0000000Z","Worker"
"SERVICES\workers\InstantlyCOOWorker.js","29047","2026-07-06T01:59:44.0000000Z","Worker"
"SERVICES\workers\NamecheapCOOWorker.js","26062","2026-07-06T02:08:44.0000000Z","Worker"
"SERVICES\workers\WebsiteCOOWorker.js","25466","2026-07-06T01:56:50.0000000Z","Worker"
"SERVICES\worker_runtime\AutonomousWorkerScheduler.js","19457","2026-07-06T01:49:10.0000000Z","Worker"
"SERVICES\worker_runtime\BaseAutonomousWorker.js","16579","2026-07-06T01:46:04.0000000Z","Worker"
"SERVICES\worker_runtime\TaskExecutionWorker.js","13121","2026-07-10T03:29:16.0000000Z","Worker"
"SERVICES\worker_runtime\WorkerDispatcher.js","6462","2026-07-06T03:06:56.0000000Z","Worker"
"SERVICES\worker_runtime\WorkerRegistry.js","7539","2026-07-06T03:02:40.0000000Z","Worker"
"SERVICES\worker_runtime\WorkerRuntime.js","8183","2026-07-08T20:26:00.0000000Z","Worker"
"SERVICES\worker_runtime\WorkerRuntimeManager.js","6497","2026-07-06T01:15:02.0000000Z","Worker"
"SERVICES\worker_runtime\TaskExecutionWorker.js.backup_20260709","8238","2026-07-09T23:07:34.0000000Z","Worker"
"SERVICES\WORKER_ADAPTERS\AtlasWorkerAdapter.js","461","2026-07-09T16:45:22.0000000Z","Worker"
"PROVIDERS\InstantlyProvider.js","1836","2026-07-09T00:27:48.0000000Z","BusinessDomain"
"PROVIDERS\providers\InstantlyProvider.js","3889","2026-07-08T18:21:02.0000000Z","BusinessDomain"
"PROVIDERS\providers\MarketingProvider.js","3772","2026-06-30T23:21:32.0000000Z","BusinessDomain"
"PROVIDERS\providers\OrionProvider.js","4575","2026-07-03T20:45:58.0000000Z","BusinessDomain"
"PROVIDERS\providers\WebsiteProvider.js","1845","2026-07-08T18:20:22.0000000Z","BusinessDomain"
"CONNECTORS\GOOGLE\miles_google_account_manager_dropin\miles_google_accounts_health.js","939","2026-06-29T04:48:18.0000000Z","Observability"
"CONNECTORS\GOOGLE\miles_google_connector_pack\miles_google_connector_pack\CONNECTORS\GOOGLE\health.js","1315","2026-06-29T04:04:50.0000000Z","Observability"
"CONNECTORS\GOOGLE\miles_google_connector_pack\miles_google_connector_pack\scripts\install_google_connector.ps1","460","2026-06-29T04:04:50.0000000Z","Connector"
"CONNECTORS\INSTANTLY\connector.js","1481","2026-07-10T03:32:22.0000000Z","Connector"
"CONNECTORS\INSTANTLY\instantly.js","1101","2026-06-30T23:17:12.0000000Z","BusinessDomain"
"CONNECTORS\INSTANTLY\instantly_test.js","413","2026-06-30T23:18:32.0000000Z","BusinessDomain"
"CONNECTORS\INSTANTLY\miles_instantly_connector\miles_os\dashboard\instantly_panel.py","760","2026-06-29T02:12:02.0000000Z","BusinessDomain"
"CONNECTORS\INSTANTLY\miles_instantly_connector\tests\test_instantly_service.py","1449","2026-06-29T02:12:02.0000000Z","BusinessDomain"
"CONNECTORS\MILES\connector.js","582","2026-07-10T17:34:36.0000000Z","Connector"
"CONNECTORS\ORION\connector.js","8311","2026-07-06T23:19:10.0000000Z","Connector"
"CONNECTORS\Real\crmClient.js","451","2026-07-03T02:15:00.0000000Z","BusinessDomain"
"CONNECTORS\Real\instantlyClient.js","458","2026-07-03T02:14:30.0000000Z","BusinessDomain"
"CONNECTORS\WEBSITE\website.js","2812","2026-07-02T19:47:54.0000000Z","BusinessDomain"
"CONNECTORS\WEBSITE_B12\B12_CONNECTOR_V1.ps1","764","2026-06-28T19:18:48.0000000Z","Connector"
"WORKERS\atlasWorker.js","784","2026-07-03T21:25:18.0000000Z","Worker"
"WORKERS\commandWorker.js","656","2026-07-03T21:40:28.0000000Z","Worker"
"WORKERS\cooWorker.js","1029","2026-07-10T17:07:40.0000000Z","Worker"
"WORKERS\dealWorker.js","363","2026-07-03T02:17:32.0000000Z","Worker"
"WORKERS\dispatcherWorker.js","766","2026-07-03T21:53:32.0000000Z","Worker"
"WORKERS\replyWorker.js","341","2026-07-03T02:17:04.0000000Z","Worker"
"WORKERS\revenueWorker.js","562","2026-07-03T22:27:00.0000000Z","Worker"
"API\API\memory.routes.js","627","2026-06-29T18:43:06.0000000Z","Intelligence"
"AUTOMATIONS\Scheduler.js","0","2026-06-29T18:43:06.0000000Z","Scheduler"
"DATA\ceo_approvals.json","2023","2026-06-30T21:07:46.0000000Z","Governance"
"DATA\executive_state.json","66495","2026-07-10T18:42:00.0000000Z","BusinessDomain"
"DATA\browser\operator_memory.json","225","2026-07-04T23:49:48.0000000Z","Intelligence"
"DATA\browser\operator_results\instantly_coo_mode_1782943962943.json","316","2026-07-01T22:12:44.0000000Z","BusinessDomain"
"DATA\browser\operator_results\instantly_coo_mode_clean_1782944188054.json","2761","2026-07-01T22:16:30.0000000Z","BusinessDomain"
"DATA\browser\operator_results\instantly_coo_mode_clean_1782950757621.json","1979","2026-07-02T00:05:58.0000000Z","BusinessDomain"
"DATA\browser\operator_results\instantly_coo_mode_live_1782951027558.json","19104","2026-07-02T00:10:28.0000000Z","BusinessDomain"
"DATA\browser\operator_results\instantly_coo_mode_live_1782953096757.json","19639","2026-07-02T00:44:58.0000000Z","BusinessDomain"
"DATA\browser\operator_results\instantly_coo_mode_live_1782956184188.json","19639","2026-07-02T01:36:26.0000000Z","BusinessDomain"
"DATA\browser\operator_results\instantly_coo_mode_live_1782956195098.json","19639","2026-07-02T01:36:36.0000000Z","BusinessDomain"
"DATA\browser\operator_results\instantly_coo_mode_live_1782956205964.json","19639","2026-07-02T01:36:46.0000000Z","BusinessDomain"
"DATA\browser\operator_results\instantly_coo_mode_live_1782956216946.json","19639","2026-07-02T01:36:58.0000000Z","BusinessDomain"
"DATA\browser\operator_results\instantly_coo_mode_live_1782956288989.json","19639","2026-07-02T01:38:10.0000000Z","BusinessDomain"
"DATA\browser\operator_results\instantly_coo_mode_live_1782956299989.json","19639","2026-07-02T01:38:20.0000000Z","BusinessDomain"
"DATA\browser\operator_results\instantly_coo_mode_live_1782956310928.json","19639","2026-07-02T01:38:32.0000000Z","BusinessDomain"
"DATA\browser\operator_results\instantly_coo_mode_live_1782956322162.json","19639","2026-07-02T01:38:44.0000000Z","BusinessDomain"
"DATA\browser\operator_results\instantly_coo_mode_live_1782956358870.json","19639","2026-07-02T01:39:20.0000000Z","BusinessDomain"
"DATA\browser\operator_results\instantly_coo_mode_live_1782956369815.json","19639","2026-07-02T01:39:30.0000000Z","BusinessDomain"
"DATA\browser\operator_results\instantly_coo_mode_live_1782956380763.json","19639","2026-07-02T01:39:42.0000000Z","BusinessDomain"
"DATA\browser\operator_results\instantly_coo_mode_live_1782956391824.json","19639","2026-07-02T01:39:52.0000000Z","BusinessDomain"
"DATA\browser\operator_results\instantly_coo_mode_live_1782956703646.json","19639","2026-07-02T01:45:04.0000000Z","BusinessDomain"
"DATA\browser\operator_results\instantly_coo_mode_live_1782956714627.json","19639","2026-07-02T01:45:16.0000000Z","BusinessDomain"
"DATA\browser\operator_results\instantly_coo_mode_live_1782956726518.json","19639","2026-07-02T01:45:28.0000000Z","BusinessDomain"
"DATA\browser\operator_results\instantly_coo_mode_live_1782956737728.json","19639","2026-07-02T01:45:38.0000000Z","BusinessDomain"
"DATA\browser\operator_results\instantly_coo_mode_live_1782957049893.json","19639","2026-07-02T01:50:50.0000000Z","BusinessDomain"
"DATA\browser\operator_results\instantly_coo_mode_live_1782957061026.json","19639","2026-07-02T01:51:02.0000000Z","BusinessDomain"
"DATA\browser\operator_results\instantly_coo_mode_live_1782957072101.json","19639","2026-07-02T01:51:14.0000000Z","BusinessDomain"
"DATA\browser\operator_results\instantly_coo_mode_live_1782957083428.json","19639","2026-07-02T01:51:24.0000000Z","BusinessDomain"
"DATA\browser\operator_results\instantly_coo_mode_live_1782957406365.json","19639","2026-07-02T01:56:48.0000000Z","BusinessDomain"
"DATA\browser\operator_results\instantly_coo_mode_live_1782957417538.json","19639","2026-07-02T01:56:58.0000000Z","BusinessDomain"
"DATA\browser\operator_results\instantly_coo_mode_live_1782957428382.json","19639","2026-07-02T01:57:10.0000000Z","BusinessDomain"
"DATA\browser\operator_results\instantly_coo_mode_live_1782957440071.json","19639","2026-07-02T01:57:22.0000000Z","BusinessDomain"
"DATA\browser\operator_results\instantly_coo_mode_live_1782957760440.json","19639","2026-07-02T02:02:42.0000000Z","BusinessDomain"
"DATA\browser\operator_results\instantly_coo_mode_live_1782957771334.json","19639","2026-07-02T02:02:52.0000000Z","BusinessDomain"
"DATA\browser\operator_results\instantly_coo_mode_live_1782957782364.json","19639","2026-07-02T02:03:04.0000000Z","BusinessDomain"
"DATA\browser\operator_results\instantly_coo_mode_live_1782957793581.json","19639","2026-07-02T02:03:14.0000000Z","BusinessDomain"
"DATA\browser\operator_results\instantly_coo_mode_live_1783009560175.json","19639","2026-07-02T16:26:02.0000000Z","BusinessDomain"
"DATA\browser\operator_results\instantly_coo_mode_live_1783009571189.json","19639","2026-07-02T16:26:12.0000000Z","BusinessDomain"
"DATA\browser\operator_results\instantly_coo_mode_live_1783009581958.json","19639","2026-07-02T16:26:22.0000000Z","BusinessDomain"
"DATA\browser\operator_results\instantly_coo_mode_live_1783009593015.json","19639","2026-07-02T16:26:34.0000000Z","BusinessDomain"
"DATA\browser\operator_results\instantly_coo_mode_live_1783009914681.json","19639","2026-07-02T16:31:56.0000000Z","BusinessDomain"
"DATA\browser\operator_results\instantly_coo_mode_live_1783009925718.json","19639","2026-07-02T16:32:06.0000000Z","BusinessDomain"
"DATA\browser\operator_results\instantly_coo_mode_live_1783009936629.json","19639","2026-07-02T16:32:18.0000000Z","BusinessDomain"
"DATA\browser\operator_results\instantly_coo_mode_live_1783009947935.json","19639","2026-07-02T16:32:28.0000000Z","BusinessDomain"
"DATA\browser\operator_results\instantly_coo_mode_live_1783010260263.json","19639","2026-07-02T16:37:42.0000000Z","BusinessDomain"
"DATA\browser\operator_results\instantly_coo_mode_live_1783010271213.json","19639","2026-07-02T16:37:52.0000000Z","BusinessDomain"
"DATA\browser\operator_results\instantly_coo_mode_live_1783010282442.json","19639","2026-07-02T16:38:04.0000000Z","BusinessDomain"
"DATA\browser\operator_results\instantly_coo_mode_live_1783010293553.json","19639","2026-07-02T16:38:14.0000000Z","BusinessDomain"
"DATA\browser\operator_results\instantly_coo_mode_live_1783010615289.json","19639","2026-07-02T16:43:36.0000000Z","BusinessDomain"
"DATA\browser\operator_results\instantly_coo_mode_live_1783010626366.json","19639","2026-07-02T16:43:48.0000000Z","BusinessDomain"
"DATA\browser\operator_results\instantly_coo_mode_live_1783010637484.json","19639","2026-07-02T16:43:58.0000000Z","BusinessDomain"
"DATA\browser\operator_results\instantly_coo_mode_live_1783010648739.json","19639","2026-07-02T16:44:10.0000000Z","BusinessDomain"
"DATA\browser\operator_results\instantly_coo_mode_live_1783010972016.json","19639","2026-07-02T16:49:34.0000000Z","BusinessDomain"
"DATA\browser\operator_results\instantly_coo_mode_live_1783010982983.json","19639","2026-07-02T16:49:44.0000000Z","BusinessDomain"
"DATA\browser\operator_results\instantly_coo_mode_live_1783010993722.json","19639","2026-07-02T16:49:54.0000000Z","BusinessDomain"
"DATA\browser\operator_results\instantly_coo_mode_live_1783011005019.json","19639","2026-07-02T16:50:06.0000000Z","BusinessDomain"
"DATA\browser\operator_results\instantly_coo_mode_live_1783011317267.json","19639","2026-07-02T16:55:18.0000000Z","BusinessDomain"
"DATA\browser\operator_results\instantly_coo_mode_live_1783011328275.json","19639","2026-07-02T16:55:30.0000000Z","BusinessDomain"
"DATA\browser\operator_results\instantly_coo_mode_live_1783011339286.json","19639","2026-07-02T16:55:40.0000000Z","BusinessDomain"
"DATA\browser\operator_results\instantly_coo_mode_live_1783011350725.json","19639","2026-07-02T16:55:52.0000000Z","BusinessDomain"
"DATA\browser\operator_results\instantly_coo_mode_live_1783011403823.json","19639","2026-07-02T16:56:44.0000000Z","BusinessDomain"
"DATA\browser\operator_results\instantly_coo_mode_live_1783011513035.json","19639","2026-07-02T16:58:34.0000000Z","BusinessDomain"
"DATA\browser\operator_results\instantly_coo_mode_live_1783011662958.json","19639","2026-07-02T17:01:04.0000000Z","BusinessDomain"
"DATA\browser\operator_results\instantly_coo_mode_live_1783011674109.json","19639","2026-07-02T17:01:16.0000000Z","BusinessDomain"
"DATA\browser\operator_results\instantly_coo_mode_live_1783011685463.json","19639","2026-07-02T17:01:26.0000000Z","BusinessDomain"
"DATA\browser\operator_results\instantly_coo_mode_live_1783011696810.json","19639","2026-07-02T17:01:38.0000000Z","BusinessDomain"
"DATA\browser\operator_results\instantly_coo_mode_live_1783012009436.json","19639","2026-07-02T17:06:50.0000000Z","BusinessDomain"
"DATA\browser\operator_results\instantly_coo_mode_live_1783012020314.json","19639","2026-07-02T17:07:02.0000000Z","BusinessDomain"
"DATA\browser\operator_results\instantly_coo_mode_live_1783012031672.json","19639","2026-07-02T17:07:12.0000000Z","BusinessDomain"
"DATA\browser\operator_results\instantly_coo_mode_live_1783012042890.json","19639","2026-07-02T17:07:24.0000000Z","BusinessDomain"
"DATA\browser\operator_results\instantly_coo_mode_live_1783012355471.json","19639","2026-07-02T17:12:36.0000000Z","BusinessDomain"
"DATA\browser\operator_results\instantly_coo_mode_live_1783012366722.json","19639","2026-07-02T17:12:48.0000000Z","BusinessDomain"
"DATA\browser\operator_results\instantly_coo_mode_live_1783012377818.json","19639","2026-07-02T17:12:58.0000000Z","BusinessDomain"
"DATA\browser\operator_results\instantly_coo_mode_live_1783012389404.json","19639","2026-07-02T17:13:10.0000000Z","BusinessDomain"
"DATA\browser\operator_results\instantly_coo_mode_live_1783012701735.json","19639","2026-07-02T17:18:22.0000000Z","BusinessDomain"
"DATA\browser\operator_results\instantly_coo_mode_live_1783012712884.json","19639","2026-07-02T17:18:34.0000000Z","BusinessDomain"
"DATA\browser\operator_results\instantly_coo_mode_live_1783012724583.json","19639","2026-07-02T17:18:46.0000000Z","BusinessDomain"
"DATA\browser\operator_results\instantly_coo_mode_live_1783012736086.json","19639","2026-07-02T17:18:58.0000000Z","BusinessDomain"
"DATA\browser\operator_results\instantly_coo_mode_live_1783013048388.json","19639","2026-07-02T17:24:10.0000000Z","BusinessDomain"
"DATA\browser\operator_results\instantly_coo_mode_live_1783013059571.json","19639","2026-07-02T17:24:20.0000000Z","BusinessDomain"
"DATA\browser\operator_results\instantly_coo_mode_live_1783013070719.json","19639","2026-07-02T17:24:32.0000000Z","BusinessDomain"
"DATA\browser\operator_results\instantly_coo_mode_live_1783013082232.json","19639","2026-07-02T17:24:44.0000000Z","BusinessDomain"
"DATA\browser\operator_results\instantly_coo_mode_live_1783013394642.json","19639","2026-07-02T17:29:56.0000000Z","BusinessDomain"
"DATA\browser\operator_results\instantly_coo_mode_live_1783013405760.json","19639","2026-07-02T17:30:06.0000000Z","BusinessDomain"
"DATA\browser\operator_results\instantly_coo_mode_live_1783013416940.json","19639","2026-07-02T17:30:18.0000000Z","BusinessDomain"
"DATA\browser\operator_results\instantly_coo_mode_live_1783013428597.json","19639","2026-07-02T17:30:30.0000000Z","BusinessDomain"
"DATA\browser\operator_results\instantly_coo_mode_live_1783013740987.json","19639","2026-07-02T17:35:42.0000000Z","BusinessDomain"
"DATA\browser\operator_results\instantly_coo_mode_live_1783013752437.json","19639","2026-07-02T17:35:54.0000000Z","BusinessDomain"
"DATA\browser\operator_results\instantly_coo_mode_live_1783013763659.json","19639","2026-07-02T17:36:04.0000000Z","BusinessDomain"
"DATA\browser\operator_results\instantly_coo_mode_live_1783013775193.json","19639","2026-07-02T17:36:16.0000000Z","BusinessDomain"
"DATA\browser\operator_results\instantly_coo_mode_live_1783014087926.json","19639","2026-07-02T17:41:28.0000000Z","BusinessDomain"
"DATA\browser\operator_results\instantly_coo_mode_live_1783014099151.json","19639","2026-07-02T17:41:40.0000000Z","BusinessDomain"
"DATA\browser\operator_results\instantly_coo_mode_live_1783014110289.json","19639","2026-07-02T17:41:52.0000000Z","BusinessDomain"
"DATA\browser\operator_results\instantly_coo_mode_live_1783014121825.json","19639","2026-07-02T17:42:02.0000000Z","BusinessDomain"
"DATA\browser\operator_results\instantly_coo_mode_live_1783014442157.json","19639","2026-07-02T17:47:24.0000000Z","BusinessDomain"
"DATA\browser\operator_results\instantly_coo_mode_live_1783014453483.json","19639","2026-07-02T17:47:34.0000000Z","BusinessDomain"
"DATA\browser\operator_results\instantly_coo_mode_live_1783014464776.json","19639","2026-07-02T17:47:46.0000000Z","BusinessDomain"
"DATA\browser\operator_results\instantly_coo_mode_live_1783014476559.json","19639","2026-07-02T17:47:58.0000000Z","BusinessDomain"
"DATA\browser\operator_results\instantly_coo_mode_live_1783014788951.json","19639","2026-07-02T17:53:10.0000000Z","BusinessDomain"
"DATA\browser\operator_results\instantly_coo_mode_live_1783014800208.json","19639","2026-07-02T17:53:22.0000000Z","BusinessDomain"
"DATA\browser\operator_results\instantly_coo_mode_live_1783014811299.json","19639","2026-07-02T17:53:32.0000000Z","BusinessDomain"
"DATA\browser\operator_results\instantly_coo_mode_live_1783014822755.json","19639","2026-07-02T17:53:44.0000000Z","BusinessDomain"
"DATA\browser\operator_results\instantly_coo_mode_live_1783015135692.json","19639","2026-07-02T17:58:56.0000000Z","BusinessDomain"
"DATA\browser\operator_results\instantly_coo_mode_live_1783015146962.json","19639","2026-07-02T17:59:08.0000000Z","BusinessDomain"
"DATA\browser\operator_results\instantly_coo_mode_live_1783015157776.json","19639","2026-07-02T17:59:18.0000000Z","BusinessDomain"
"DATA\browser\operator_results\instantly_coo_mode_live_1783015169293.json","19639","2026-07-02T17:59:30.0000000Z","BusinessDomain"
"DATA\browser\operator_results\instantly_coo_mode_live_1783015481757.json","19639","2026-07-02T18:04:42.0000000Z","BusinessDomain"
"DATA\browser\operator_results\instantly_coo_mode_live_1783015494235.json","19639","2026-07-02T18:04:56.0000000Z","BusinessDomain"
"DATA\browser\operator_results\instantly_coo_mode_live_1783015505313.json","19639","2026-07-02T18:05:06.0000000Z","BusinessDomain"
"DATA\browser\operator_results\instantly_coo_mode_live_1783015516714.json","19639","2026-07-02T18:05:18.0000000Z","BusinessDomain"
"DATA\browser\operator_results\instantly_coo_mode_live_1783015829205.json","19639","2026-07-02T18:10:30.0000000Z","BusinessDomain"
"DATA\browser\operator_results\instantly_coo_mode_live_1783015840347.json","19639","2026-07-02T18:10:42.0000000Z","BusinessDomain"
"DATA\browser\operator_results\instantly_coo_mode_live_1783015851488.json","19639","2026-07-02T18:10:52.0000000Z","BusinessDomain"
"DATA\browser\operator_results\instantly_coo_mode_live_1783015862913.json","19639","2026-07-02T18:11:04.0000000Z","BusinessDomain"
"DATA\browser\operator_results\instantly_coo_mode_live_1783016175353.json","19639","2026-07-02T18:16:16.0000000Z","BusinessDomain"
"DATA\browser\operator_results\instantly_coo_mode_live_1783016186542.json","19639","2026-07-02T18:16:28.0000000Z","BusinessDomain"
"DATA\browser\operator_results\instantly_coo_mode_live_1783016197688.json","19639","2026-07-02T18:16:38.0000000Z","BusinessDomain"
"DATA\browser\operator_results\instantly_coo_mode_live_1783016209017.json","19639","2026-07-02T18:16:50.0000000Z","BusinessDomain"
"DATA\browser\operator_results\instantly_coo_mode_live_1783016521858.json","19639","2026-07-02T18:22:02.0000000Z","BusinessDomain"
"DATA\browser\operator_results\instantly_coo_mode_live_1783016533216.json","19639","2026-07-02T18:22:14.0000000Z","BusinessDomain"
"DATA\browser\operator_results\instantly_coo_mode_live_1783016544480.json","19639","2026-07-02T18:22:26.0000000Z","BusinessDomain"
"DATA\browser\operator_results\instantly_coo_mode_live_1783016556227.json","19639","2026-07-02T18:22:38.0000000Z","BusinessDomain"
"DATA\browser\operator_results\instantly_coo_mode_live_1783016701284.json","19639","2026-07-02T18:25:02.0000000Z","BusinessDomain"
"DATA\browser\operator_results\instantly_coo_mode_live_1783016868591.json","19639","2026-07-02T18:27:50.0000000Z","BusinessDomain"
"DATA\browser\operator_results\instantly_coo_mode_live_1783016879729.json","19639","2026-07-02T18:28:00.0000000Z","BusinessDomain"
"DATA\browser\operator_results\instantly_coo_mode_live_1783016890750.json","19639","2026-07-02T18:28:12.0000000Z","BusinessDomain"
"DATA\browser\operator_results\instantly_coo_mode_live_1783016903004.json","19639","2026-07-02T18:28:24.0000000Z","BusinessDomain"
"DATA\browser\operator_results\instantly_coo_mode_live_1783017221887.json","19639","2026-07-02T18:33:42.0000000Z","BusinessDomain"
"DATA\browser\operator_results\instantly_coo_mode_live_1783017233140.json","19639","2026-07-02T18:33:54.0000000Z","BusinessDomain"
"DATA\browser\operator_results\instantly_coo_mode_live_1783017244260.json","19639","2026-07-02T18:34:06.0000000Z","BusinessDomain"
"DATA\browser\operator_results\instantly_coo_mode_live_1783017255642.json","19639","2026-07-02T18:34:16.0000000Z","BusinessDomain"
"DATA\browser\operator_results\instantly_coo_mode_live_1783017568061.json","19639","2026-07-02T18:39:30.0000000Z","BusinessDomain"
"DATA\browser\operator_results\instantly_coo_mode_live_1783017579267.json","19639","2026-07-02T18:39:40.0000000Z","BusinessDomain"
"DATA\browser\operator_results\instantly_coo_mode_live_1783017590345.json","19639","2026-07-02T18:39:52.0000000Z","BusinessDomain"
"DATA\browser\operator_results\instantly_coo_mode_live_1783017601675.json","19639","2026-07-02T18:40:02.0000000Z","BusinessDomain"
"DATA\browser\operator_results\instantly_coo_mode_live_1783017913995.json","19639","2026-07-02T18:45:16.0000000Z","BusinessDomain"
"DATA\browser\operator_results\instantly_coo_mode_live_1783017925742.json","19639","2026-07-02T18:45:26.0000000Z","BusinessDomain"
"DATA\browser\operator_results\instantly_coo_mode_live_1783017937409.json","19639","2026-07-02T18:45:38.0000000Z","BusinessDomain"
"DATA\browser\operator_results\instantly_coo_mode_live_1783017949344.json","19639","2026-07-02T18:45:50.0000000Z","BusinessDomain"
"DATA\browser\operator_results\instantly_coo_mode_live_1783018263329.json","19639","2026-07-02T18:51:04.0000000Z","BusinessDomain"
"DATA\browser\operator_results\instantly_coo_mode_live_1783018274639.json","19639","2026-07-02T18:51:16.0000000Z","BusinessDomain"
"DATA\browser\operator_results\instantly_coo_mode_live_1783018285837.json","19639","2026-07-02T18:51:26.0000000Z","BusinessDomain"
"DATA\browser\operator_results\instantly_coo_mode_live_1783018297302.json","19639","2026-07-02T18:51:38.0000000Z","BusinessDomain"
"DATA\browser\operator_results\instantly_coo_mode_live_1783018609685.json","19639","2026-07-02T18:56:50.0000000Z","BusinessDomain"
"DATA\browser\operator_results\instantly_coo_mode_live_1783018620759.json","19639","2026-07-02T18:57:02.0000000Z","BusinessDomain"
"DATA\browser\operator_results\instantly_coo_mode_live_1783018631829.json","19639","2026-07-02T18:57:12.0000000Z","BusinessDomain"
"DATA\browser\operator_results\instantly_coo_mode_live_1783018643649.json","19639","2026-07-02T18:57:24.0000000Z","BusinessDomain"
"DATA\browser\operator_results\instantly_coo_mode_live_1783018956418.json","19639","2026-07-02T19:02:38.0000000Z","BusinessDomain"
"DATA\browser\operator_results\instantly_coo_mode_live_1783018967853.json","19639","2026-07-02T19:02:48.0000000Z","BusinessDomain"
"DATA\browser\operator_results\instantly_coo_mode_live_1783018979120.json","19639","2026-07-02T19:03:00.0000000Z","BusinessDomain"
"DATA\browser\operator_results\instantly_coo_mode_live_1783018990537.json","19639","2026-07-02T19:03:12.0000000Z","BusinessDomain"
"DATA\browser\operator_results\instantly_coo_mode_live_1783019302827.json","19639","2026-07-02T19:08:24.0000000Z","BusinessDomain"
"DATA\browser\operator_results\instantly_coo_mode_live_1783019314306.json","19639","2026-07-02T19:08:36.0000000Z","BusinessDomain"
"DATA\browser\operator_results\instantly_coo_mode_live_1783019325587.json","19639","2026-07-02T19:08:46.0000000Z","BusinessDomain"
"DATA\browser\operator_results\instantly_coo_mode_live_1783019336970.json","19639","2026-07-02T19:08:58.0000000Z","BusinessDomain"
"DATA\browser\operator_results\instantly_coo_mode_live_1783019456851.json","19639","2026-07-02T19:10:58.0000000Z","BusinessDomain"
"DATA\browser\operator_results\instantly_coo_mode_live_1783019649696.json","19639","2026-07-02T19:14:10.0000000Z","BusinessDomain"
"DATA\browser\operator_results\instantly_coo_mode_live_1783019660911.json","19639","2026-07-02T19:14:22.0000000Z","BusinessDomain"
"DATA\browser\operator_results\instantly_coo_mode_live_1783019672043.json","19639","2026-07-02T19:14:34.0000000Z","BusinessDomain"
"DATA\browser\operator_results\instantly_coo_mode_live_1783019683846.json","19639","2026-07-02T19:14:44.0000000Z","BusinessDomain"
"DATA\browser\operator_results\instantly_coo_mode_live_1783019864857.json","19639","2026-07-02T19:17:46.0000000Z","BusinessDomain"
"DATA\browser\operator_results\instantly_coo_mode_live_1783019877930.json","19639","2026-07-02T19:17:58.0000000Z","BusinessDomain"
"DATA\browser\operator_results\instantly_coo_mode_live_1783019997126.json","19639","2026-07-02T19:19:58.0000000Z","BusinessDomain"
"DATA\browser\operator_results\instantly_coo_mode_live_1783020008269.json","19639","2026-07-02T19:20:10.0000000Z","BusinessDomain"
"DATA\browser\operator_results\instantly_coo_mode_live_1783020019635.json","19639","2026-07-02T19:20:20.0000000Z","BusinessDomain"
"DATA\browser\operator_results\instantly_coo_mode_live_1783020031199.json","19639","2026-07-02T19:20:32.0000000Z","BusinessDomain"
"DATA\browser\operator_results\instantly_coo_mode_live_1783020119890.json","19639","2026-07-02T19:22:00.0000000Z","BusinessDomain"
"DATA\browser\operator_results\instantly_coo_mode_live_1783020343804.json","19639","2026-07-02T19:25:44.0000000Z","BusinessDomain"
"DATA\browser\operator_results\instantly_coo_mode_live_1783020348580.json","19639","2026-07-02T19:25:50.0000000Z","BusinessDomain"
"DATA\browser\operator_results\instantly_coo_mode_live_1783020355238.json","19639","2026-07-02T19:25:56.0000000Z","BusinessDomain"
"DATA\browser\operator_results\instantly_coo_mode_live_1783020366265.json","19639","2026-07-02T19:26:08.0000000Z","BusinessDomain"
"DATA\browser\operator_results\instantly_coo_mode_live_1783020377848.json","19639","2026-07-02T19:26:18.0000000Z","BusinessDomain"
"DATA\browser\operator_results\instantly_coo_mode_live_1783020582304.json","19639","2026-07-02T19:29:44.0000000Z","BusinessDomain"
"DATA\browser\operator_results\instantly_coo_mode_live_1783020600350.json","19639","2026-07-02T19:30:02.0000000Z","BusinessDomain"
"DATA\browser\operator_results\instantly_coo_mode_live_1783020690535.json","19639","2026-07-02T19:31:32.0000000Z","BusinessDomain"
"DATA\browser\operator_results\instantly_coo_mode_live_1783020702205.json","19639","2026-07-02T19:31:44.0000000Z","BusinessDomain"
"DATA\browser\operator_results\instantly_coo_mode_live_1783020713690.json","19639","2026-07-02T19:31:54.0000000Z","BusinessDomain"
"DATA\browser\operator_results\instantly_coo_mode_live_1783020725443.json","19639","2026-07-02T19:32:06.0000000Z","BusinessDomain"
"DATA\browser\operator_results\instantly_coo_mode_live_1783021038211.json","19639","2026-07-02T19:37:20.0000000Z","BusinessDomain"
"DATA\browser\operator_results\instantly_coo_mode_live_1783021049710.json","19639","2026-07-02T19:37:30.0000000Z","BusinessDomain"
"DATA\browser\operator_results\instantly_coo_mode_live_1783021060701.json","19639","2026-07-02T19:37:42.0000000Z","BusinessDomain"
"DATA\browser\operator_results\instantly_coo_mode_live_1783021072454.json","19639","2026-07-02T19:37:54.0000000Z","BusinessDomain"
"DATA\browser\operator_results\instantly_coo_mode_live_1783021385317.json","19639","2026-07-02T19:43:06.0000000Z","BusinessDomain"
"DATA\browser\operator_results\instantly_coo_mode_live_1783021396436.json","19639","2026-07-02T19:43:18.0000000Z","BusinessDomain"
"DATA\browser\operator_results\instantly_coo_mode_live_1783021407285.json","19639","2026-07-02T19:43:28.0000000Z","BusinessDomain"
"DATA\browser\operator_results\instantly_coo_mode_live_1783021418995.json","19639","2026-07-02T19:43:40.0000000Z","BusinessDomain"
"DATA\browser\operator_results\instantly_coo_mode_live_1783021731429.json","19639","2026-07-02T19:48:52.0000000Z","BusinessDomain"
"DATA\browser\operator_results\instantly_coo_mode_live_1783021742746.json","19639","2026-07-02T19:49:04.0000000Z","BusinessDomain"
"DATA\browser\operator_results\instantly_coo_mode_live_1783021754136.json","19639","2026-07-02T19:49:16.0000000Z","BusinessDomain"
"DATA\browser\operator_results\instantly_coo_mode_live_1783021766174.json","19639","2026-07-02T19:49:28.0000000Z","BusinessDomain"
"DATA\browser\operator_results\instantly_coo_mode_live_1783022082755.json","19639","2026-07-02T19:54:44.0000000Z","BusinessDomain"
"DATA\browser\operator_results\instantly_coo_mode_live_1783022093988.json","19639","2026-07-02T19:54:54.0000000Z","BusinessDomain"
"DATA\browser\operator_results\instantly_coo_mode_live_1783022105444.json","19639","2026-07-02T19:55:06.0000000Z","BusinessDomain"
"DATA\browser\operator_results\instantly_coo_mode_live_1783022117336.json","19639","2026-07-02T19:55:18.0000000Z","BusinessDomain"
"DATA\browser\operator_results\instantly_coo_mode_live_1783022437583.json","19639","2026-07-02T20:00:38.0000000Z","BusinessDomain"
"DATA\browser\operator_results\instantly_coo_mode_live_1783022449215.json","19639","2026-07-02T20:00:50.0000000Z","BusinessDomain"
"DATA\browser\operator_results\instantly_coo_mode_live_1783022460604.json","19639","2026-07-02T20:01:02.0000000Z","BusinessDomain"
"DATA\browser\operator_results\instantly_coo_mode_live_1783022472245.json","19639","2026-07-02T20:01:14.0000000Z","BusinessDomain"
"DATA\browser\operator_results\instantly_coo_mode_live_1783022785423.json","19639","2026-07-02T20:06:26.0000000Z","BusinessDomain"
"DATA\browser\operator_results\instantly_coo_mode_live_1783022796772.json","19639","2026-07-02T20:06:38.0000000Z","BusinessDomain"
"DATA\browser\operator_results\instantly_coo_mode_live_1783022807833.json","19639","2026-07-02T20:06:48.0000000Z","BusinessDomain"
"DATA\browser\operator_results\instantly_coo_mode_live_1783022819453.json","19639","2026-07-02T20:07:00.0000000Z","BusinessDomain"
"DATA\browser\operator_results\instantly_coo_mode_live_1783023141997.json","19639","2026-07-02T20:12:22.0000000Z","BusinessDomain"
"DATA\browser\operator_results\instantly_coo_mode_live_1783023158211.json","19639","2026-07-02T20:12:40.0000000Z","BusinessDomain"
"DATA\browser\operator_results\instantly_coo_mode_live_1783023169425.json","19639","2026-07-02T20:12:50.0000000Z","BusinessDomain"
"DATA\browser\operator_results\instantly_coo_mode_live_1783023181008.json","19639","2026-07-02T20:13:02.0000000Z","BusinessDomain"
"DATA\browser\operator_results\instantly_coo_mode_live_1783023493284.json","19639","2026-07-02T20:18:14.0000000Z","BusinessDomain"
"DATA\browser\operator_results\instantly_coo_mode_live_1783023504442.json","19639","2026-07-02T20:18:26.0000000Z","BusinessDomain"
"DATA\browser\operator_results\instantly_coo_mode_live_1783023515613.json","19639","2026-07-02T20:18:36.0000000Z","BusinessDomain"
"DATA\browser\operator_results\instantly_coo_mode_live_1783023527282.json","19639","2026-07-02T20:18:48.0000000Z","BusinessDomain"
"DATA\browser\operator_results\instantly_coo_mode_live_1783023839744.json","19639","2026-07-02T20:24:00.0000000Z","BusinessDomain"
"DATA\browser\operator_results\instantly_coo_mode_live_1783023851072.json","19639","2026-07-02T20:24:12.0000000Z","BusinessDomain"
"DATA\browser\operator_results\instantly_coo_mode_live_1783023862250.json","19639","2026-07-02T20:24:24.0000000Z","BusinessDomain"
"DATA\browser\operator_results\instantly_coo_mode_live_1783023873868.json","19639","2026-07-02T20:24:34.0000000Z","BusinessDomain"
"DATA\browser\operator_results\instantly_coo_mode_live_1783024186525.json","19639","2026-07-02T20:29:48.0000000Z","BusinessDomain"
"DATA\browser\operator_results\instantly_coo_mode_live_1783024197856.json","19639","2026-07-02T20:29:58.0000000Z","BusinessDomain"
"DATA\browser\operator_results\instantly_coo_mode_live_1783024209132.json","19639","2026-07-02T20:30:10.0000000Z","BusinessDomain"
"DATA\browser\operator_results\instantly_coo_mode_live_1783024221080.json","11980","2026-07-02T20:30:22.0000000Z","BusinessDomain"
"DATA\browser\operator_results\instantly_coo_mode_live_1783024533988.json","19639","2026-07-02T20:35:34.0000000Z","BusinessDomain"
"DATA\browser\operator_results\instantly_coo_mode_live_1783024583211.json","19639","2026-07-02T20:36:24.0000000Z","BusinessDomain"
"DATA\browser\operator_results\instantly_coo_mode_live_1783024900029.json","19639","2026-07-02T20:41:42.0000000Z","BusinessDomain"
"DATA\browser\operator_results\instantly_coo_mode_live_1783024911169.json","19639","2026-07-02T20:41:52.0000000Z","BusinessDomain"
"DATA\browser\operator_results\instantly_coo_mode_live_1783024922298.json","19639","2026-07-02T20:42:04.0000000Z","BusinessDomain"
"DATA\browser\operator_results\instantly_coo_mode_live_1783024933920.json","19639","2026-07-02T20:42:14.0000000Z","BusinessDomain"
"DATA\browser\operator_results\instantly_coo_mode_live_1783025246644.json","19639","2026-07-02T20:47:28.0000000Z","BusinessDomain"
"DATA\browser\operator_results\instantly_coo_mode_live_1783025258053.json","19639","2026-07-02T20:47:40.0000000Z","BusinessDomain"
"DATA\browser\operator_results\instantly_coo_mode_live_1783025269113.json","19639","2026-07-02T20:47:50.0000000Z","BusinessDomain"
"DATA\browser\operator_results\instantly_coo_mode_live_1783025280712.json","19639","2026-07-02T20:48:02.0000000Z","BusinessDomain"
"DATA\browser\operator_results\instantly_coo_mode_live_1783025599349.json","19639","2026-07-02T20:53:20.0000000Z","BusinessDomain"
"DATA\browser\operator_results\instantly_coo_mode_live_1783025610562.json","19639","2026-07-02T20:53:32.0000000Z","BusinessDomain"
"DATA\browser\operator_results\instantly_coo_mode_live_1783025621644.json","19639","2026-07-02T20:53:42.0000000Z","BusinessDomain"
"DATA\browser\operator_results\instantly_coo_mode_live_1783025633291.json","19639","2026-07-02T20:53:54.0000000Z","BusinessDomain"
"DATA\browser\operator_results\instantly_coo_mode_live_1783025945720.json","19639","2026-07-02T20:59:06.0000000Z","BusinessDomain"
"DATA\browser\operator_results\instantly_coo_mode_live_1783025956877.json","19639","2026-07-02T20:59:18.0000000Z","BusinessDomain"
"DATA\browser\operator_results\instantly_coo_mode_live_1783025968049.json","19639","2026-07-02T20:59:30.0000000Z","BusinessDomain"
"DATA\browser\operator_results\instantly_coo_mode_live_1783025979720.json","19639","2026-07-02T20:59:40.0000000Z","BusinessDomain"
"DATA\browser\operator_results\instantly_coo_mode_live_1783026292330.json","19639","2026-07-02T21:04:54.0000000Z","BusinessDomain"
"DATA\browser\operator_results\instantly_coo_mode_live_1783026303742.json","19639","2026-07-02T21:05:04.0000000Z","BusinessDomain"
"DATA\browser\operator_results\instantly_coo_mode_live_1783026314941.json","19639","2026-07-02T21:05:16.0000000Z","BusinessDomain"
"DATA\browser\operator_results\instantly_coo_mode_live_1783026326596.json","19639","2026-07-02T21:05:28.0000000Z","BusinessDomain"
"DATA\browser\operator_results\instantly_coo_mode_live_1783026643035.json","19639","2026-07-02T21:10:44.0000000Z","BusinessDomain"
"DATA\browser\operator_results\instantly_coo_mode_live_1783026654338.json","19639","2026-07-02T21:10:56.0000000Z","BusinessDomain"
"DATA\browser\operator_results\instantly_coo_mode_live_1783026665624.json","19639","2026-07-02T21:11:06.0000000Z","BusinessDomain"
"DATA\browser\operator_results\instantly_coo_mode_live_1783026677340.json","19639","2026-07-02T21:11:18.0000000Z","BusinessDomain"
"DATA\browser\operator_results\instantly_coo_mode_live_1783026989982.json","19639","2026-07-02T21:16:30.0000000Z","BusinessDomain"
"DATA\browser\operator_results\instantly_coo_mode_live_1783027001166.json","19639","2026-07-02T21:16:42.0000000Z","BusinessDomain"
"DATA\browser\operator_results\instantly_coo_mode_live_1783027012320.json","19639","2026-07-02T21:16:54.0000000Z","BusinessDomain"
"DATA\browser\operator_results\instantly_coo_mode_live_1783027023982.json","19639","2026-07-02T21:17:06.0000000Z","BusinessDomain"
"DATA\browser\operator_results\instantly_coo_mode_live_1783027337045.json","19639","2026-07-02T21:22:18.0000000Z","BusinessDomain"
"DATA\browser\operator_results\instantly_coo_mode_live_1783027348208.json","19639","2026-07-02T21:22:30.0000000Z","BusinessDomain"
"DATA\browser\operator_results\instantly_coo_mode_live_1783027359289.json","19639","2026-07-02T21:22:40.0000000Z","BusinessDomain"
"DATA\browser\operator_results\instantly_coo_mode_live_1783027370835.json","19639","2026-07-02T21:22:52.0000000Z","BusinessDomain"
"DATA\browser\operator_results\instantly_coo_mode_live_1783027683773.json","19639","2026-07-02T21:28:04.0000000Z","BusinessDomain"
"DATA\browser\operator_results\instantly_coo_mode_live_1783027695018.json","19639","2026-07-02T21:28:16.0000000Z","BusinessDomain"
"DATA\browser\operator_results\instantly_coo_mode_live_1783027706159.json","19639","2026-07-02T21:28:28.0000000Z","BusinessDomain"
"DATA\browser\operator_results\instantly_coo_mode_live_1783027718091.json","19639","2026-07-02T21:28:40.0000000Z","BusinessDomain"
"DATA\browser\operator_results\instantly_coo_mode_live_1783028030547.json","19639","2026-07-02T21:33:52.0000000Z","BusinessDomain"
"DATA\browser\operator_results\instantly_coo_mode_live_1783028041880.json","19639","2026-07-02T21:34:02.0000000Z","BusinessDomain"
"DATA\browser\operator_results\instantly_coo_mode_live_1783028053204.json","19639","2026-07-02T21:34:14.0000000Z","BusinessDomain"
"DATA\browser\operator_results\instantly_coo_mode_live_1783028064862.json","19639","2026-07-02T21:34:26.0000000Z","BusinessDomain"
"DATA\browser\operator_results\instantly_coo_mode_live_1783028377636.json","19639","2026-07-02T21:39:38.0000000Z","BusinessDomain"
"DATA\browser\operator_results\instantly_coo_mode_live_1783028389020.json","19639","2026-07-02T21:39:50.0000000Z","BusinessDomain"
"DATA\browser\operator_results\instantly_coo_mode_live_1783028400208.json","19639","2026-07-02T21:40:02.0000000Z","BusinessDomain"
"DATA\browser\operator_results\instantly_coo_mode_live_1783028411891.json","19639","2026-07-02T21:40:12.0000000Z","BusinessDomain"
"DATA\browser\operator_results\instantly_coo_mode_live_1783028724681.json","19639","2026-07-02T21:45:26.0000000Z","BusinessDomain"
"DATA\browser\operator_results\instantly_coo_mode_live_1783028735855.json","19639","2026-07-02T21:45:36.0000000Z","BusinessDomain"
"DATA\browser\operator_results\instantly_coo_mode_live_1783028747069.json","19639","2026-07-02T21:45:48.0000000Z","BusinessDomain"
"DATA\browser\operator_results\instantly_coo_mode_live_1783028758833.json","19639","2026-07-02T21:46:00.0000000Z","BusinessDomain"
"DATA\browser\operator_results\instantly_coo_mode_live_1783029071832.json","19639","2026-07-02T21:51:12.0000000Z","BusinessDomain"
"DATA\browser\operator_results\instantly_coo_mode_live_1783029083117.json","19639","2026-07-02T21:51:24.0000000Z","BusinessDomain"
"DATA\browser\operator_results\instantly_coo_mode_live_1783029094367.json","19639","2026-07-02T21:51:36.0000000Z","BusinessDomain"
"DATA\browser\operator_results\instantly_coo_mode_live_1783029106018.json","19639","2026-07-02T21:51:48.0000000Z","BusinessDomain"
"DATA\browser\operator_results\instantly_coo_mode_live_1783029424487.json","19639","2026-07-02T21:57:06.0000000Z","BusinessDomain"
"DATA\browser\operator_results\instantly_coo_mode_live_1783029435754.json","19639","2026-07-02T21:57:16.0000000Z","BusinessDomain"
"DATA\browser\operator_results\instantly_coo_mode_live_1783029446977.json","19639","2026-07-02T21:57:28.0000000Z","BusinessDomain"
"DATA\browser\operator_results\instantly_coo_mode_live_1783029458708.json","19639","2026-07-02T21:57:40.0000000Z","BusinessDomain"
"DATA\browser\operator_results\instantly_coo_mode_live_1783029771825.json","19639","2026-07-02T22:02:52.0000000Z","BusinessDomain"
"DATA\browser\operator_results\instantly_coo_mode_live_1783029783055.json","19639","2026-07-02T22:03:04.0000000Z","BusinessDomain"
"DATA\browser\operator_results\instantly_coo_mode_live_1783029794302.json","19639","2026-07-02T22:03:16.0000000Z","BusinessDomain"
"DATA\browser\operator_results\instantly_coo_mode_live_1783029806046.json","19639","2026-07-02T22:03:28.0000000Z","BusinessDomain"
"DATA\browser\operator_results\instantly_coo_mode_live_1783030118758.json","19639","2026-07-02T22:08:40.0000000Z","BusinessDomain"
"DATA\browser\operator_results\instantly_coo_mode_live_1783030130008.json","19639","2026-07-02T22:08:52.0000000Z","BusinessDomain"
"DATA\browser\operator_results\instantly_coo_mode_live_1783030141236.json","19639","2026-07-02T22:09:02.0000000Z","BusinessDomain"
"DATA\browser\operator_results\instantly_coo_mode_live_1783030152906.json","19639","2026-07-02T22:09:14.0000000Z","BusinessDomain"
"DATA\browser\operator_results\instantly_coo_mode_live_1783030472446.json","19639","2026-07-02T22:14:34.0000000Z","BusinessDomain"
"DATA\browser\operator_results\instantly_coo_mode_live_1783030483742.json","19639","2026-07-02T22:14:44.0000000Z","BusinessDomain"
"DATA\browser\operator_results\instantly_coo_mode_live_1783030494920.json","19639","2026-07-02T22:14:56.0000000Z","BusinessDomain"
"DATA\browser\operator_results\instantly_coo_mode_live_1783030506616.json","19639","2026-07-02T22:15:08.0000000Z","BusinessDomain"
"DATA\browser\operator_results\instantly_coo_mode_live_1783030819491.json","19639","2026-07-02T22:20:20.0000000Z","BusinessDomain"
"DATA\browser\operator_results\instantly_coo_mode_live_1783030831067.json","19639","2026-07-02T22:20:32.0000000Z","BusinessDomain"
"DATA\browser\operator_results\instantly_coo_mode_live_1783030842260.json","19639","2026-07-02T22:20:44.0000000Z","BusinessDomain"
"DATA\browser\operator_results\instantly_coo_mode_live_1783030854016.json","19639","2026-07-02T22:20:56.0000000Z","BusinessDomain"
"DATA\browser\operator_results\instantly_coo_mode_live_1783031176515.json","19639","2026-07-02T22:26:18.0000000Z","BusinessDomain"
"DATA\browser\operator_results\instantly_coo_mode_live_1783031187992.json","19639","2026-07-02T22:26:28.0000000Z","BusinessDomain"
"DATA\browser\operator_results\instantly_coo_mode_live_1783031199181.json","19639","2026-07-02T22:26:40.0000000Z","BusinessDomain"
"DATA\browser\operator_results\instantly_coo_mode_live_1783031211269.json","19639","2026-07-02T22:26:52.0000000Z","BusinessDomain"
"DATA\browser\operator_results\instantly_coo_mode_live_1783031524335.json","19639","2026-07-02T22:32:06.0000000Z","BusinessDomain"
"DATA\browser\operator_results\instantly_coo_mode_live_1783031535662.json","19639","2026-07-02T22:32:16.0000000Z","BusinessDomain"
"DATA\browser\operator_results\instantly_coo_mode_live_1783031547338.json","19639","2026-07-02T22:32:28.0000000Z","BusinessDomain"
"DATA\browser\operator_results\instantly_coo_mode_live_1783031559185.json","19639","2026-07-02T22:32:40.0000000Z","BusinessDomain"
"DATA\browser\operator_results\instantly_coo_mode_live_1783031872219.json","19639","2026-07-02T22:37:54.0000000Z","BusinessDomain"
"DATA\browser\operator_results\instantly_coo_mode_live_1783031883651.json","19639","2026-07-02T22:38:04.0000000Z","BusinessDomain"
"DATA\browser\operator_results\instantly_coo_mode_live_1783032197608.json","19639","2026-07-02T22:43:18.0000000Z","BusinessDomain"
"DATA\browser\operator_results\instantly_coo_mode_live_1783032208985.json","19639","2026-07-02T22:43:30.0000000Z","BusinessDomain"
"DATA\browser\operator_results\instantly_coo_mode_live_1783032220363.json","19639","2026-07-02T22:43:42.0000000Z","BusinessDomain"
"DATA\browser\operator_results\instantly_coo_mode_live_1783032232424.json","19639","2026-07-02T22:43:54.0000000Z","BusinessDomain"
"DATA\browser\operator_results\instantly_coo_mode_live_1783032545089.json","19639","2026-07-02T22:49:06.0000000Z","BusinessDomain"
"DATA\browser\operator_results\instantly_coo_mode_live_1783032556591.json","19639","2026-07-02T22:49:18.0000000Z","BusinessDomain"
"DATA\browser\operator_results\instantly_coo_mode_live_1783032568027.json","19639","2026-07-02T22:49:30.0000000Z","BusinessDomain"
"DATA\browser\operator_results\instantly_coo_mode_live_1783032579730.json","19639","2026-07-02T22:49:40.0000000Z","BusinessDomain"
"DATA\browser\operator_results\instantly_coo_mode_live_1783032892479.json","19639","2026-07-02T22:54:54.0000000Z","BusinessDomain"
"DATA\browser\operator_results\instantly_coo_mode_live_1783032903833.json","19639","2026-07-02T22:55:04.0000000Z","BusinessDomain"
"DATA\browser\operator_results\instantly_coo_mode_live_1783032915403.json","19639","2026-07-02T22:55:16.0000000Z","BusinessDomain"
"DATA\browser\operator_results\instantly_coo_mode_live_1783032927335.json","19639","2026-07-02T22:55:28.0000000Z","BusinessDomain"
"DATA\browser\operator_results\instantly_coo_mode_live_1783033241579.json","19639","2026-07-02T23:00:42.0000000Z","BusinessDomain"
"DATA\browser\operator_results\instantly_coo_mode_live_1783033253016.json","19639","2026-07-02T23:00:54.0000000Z","BusinessDomain"
"DATA\browser\operator_results\instantly_coo_mode_live_1783033264510.json","19639","2026-07-02T23:01:06.0000000Z","BusinessDomain"
"DATA\browser\operator_results\instantly_coo_mode_live_1783033276467.json","19639","2026-07-02T23:01:18.0000000Z","BusinessDomain"
"DATA\browser\operator_results\instantly_coo_mode_live_1783033590661.json","19639","2026-07-02T23:06:32.0000000Z","BusinessDomain"
"DATA\browser\operator_results\instantly_coo_mode_live_1783033602128.json","19639","2026-07-02T23:06:44.0000000Z","BusinessDomain"
"DATA\browser\operator_results\instantly_coo_mode_live_1783033613447.json","19639","2026-07-02T23:06:54.0000000Z","BusinessDomain"
"DATA\browser\operator_results\instantly_coo_mode_live_1783033625621.json","19639","2026-07-02T23:07:06.0000000Z","BusinessDomain"
"DATA\browser\operator_results\instantly_coo_mode_live_1783033945359.json","19639","2026-07-02T23:12:26.0000000Z","BusinessDomain"
"DATA\browser\operator_results\instantly_coo_mode_live_1783033956622.json","19639","2026-07-02T23:12:38.0000000Z","BusinessDomain"
"DATA\browser\operator_results\instantly_coo_mode_live_1783033967659.json","19639","2026-07-02T23:12:48.0000000Z","BusinessDomain"
"DATA\browser\operator_results\instantly_coo_mode_live_1783033980417.json","19639","2026-07-02T23:13:02.0000000Z","BusinessDomain"
"DATA\browser\operator_results\instantly_coo_mode_live_1783034304202.json","19639","2026-07-02T23:18:26.0000000Z","BusinessDomain"
"DATA\browser\operator_results\instantly_coo_mode_live_1783034316070.json","19639","2026-07-02T23:18:38.0000000Z","BusinessDomain"
"DATA\browser\operator_results\instantly_coo_mode_live_1783034327679.json","19639","2026-07-02T23:18:48.0000000Z","BusinessDomain"
"DATA\browser\operator_results\instantly_coo_mode_live_1783034339701.json","19639","2026-07-02T23:19:00.0000000Z","BusinessDomain"
"DATA\browser\operator_results\instantly_coo_mode_live_1783034660602.json","19639","2026-07-02T23:24:22.0000000Z","BusinessDomain"
"DATA\browser\operator_results\instantly_coo_mode_live_1783034672202.json","19639","2026-07-02T23:24:34.0000000Z","BusinessDomain"
"DATA\browser\operator_results\instantly_coo_mode_live_1783034683359.json","19639","2026-07-02T23:24:44.0000000Z","BusinessDomain"
"DATA\browser\operator_results\instantly_coo_mode_live_1783034695482.json","19639","2026-07-02T23:24:56.0000000Z","BusinessDomain"
"DATA\browser\operator_results\instantly_coo_mode_live_1783035016814.json","19639","2026-07-02T23:30:18.0000000Z","BusinessDomain"
"DATA\browser\operator_results\instantly_coo_mode_live_1783035028200.json","19639","2026-07-02T23:30:30.0000000Z","BusinessDomain"
"DATA\browser\operator_results\instantly_coo_mode_live_1783035039457.json","19639","2026-07-02T23:30:40.0000000Z","BusinessDomain"
"DATA\browser\operator_results\instantly_coo_mode_live_1783035051613.json","19639","2026-07-02T23:30:52.0000000Z","BusinessDomain"
"DATA\browser\operator_results\instantly_coo_mode_live_1783035374211.json","19639","2026-07-02T23:36:16.0000000Z","BusinessDomain"
"DATA\browser\operator_results\instantly_coo_mode_live_1783035385745.json","19639","2026-07-02T23:36:26.0000000Z","BusinessDomain"
"DATA\browser\operator_results\instantly_coo_mode_live_1783035397138.json","19639","2026-07-02T23:36:38.0000000Z","BusinessDomain"
"DATA\browser\operator_results\instantly_coo_mode_live_1783035409062.json","19639","2026-07-02T23:36:50.0000000Z","BusinessDomain"
"DATA\browser\operator_results\instantly_coo_mode_live_1783035728942.json","19639","2026-07-02T23:42:10.0000000Z","BusinessDomain"
"DATA\browser\operator_results\instantly_coo_mode_live_1783035740976.json","19639","2026-07-02T23:42:22.0000000Z","BusinessDomain"
"DATA\browser\operator_results\instantly_coo_mode_live_1783035752333.json","19639","2026-07-02T23:42:34.0000000Z","BusinessDomain"
"DATA\browser\operator_results\instantly_coo_mode_live_1783035764624.json","19639","2026-07-02T23:42:46.0000000Z","BusinessDomain"
"DATA\browser\operator_results\instantly_coo_mode_live_1783036086305.json","19639","2026-07-02T23:48:08.0000000Z","BusinessDomain"
"DATA\browser\operator_results\instantly_coo_mode_live_1783036097761.json","19639","2026-07-02T23:48:18.0000000Z","BusinessDomain"
"DATA\browser\operator_results\instantly_coo_mode_live_1783036109003.json","19639","2026-07-02T23:48:30.0000000Z","BusinessDomain"
"DATA\browser\operator_results\instantly_coo_mode_live_1783036120869.json","19639","2026-07-02T23:48:42.0000000Z","BusinessDomain"
"DATA\browser\operator_results\instantly_coo_mode_live_1783036433837.json","19639","2026-07-02T23:53:54.0000000Z","BusinessDomain"
"DATA\browser\operator_results\instantly_coo_mode_live_1783036445214.json","19639","2026-07-02T23:54:06.0000000Z","BusinessDomain"
"DATA\browser\operator_results\instantly_coo_mode_live_1783036456484.json","19639","2026-07-02T23:54:18.0000000Z","BusinessDomain"
"DATA\browser\operator_results\instantly_coo_mode_live_1783036468373.json","19639","2026-07-02T23:54:30.0000000Z","BusinessDomain"
"DATA\browser\operator_results\instantly_coo_mode_live_1783036781384.json","19639","2026-07-02T23:59:42.0000000Z","BusinessDomain"
"DATA\browser\operator_results\instantly_coo_mode_live_1783036792782.json","19639","2026-07-02T23:59:54.0000000Z","BusinessDomain"
"DATA\browser\operator_results\instantly_coo_mode_live_1783036804280.json","19639","2026-07-03T00:00:06.0000000Z","BusinessDomain"
"DATA\browser\operator_results\instantly_coo_mode_live_1783036816117.json","19639","2026-07-03T00:00:18.0000000Z","BusinessDomain"
"DATA\browser\operator_results\instantly_coo_mode_live_1783037129433.json","19639","2026-07-03T00:05:30.0000000Z","BusinessDomain"
"DATA\browser\operator_results\instantly_coo_mode_live_1783037141050.json","19639","2026-07-03T00:05:42.0000000Z","BusinessDomain"
"DATA\browser\operator_results\instantly_coo_mode_live_1783037152767.json","19639","2026-07-03T00:05:54.0000000Z","BusinessDomain"
"DATA\browser\operator_results\instantly_coo_mode_live_1783037164884.json","19639","2026-07-03T00:06:06.0000000Z","BusinessDomain"
"DATA\browser\operator_results\instantly_coo_mode_live_1783037484177.json","19639","2026-07-03T00:11:26.0000000Z","BusinessDomain"
"DATA\browser\operator_results\instantly_coo_mode_live_1783037495449.json","19639","2026-07-03T00:11:36.0000000Z","BusinessDomain"
"DATA\browser\operator_results\instantly_coo_mode_live_1783037506940.json","19639","2026-07-03T00:11:48.0000000Z","BusinessDomain"
"DATA\browser\operator_results\instantly_coo_mode_live_1783037518881.json","19639","2026-07-03T00:12:00.0000000Z","BusinessDomain"
"DATA\browser\operator_results\instantly_coo_mode_live_1783037831732.json","19639","2026-07-03T00:17:12.0000000Z","BusinessDomain"
"DATA\browser\operator_results\instantly_coo_mode_live_1783037843054.json","19639","2026-07-03T00:17:24.0000000Z","BusinessDomain"
"DATA\browser\operator_results\instantly_coo_mode_live_1783037854512.json","19639","2026-07-03T00:17:36.0000000Z","BusinessDomain"
"DATA\browser\operator_results\instantly_coo_mode_live_1783037866410.json","19639","2026-07-03T00:17:48.0000000Z","BusinessDomain"
"DATA\browser\operator_results\instantly_coo_mode_live_1783038179541.json","19639","2026-07-03T00:23:00.0000000Z","BusinessDomain"
"DATA\browser\operator_results\instantly_coo_mode_live_1783038190983.json","19639","2026-07-03T00:23:12.0000000Z","BusinessDomain"
"DATA\browser\operator_results\instantly_coo_mode_live_1783038202296.json","19639","2026-07-03T00:23:24.0000000Z","BusinessDomain"
"DATA\browser\operator_results\instantly_coo_mode_live_1783038214195.json","19639","2026-07-03T00:23:36.0000000Z","BusinessDomain"
"DATA\browser\operator_results\instantly_coo_mode_live_1783038527544.json","19639","2026-07-03T00:28:48.0000000Z","BusinessDomain"
"DATA\browser\operator_results\instantly_coo_mode_live_1783038539033.json","19639","2026-07-03T00:29:00.0000000Z","BusinessDomain"
"DATA\browser\operator_results\instantly_coo_mode_live_1783038550780.json","19639","2026-07-03T00:29:12.0000000Z","BusinessDomain"
"DATA\browser\operator_results\instantly_coo_mode_live_1783038562681.json","19639","2026-07-03T00:29:24.0000000Z","BusinessDomain"
"DATA\browser\operator_results\instantly_coo_mode_live_1783038877178.json","19639","2026-07-03T00:34:38.0000000Z","BusinessDomain"
"DATA\browser\operator_results\instantly_coo_mode_live_1783038888979.json","19639","2026-07-03T00:34:50.0000000Z","BusinessDomain"
"DATA\browser\operator_results\instantly_coo_mode_live_1783038900444.json","19639","2026-07-03T00:35:02.0000000Z","BusinessDomain"
"DATA\browser\operator_results\instantly_coo_mode_live_1783038912259.json","19639","2026-07-03T00:35:14.0000000Z","BusinessDomain"
"DATA\browser\operator_results\instantly_coo_mode_live_1783039231497.json","19639","2026-07-03T00:40:32.0000000Z","BusinessDomain"
"DATA\browser\operator_results\instantly_coo_mode_live_1783039243003.json","19639","2026-07-03T00:40:44.0000000Z","BusinessDomain"
"DATA\browser\operator_results\instantly_coo_mode_live_1783039254430.json","19639","2026-07-03T00:40:56.0000000Z","BusinessDomain"
"DATA\browser\operator_results\instantly_coo_mode_live_1783039266998.json","19639","2026-07-03T00:41:08.0000000Z","BusinessDomain"
"DATA\browser\operator_results\instantly_coo_mode_live_1783039580899.json","19639","2026-07-03T00:46:22.0000000Z","BusinessDomain"
"DATA\browser\operator_results\instantly_coo_mode_live_1783039592124.json","19639","2026-07-03T00:46:34.0000000Z","BusinessDomain"
"DATA\browser\operator_results\instantly_coo_mode_live_1783039603440.json","19639","2026-07-03T00:46:44.0000000Z","BusinessDomain"
"DATA\browser\operator_results\instantly_coo_mode_live_1783039615341.json","19639","2026-07-03T00:46:56.0000000Z","BusinessDomain"
"DATA\browser\operator_results\instantly_coo_mode_live_1783039928567.json","19639","2026-07-03T00:52:10.0000000Z","BusinessDomain"
"DATA\browser\operator_results\instantly_coo_mode_live_1783039940035.json","19639","2026-07-03T00:52:22.0000000Z","BusinessDomain"
"DATA\browser\operator_results\instantly_coo_mode_live_1783039951268.json","19639","2026-07-03T00:52:32.0000000Z","BusinessDomain"
"DATA\browser\operator_results\instantly_coo_mode_live_1783039963097.json","19639","2026-07-03T00:52:44.0000000Z","BusinessDomain"
"DATA\browser\operator_results\instantly_coo_mode_live_1783040275785.json","19639","2026-07-03T00:57:56.0000000Z","BusinessDomain"
"DATA\browser\operator_results\instantly_coo_mode_live_1783040287202.json","19639","2026-07-03T00:58:08.0000000Z","BusinessDomain"
"DATA\browser\operator_results\instantly_coo_mode_live_1783040298454.json","19639","2026-07-03T00:58:20.0000000Z","BusinessDomain"
"DATA\browser\operator_results\instantly_coo_mode_live_1783040310334.json","19639","2026-07-03T00:58:32.0000000Z","BusinessDomain"
"DATA\browser\operator_results\instantly_coo_mode_live_1783040624661.json","19639","2026-07-03T01:03:46.0000000Z","BusinessDomain"
"DATA\browser\operator_results\instantly_coo_mode_live_1783040636291.json","19639","2026-07-03T01:03:58.0000000Z","BusinessDomain"
"DATA\browser\operator_results\instantly_coo_mode_live_1783040647602.json","19639","2026-07-03T01:04:08.0000000Z","BusinessDomain"
"DATA\browser\operator_results\instantly_coo_mode_live_1783040660039.json","19639","2026-07-03T01:04:22.0000000Z","BusinessDomain"
"DATA\browser\operator_results\instantly_coo_mode_live_1783040979766.json","19639","2026-07-03T01:09:40.0000000Z","BusinessDomain"
"DATA\browser\operator_results\instantly_coo_mode_live_1783040991411.json","19639","2026-07-03T01:09:52.0000000Z","BusinessDomain"
"DATA\browser\operator_results\instantly_coo_mode_live_1783041002836.json","19639","2026-07-03T01:10:04.0000000Z","BusinessDomain"
"DATA\browser\operator_results\instantly_coo_mode_live_1783041014794.json","19639","2026-07-03T01:10:16.0000000Z","BusinessDomain"
"DATA\browser\operator_results\instantly_coo_mode_live_1783041336829.json","19639","2026-07-03T01:15:38.0000000Z","BusinessDomain"
"DATA\browser\operator_results\instantly_coo_mode_live_1783041348435.json","19639","2026-07-03T01:15:50.0000000Z","BusinessDomain"
"DATA\browser\operator_results\instantly_coo_mode_live_1783041359765.json","19639","2026-07-03T01:16:00.0000000Z","BusinessDomain"
"DATA\browser\operator_results\instantly_coo_mode_live_1783041371629.json","19639","2026-07-03T01:16:12.0000000Z","BusinessDomain"
"DATA\browser\operator_results\instantly_coo_mode_live_1783041694328.json","19639","2026-07-03T01:21:36.0000000Z","BusinessDomain"
"DATA\browser\operator_results\instantly_coo_mode_live_1783041705833.json","19639","2026-07-03T01:21:46.0000000Z","BusinessDomain"
"DATA\browser\operator_results\instantly_coo_mode_live_1783041717277.json","19639","2026-07-03T01:21:58.0000000Z","BusinessDomain"
"DATA\browser\operator_results\instantly_coo_mode_live_1783041729476.json","19639","2026-07-03T01:22:10.0000000Z","BusinessDomain"
"DATA\browser\operator_results\instantly_coo_mode_live_1783042042669.json","19639","2026-07-03T01:27:24.0000000Z","BusinessDomain"
"DATA\browser\operator_results\instantly_coo_mode_live_1783042054296.json","19639","2026-07-03T01:27:36.0000000Z","BusinessDomain"
"DATA\browser\operator_results\instantly_coo_mode_live_1783042065668.json","19639","2026-07-03T01:27:46.0000000Z","BusinessDomain"
"DATA\browser\operator_results\instantly_coo_mode_live_1783042077647.json","19639","2026-07-03T01:27:58.0000000Z","BusinessDomain"
"DATA\browser\operator_results\instantly_coo_mode_live_1783042398086.json","19639","2026-07-03T01:33:20.0000000Z","BusinessDomain"
"DATA\browser\operator_results\instantly_coo_mode_live_1783042409575.json","19639","2026-07-03T01:33:30.0000000Z","BusinessDomain"
"DATA\browser\operator_results\instantly_coo_mode_live_1783042421172.json","19639","2026-07-03T01:33:42.0000000Z","BusinessDomain"
"DATA\browser\operator_results\instantly_coo_mode_live_1783042433197.json","19639","2026-07-03T01:33:54.0000000Z","BusinessDomain"
"DATA\browser\operator_results\instantly_coo_mode_live_1783042754929.json","19639","2026-07-03T01:39:16.0000000Z","BusinessDomain"
"DATA\browser\operator_results\instantly_coo_mode_live_1783042766630.json","19639","2026-07-03T01:39:28.0000000Z","BusinessDomain"
"DATA\browser\operator_results\instantly_coo_mode_live_1783042778109.json","19639","2026-07-03T01:39:40.0000000Z","BusinessDomain"
"DATA\browser\operator_results\instantly_coo_mode_live_1783042790126.json","19639","2026-07-03T01:39:52.0000000Z","BusinessDomain"
"DATA\browser\operator_results\instantly_coo_mode_live_1783043106088.json","19639","2026-07-03T01:45:08.0000000Z","BusinessDomain"
"DATA\browser\operator_results\instantly_coo_mode_live_1783043117472.json","19639","2026-07-03T01:45:18.0000000Z","BusinessDomain"
"DATA\browser\operator_results\instantly_coo_mode_live_1783043128820.json","19639","2026-07-03T01:45:30.0000000Z","BusinessDomain"
"DATA\browser\operator_results\instantly_coo_mode_live_1783043140708.json","19639","2026-07-03T01:45:42.0000000Z","BusinessDomain"
"DATA\browser\operator_results\instantly_coo_mode_live_1783043453594.json","19639","2026-07-03T01:50:54.0000000Z","BusinessDomain"
"DATA\browser\operator_results\instantly_coo_mode_live_1783043464786.json","19639","2026-07-03T01:51:06.0000000Z","BusinessDomain"
"DATA\browser\operator_results\instantly_coo_mode_live_1783043476152.json","19639","2026-07-03T01:51:18.0000000Z","BusinessDomain"
"DATA\browser\operator_results\instantly_coo_mode_live_1783043488006.json","19639","2026-07-03T01:51:30.0000000Z","BusinessDomain"
"DATA\browser\operator_results\instantly_coo_mode_live_1783043801317.json","19639","2026-07-03T01:56:42.0000000Z","BusinessDomain"
"DATA\browser\operator_results\instantly_coo_mode_live_1783043812613.json","19639","2026-07-03T01:56:54.0000000Z","BusinessDomain"
"DATA\browser\operator_results\instantly_coo_mode_live_1783043823969.json","19639","2026-07-03T01:57:04.0000000Z","BusinessDomain"
"DATA\browser\operator_results\instantly_coo_mode_live_1783043835905.json","19639","2026-07-03T01:57:16.0000000Z","BusinessDomain"
"DATA\browser\operator_results\instantly_coo_mode_live_1783044149157.json","19639","2026-07-03T02:02:30.0000000Z","BusinessDomain"
"DATA\browser\operator_results\instantly_coo_mode_live_1783044160551.json","19639","2026-07-03T02:02:42.0000000Z","BusinessDomain"
"DATA\browser\operator_results\instantly_coo_mode_live_1783044171840.json","19639","2026-07-03T02:02:52.0000000Z","BusinessDomain"
"DATA\browser\operator_results\instantly_coo_mode_live_1783044183770.json","19639","2026-07-03T02:03:04.0000000Z","BusinessDomain"
"DATA\browser\operator_results\instantly_coo_mode_live_1783044497765.json","19639","2026-07-03T02:08:18.0000000Z","BusinessDomain"
"DATA\browser\operator_results\instantly_coo_mode_live_1783044509301.json","19639","2026-07-03T02:08:30.0000000Z","BusinessDomain"
"DATA\browser\operator_results\instantly_coo_mode_live_1783044520691.json","19639","2026-07-03T02:08:42.0000000Z","BusinessDomain"
"DATA\browser\operator_results\instantly_coo_mode_live_1783044532635.json","19639","2026-07-03T02:08:54.0000000Z","BusinessDomain"
"DATA\browser\operator_results\instantly_coo_mode_live_1783044848841.json","19639","2026-07-03T02:14:10.0000000Z","BusinessDomain"
"DATA\browser\operator_results\instantly_coo_mode_live_1783044860640.json","19639","2026-07-03T02:14:22.0000000Z","BusinessDomain"
"DATA\browser\operator_results\instantly_coo_mode_live_1783044871968.json","19639","2026-07-03T02:14:32.0000000Z","BusinessDomain"
"DATA\browser\operator_results\instantly_coo_mode_live_1783044884422.json","19639","2026-07-03T02:14:46.0000000Z","BusinessDomain"
"DATA\browser\operator_results\instantly_coo_mode_live_1783045198553.json","19639","2026-07-03T02:20:00.0000000Z","BusinessDomain"
"DATA\browser\operator_results\instantly_coo_mode_live_1783045210173.json","19639","2026-07-03T02:20:12.0000000Z","BusinessDomain"
"DATA\browser\operator_results\instantly_coo_mode_live_1783045221573.json","19639","2026-07-03T02:20:22.0000000Z","BusinessDomain"
"DATA\browser\operator_results\instantly_coo_mode_live_1783045233934.json","19639","2026-07-03T02:20:34.0000000Z","BusinessDomain"
"DATA\browser\operator_results\instantly_coo_mode_live_1783045555535.json","19639","2026-07-03T02:25:56.0000000Z","BusinessDomain"
"DATA\browser\operator_results\instantly_coo_mode_live_1783045567396.json","19639","2026-07-03T02:26:08.0000000Z","BusinessDomain"
"DATA\browser\operator_results\instantly_coo_mode_live_1783045578989.json","19639","2026-07-03T02:26:20.0000000Z","BusinessDomain"
"DATA\browser\operator_results\instantly_coo_mode_live_1783045591004.json","19639","2026-07-03T02:26:32.0000000Z","BusinessDomain"
"DATA\browser\operator_results\instantly_coo_mode_live_1783101178620.json","19639","2026-07-03T17:53:00.0000000Z","BusinessDomain"
"DATA\browser\operator_results\instantly_coo_mode_live_1783101190373.json","19639","2026-07-03T17:53:12.0000000Z","BusinessDomain"
"DATA\browser\operator_results\instantly_coo_mode_live_1783101201439.json","19639","2026-07-03T17:53:22.0000000Z","BusinessDomain"
"DATA\browser\operator_results\instantly_coo_mode_live_1783101213297.json","19639","2026-07-03T17:53:34.0000000Z","BusinessDomain"
"DATA\browser\operator_results\instantly_coo_mode_live_1783108982963.json","19639","2026-07-03T20:03:04.0000000Z","BusinessDomain"
"DATA\browser\operator_results\instantly_coo_mode_live_1783108995598.json","19639","2026-07-03T20:03:16.0000000Z","BusinessDomain"
"DATA\browser\operator_results\instantly_coo_mode_live_1783109007031.json","19639","2026-07-03T20:03:28.0000000Z","BusinessDomain"
"DATA\browser\operator_results\instantly_coo_mode_live_1783109019112.json","19639","2026-07-03T20:03:40.0000000Z","BusinessDomain"
"DATA\browser\operator_results\instantly_coo_mode_live_1783109341948.json","19639","2026-07-03T20:09:02.0000000Z","BusinessDomain"
"DATA\browser\operator_results\instantly_coo_mode_live_1783109353500.json","19639","2026-07-03T20:09:14.0000000Z","BusinessDomain"
"DATA\browser\operator_results\instantly_coo_mode_live_1783109364939.json","19639","2026-07-03T20:09:26.0000000Z","BusinessDomain"
"DATA\browser\operator_results\instantly_coo_mode_live_1783109376964.json","19639","2026-07-03T20:09:38.0000000Z","BusinessDomain"
"DATA\browser\operator_results\instantly_coo_mode_live_1783109697895.json","19639","2026-07-03T20:14:58.0000000Z","BusinessDomain"
"DATA\browser\operator_results\instantly_coo_mode_live_1783109709428.json","19639","2026-07-03T20:15:10.0000000Z","BusinessDomain"
"DATA\browser\operator_results\instantly_coo_mode_live_1783109720825.json","19639","2026-07-03T20:15:22.0000000Z","BusinessDomain"
"DATA\browser\operator_results\instantly_coo_mode_live_1783109733191.json","19639","2026-07-03T20:15:34.0000000Z","BusinessDomain"
"DATA\browser\operator_results\instantly_coo_mode_live_1783110056179.json","19639","2026-07-03T20:20:58.0000000Z","BusinessDomain"
"DATA\browser\operator_results\instantly_coo_mode_live_1783110067784.json","19639","2026-07-03T20:21:08.0000000Z","BusinessDomain"
"DATA\browser\operator_results\instantly_coo_mode_live_1783110079276.json","19639","2026-07-03T20:21:20.0000000Z","BusinessDomain"
"DATA\browser\operator_results\instantly_coo_mode_live_1783110091241.json","19639","2026-07-03T20:21:32.0000000Z","BusinessDomain"
"DATA\browser\operator_results\instantly_coo_mode_live_1783110412973.json","19639","2026-07-03T20:26:54.0000000Z","BusinessDomain"
"DATA\browser\operator_results\instantly_coo_mode_live_1783110424665.json","19639","2026-07-03T20:27:06.0000000Z","BusinessDomain"
"DATA\browser\operator_results\instantly_coo_mode_live_1783110436579.json","19639","2026-07-03T20:27:18.0000000Z","BusinessDomain"
"DATA\browser\operator_results\instantly_coo_mode_live_1783110448577.json","19639","2026-07-03T20:27:30.0000000Z","BusinessDomain"
"DATA\browser\operator_results\instantly_coo_mode_live_1783110761999.json","19639","2026-07-03T20:32:44.0000000Z","BusinessDomain"
"DATA\browser\operator_results\instantly_coo_mode_live_1783110811492.json","19639","2026-07-03T20:33:32.0000000Z","BusinessDomain"
"DATA\browser\operator_results\instantly_coo_mode_live_1783110823567.json","19639","2026-07-03T20:33:44.0000000Z","BusinessDomain"
"DATA\browser\operator_results\instantly_coo_mode_live_1783111143445.json","19639","2026-07-03T20:39:04.0000000Z","BusinessDomain"
"DATA\browser\operator_results\instantly_coo_mode_live_1783111154833.json","19639","2026-07-03T20:39:16.0000000Z","BusinessDomain"
"DATA\browser\operator_results\instantly_coo_mode_live_1783111166294.json","19639","2026-07-03T20:39:28.0000000Z","BusinessDomain"
"DATA\browser\operator_results\instantly_coo_mode_live_1783111178306.json","19639","2026-07-03T20:39:40.0000000Z","BusinessDomain"
"DATA\browser\operator_results\instantly_coo_mode_live_1783111497271.json","19639","2026-07-03T20:44:58.0000000Z","BusinessDomain"
"DATA\browser\operator_results\instantly_coo_mode_live_1783111508674.json","19639","2026-07-03T20:45:10.0000000Z","BusinessDomain"
"DATA\browser\operator_results\instantly_coo_mode_live_1783111520284.json","19639","2026-07-03T20:45:22.0000000Z","BusinessDomain"
"DATA\browser\operator_results\instantly_coo_mode_live_1783111532318.json","19639","2026-07-03T20:45:34.0000000Z","BusinessDomain"
"DATA\browser\operator_results\instantly_coo_mode_live_1783111853438.json","19639","2026-07-03T20:50:54.0000000Z","BusinessDomain"
"DATA\browser\operator_results\instantly_coo_mode_live_1783111865062.json","19639","2026-07-03T20:51:06.0000000Z","BusinessDomain"
"DATA\browser\operator_results\instantly_coo_mode_live_1783111876464.json","19639","2026-07-03T20:51:18.0000000Z","BusinessDomain"
"DATA\browser\operator_results\instantly_coo_mode_live_1783111888580.json","19639","2026-07-03T20:51:30.0000000Z","BusinessDomain"
"DATA\browser\operator_results\instantly_coo_mode_live_1783112208806.json","19639","2026-07-03T20:56:50.0000000Z","BusinessDomain"
"DATA\browser\operator_results\instantly_coo_mode_live_1783112220136.json","19639","2026-07-03T20:57:02.0000000Z","BusinessDomain"
"DATA\browser\operator_results\instantly_coo_mode_live_1783112231465.json","19639","2026-07-03T20:57:12.0000000Z","BusinessDomain"
"DATA\browser\operator_results\instantly_coo_mode_live_1783112243326.json","19639","2026-07-03T20:57:24.0000000Z","BusinessDomain"
"DATA\browser\operator_results\instantly_coo_mode_live_1783112556820.json","19639","2026-07-03T21:02:38.0000000Z","BusinessDomain"
"DATA\browser\operator_results\instantly_coo_mode_live_1783112568583.json","19639","2026-07-03T21:02:50.0000000Z","BusinessDomain"
"DATA\browser\operator_results\instantly_coo_mode_live_1783112580033.json","19639","2026-07-03T21:03:02.0000000Z","BusinessDomain"
"DATA\browser\operator_results\instantly_coo_mode_live_1783112592489.json","19639","2026-07-03T21:03:14.0000000Z","BusinessDomain"
"DATA\browser\operator_results\instantly_coo_mode_live_1783112906470.json","19639","2026-07-03T21:08:28.0000000Z","BusinessDomain"
"DATA\browser\operator_results\instantly_coo_mode_live_1783112918357.json","19639","2026-07-03T21:08:40.0000000Z","BusinessDomain"
"DATA\browser\operator_results\instantly_coo_mode_live_1783112929982.json","19639","2026-07-03T21:08:50.0000000Z","BusinessDomain"
"DATA\browser\operator_results\instantly_coo_mode_live_1783112942463.json","19639","2026-07-03T21:09:04.0000000Z","BusinessDomain"
"DATA\browser\operator_results\instantly_coo_mode_live_1783113258268.json","19639","2026-07-03T21:14:20.0000000Z","BusinessDomain"
"DATA\browser\operator_results\instantly_coo_mode_live_1783113270027.json","19639","2026-07-03T21:14:32.0000000Z","BusinessDomain"
"DATA\browser\operator_results\instantly_coo_mode_live_1783113281246.json","19639","2026-07-03T21:14:42.0000000Z","BusinessDomain"
"DATA\browser\operator_results\instantly_coo_mode_live_1783113294011.json","19639","2026-07-03T21:14:56.0000000Z","BusinessDomain"
"DATA\browser\operator_results\instantly_coo_mode_live_1783113608531.json","19639","2026-07-03T21:20:10.0000000Z","BusinessDomain"
"DATA\browser\operator_results\instantly_coo_mode_live_1783113620303.json","19639","2026-07-03T21:20:22.0000000Z","BusinessDomain"
"DATA\browser\operator_results\instantly_coo_mode_live_1783113632084.json","19639","2026-07-03T21:20:34.0000000Z","BusinessDomain"
"DATA\browser\operator_results\instantly_coo_mode_live_1783113644995.json","19639","2026-07-03T21:20:46.0000000Z","BusinessDomain"
"DATA\browser\operator_results\instantly_coo_mode_live_1783113958957.json","19639","2026-07-03T21:26:00.0000000Z","BusinessDomain"
"DATA\browser\operator_results\instantly_coo_mode_live_1783113970972.json","19639","2026-07-03T21:26:12.0000000Z","BusinessDomain"
"DATA\browser\operator_results\instantly_coo_mode_live_1783113983086.json","19639","2026-07-03T21:26:24.0000000Z","BusinessDomain"
"DATA\browser\operator_results\instantly_coo_mode_live_1783113995781.json","19639","2026-07-03T21:26:36.0000000Z","BusinessDomain"
"DATA\browser\operator_results\instantly_coo_mode_live_1783114310048.json","19639","2026-07-03T21:31:52.0000000Z","BusinessDomain"
"DATA\browser\operator_results\instantly_coo_mode_live_1783114322147.json","19639","2026-07-03T21:32:04.0000000Z","BusinessDomain"
"DATA\browser\operator_results\instantly_coo_mode_live_1783114334247.json","19639","2026-07-03T21:32:16.0000000Z","BusinessDomain"
"DATA\browser\operator_results\instantly_coo_mode_live_1783114347174.json","19639","2026-07-03T21:32:28.0000000Z","BusinessDomain"
"DATA\browser\operator_results\instantly_coo_mode_live_1783114661807.json","19639","2026-07-03T21:37:42.0000000Z","BusinessDomain"
"DATA\browser\operator_results\instantly_coo_mode_live_1783114674071.json","19639","2026-07-03T21:37:56.0000000Z","BusinessDomain"
"DATA\browser\operator_results\instantly_coo_mode_live_1783114686122.json","19639","2026-07-03T21:38:08.0000000Z","BusinessDomain"
"DATA\browser\operator_results\instantly_coo_mode_live_1783115002703.json","19639","2026-07-03T21:43:24.0000000Z","BusinessDomain"
"DATA\browser\operator_results\instantly_coo_mode_live_1783115014886.json","19639","2026-07-03T21:43:36.0000000Z","BusinessDomain"
"DATA\browser\operator_results\instantly_coo_mode_live_1783115026694.json","19639","2026-07-03T21:43:48.0000000Z","BusinessDomain"
"DATA\browser\operator_results\instantly_coo_mode_live_1783115038891.json","19639","2026-07-03T21:44:00.0000000Z","BusinessDomain"
"DATA\browser\operator_results\instantly_coo_mode_live_1783115353540.json","19639","2026-07-03T21:49:14.0000000Z","BusinessDomain"
"DATA\browser\operator_results\instantly_coo_mode_live_1783115365447.json","19639","2026-07-03T21:49:26.0000000Z","BusinessDomain"
"DATA\browser\operator_results\instantly_coo_mode_live_1783115377291.json","19639","2026-07-03T21:49:38.0000000Z","BusinessDomain"
"DATA\browser\operator_results\instantly_coo_mode_live_1783115390230.json","19639","2026-07-03T21:49:52.0000000Z","BusinessDomain"
"DATA\browser\operator_results\instantly_coo_mode_live_1783115704890.json","19639","2026-07-03T21:55:06.0000000Z","BusinessDomain"
"DATA\browser\operator_results\instantly_coo_mode_live_1783115717058.json","19639","2026-07-03T21:55:18.0000000Z","BusinessDomain"
"DATA\browser\operator_results\instantly_coo_mode_live_1783115729128.json","19639","2026-07-03T21:55:30.0000000Z","BusinessDomain"
"DATA\browser\operator_results\instantly_coo_mode_live_1783115742301.json","19639","2026-07-03T21:55:44.0000000Z","BusinessDomain"
"DATA\browser\operator_results\instantly_coo_mode_live_1783116056227.json","19639","2026-07-03T22:00:58.0000000Z","BusinessDomain"
"DATA\browser\operator_results\instantly_coo_mode_live_1783116068433.json","19639","2026-07-03T22:01:10.0000000Z","BusinessDomain"
"DATA\browser\operator_results\instantly_coo_mode_live_1783116080776.json","19639","2026-07-03T22:01:22.0000000Z","BusinessDomain"
"DATA\browser\operator_results\instantly_coo_mode_live_1783116093875.json","19639","2026-07-03T22:01:34.0000000Z","BusinessDomain"
"DATA\browser\operator_results\instantly_coo_mode_live_1783116408771.json","19639","2026-07-03T22:06:50.0000000Z","BusinessDomain"
"DATA\browser\operator_results\instantly_coo_mode_live_1783116420754.json","19639","2026-07-03T22:07:02.0000000Z","BusinessDomain"
"DATA\browser\operator_results\instantly_coo_mode_live_1783116432796.json","19639","2026-07-03T22:07:14.0000000Z","BusinessDomain"
"DATA\browser\operator_results\instantly_coo_mode_live_1783116445895.json","19639","2026-07-03T22:07:26.0000000Z","BusinessDomain"
"DATA\browser\operator_results\instantly_coo_mode_live_1783116761114.json","19639","2026-07-03T22:12:42.0000000Z","BusinessDomain"
"DATA\browser\operator_results\instantly_coo_mode_live_1783116773473.json","19639","2026-07-03T22:12:54.0000000Z","BusinessDomain"
"DATA\browser\operator_results\instantly_coo_mode_live_1783116785289.json","19639","2026-07-03T22:13:06.0000000Z","BusinessDomain"
"DATA\browser\operator_results\instantly_coo_mode_live_1783116798900.json","19639","2026-07-03T22:13:20.0000000Z","BusinessDomain"
"DATA\browser\operator_results\instantly_coo_mode_live_1783117114917.json","19639","2026-07-03T22:18:36.0000000Z","BusinessDomain"
"DATA\browser\operator_results\instantly_coo_mode_live_1783117128457.json","19639","2026-07-03T22:18:50.0000000Z","BusinessDomain"
"DATA\browser\operator_results\instantly_coo_mode_live_1783117140936.json","19639","2026-07-03T22:19:02.0000000Z","BusinessDomain"
"DATA\browser\operator_results\instantly_coo_mode_live_1783117154369.json","19639","2026-07-03T22:19:16.0000000Z","BusinessDomain"
"DATA\browser\operator_results\instantly_coo_mode_live_1783117478399.json","19639","2026-07-03T22:24:40.0000000Z","BusinessDomain"
"DATA\browser\operator_results\instantly_coo_mode_live_1783117519257.json","19639","2026-07-03T22:25:20.0000000Z","BusinessDomain"
"DATA\browser\operator_results\instantly_coo_mode_live_1783117541818.json","19639","2026-07-03T22:25:42.0000000Z","BusinessDomain"
"DATA\browser\operator_results\instantly_coo_mode_live_1783117581788.json","19639","2026-07-03T22:26:22.0000000Z","BusinessDomain"
"DATA\browser\operator_results\instantly_coo_mode_live_1783117946678.json","19639","2026-07-03T22:32:28.0000000Z","BusinessDomain"
"DATA\browser\operator_results\instantly_coo_mode_live_1783117966286.json","19639","2026-07-03T22:32:48.0000000Z","BusinessDomain"
"DATA\browser\operator_results\instantly_coo_mode_live_1783117990562.json","19639","2026-07-03T22:33:12.0000000Z","BusinessDomain"
"DATA\browser\operator_results\instantly_coo_mode_live_1783118025063.json","19639","2026-07-03T22:33:46.0000000Z","BusinessDomain"
"DATA\browser\operator_results\instantly_coo_mode_live_1783118344017.json","19639","2026-07-03T22:39:06.0000000Z","BusinessDomain"
"DATA\browser\operator_results\instantly_coo_mode_live_1783118356769.json","19639","2026-07-03T22:39:18.0000000Z","BusinessDomain"
"DATA\browser\operator_results\instantly_coo_mode_live_1783118369000.json","19639","2026-07-03T22:39:30.0000000Z","BusinessDomain"
"DATA\browser\operator_results\instantly_coo_mode_live_1783118382840.json","19639","2026-07-03T22:39:44.0000000Z","BusinessDomain"
"DATA\browser\operator_results\instantly_coo_mode_live_1783118697342.json","19639","2026-07-03T22:44:58.0000000Z","BusinessDomain"
"DATA\browser\operator_results\instantly_coo_mode_live_1783118709509.json","19639","2026-07-03T22:45:10.0000000Z","BusinessDomain"
"DATA\browser\operator_results\instantly_coo_mode_live_1783118721749.json","19639","2026-07-03T22:45:22.0000000Z","BusinessDomain"
"DATA\browser\operator_results\instantly_coo_mode_live_1783118735496.json","19639","2026-07-03T22:45:36.0000000Z","BusinessDomain"
"DATA\browser\operator_results\instantly_coo_mode_live_1783119062001.json","19639","2026-07-03T22:51:04.0000000Z","BusinessDomain"
"DATA\browser\operator_results\instantly_coo_mode_live_1783119106672.json","19639","2026-07-03T22:51:48.0000000Z","BusinessDomain"
"DATA\browser\operator_results\instantly_coo_mode_live_1783119124859.json","19639","2026-07-03T22:52:06.0000000Z","BusinessDomain"
"DATA\browser\operator_results\instantly_coo_mode_live_1783119145492.json","19639","2026-07-03T22:52:26.0000000Z","BusinessDomain"
"DATA\browser\operator_results\instantly_coo_mode_live_1783119506070.json","19639","2026-07-03T22:58:28.0000000Z","BusinessDomain"
"DATA\browser\operator_results\instantly_coo_mode_live_1783119522061.json","19639","2026-07-03T22:58:44.0000000Z","BusinessDomain"
"DATA\browser\operator_results\instantly_coo_mode_live_1783119535130.json","19639","2026-07-03T22:58:56.0000000Z","BusinessDomain"
"DATA\browser\operator_results\instantly_coo_mode_live_1783119548838.json","19639","2026-07-03T22:59:10.0000000Z","BusinessDomain"
"DATA\browser\operator_results\instantly_coo_mode_live_1783119864271.json","19639","2026-07-03T23:04:26.0000000Z","BusinessDomain"
"DATA\browser\operator_results\instantly_coo_mode_live_1783119877042.json","19639","2026-07-03T23:04:38.0000000Z","BusinessDomain"
"DATA\browser\operator_results\instantly_coo_mode_live_1783119888744.json","19639","2026-07-03T23:04:50.0000000Z","BusinessDomain"
"DATA\browser\operator_results\instantly_coo_mode_live_1783119902489.json","19639","2026-07-03T23:05:04.0000000Z","BusinessDomain"
"DATA\browser\operator_results\instantly_coo_mode_live_1783120233165.json","19639","2026-07-03T23:10:34.0000000Z","BusinessDomain"
"DATA\browser\operator_results\instantly_coo_mode_live_1783120280928.json","19639","2026-07-03T23:11:22.0000000Z","BusinessDomain"
"DATA\browser\operator_results\instantly_coo_mode_live_1783120308601.json","19639","2026-07-03T23:11:50.0000000Z","BusinessDomain"
"DATA\browser\operator_results\instantly_coo_mode_live_1783120356195.json","19639","2026-07-03T23:12:38.0000000Z","BusinessDomain"
"DATA\browser\operator_results\instantly_coo_mode_live_1783120713889.json","19639","2026-07-03T23:18:34.0000000Z","BusinessDomain"
"DATA\browser\operator_results\instantly_coo_mode_live_1783120727043.json","19639","2026-07-03T23:18:48.0000000Z","BusinessDomain"
"DATA\browser\operator_results\instantly_coo_mode_live_1783120740078.json","19639","2026-07-03T23:19:02.0000000Z","BusinessDomain"
"DATA\browser\operator_results\instantly_coo_mode_live_1783120754386.json","19639","2026-07-03T23:19:16.0000000Z","BusinessDomain"
"DATA\browser\operator_results\instantly_coo_mode_live_1783121070543.json","19639","2026-07-03T23:24:32.0000000Z","BusinessDomain"
"DATA\browser\operator_results\instantly_coo_mode_live_1783121083008.json","19639","2026-07-03T23:24:44.0000000Z","BusinessDomain"
"DATA\browser\operator_results\instantly_coo_mode_live_1783121094825.json","19639","2026-07-03T23:24:56.0000000Z","BusinessDomain"
"DATA\browser\operator_results\instantly_coo_mode_live_1783121112124.json","19639","2026-07-03T23:25:14.0000000Z","BusinessDomain"
"DATA\browser\operator_results\instantly_coo_mode_live_1783121427684.json","19639","2026-07-03T23:30:28.0000000Z","BusinessDomain"
"DATA\browser\operator_results\instantly_coo_mode_live_1783121440427.json","19639","2026-07-03T23:30:42.0000000Z","BusinessDomain"
"DATA\browser\operator_results\instantly_coo_mode_live_1783121454215.json","19639","2026-07-03T23:30:56.0000000Z","BusinessDomain"
"DATA\browser\operator_results\instantly_coo_mode_live_1783121476738.json","19639","2026-07-03T23:31:18.0000000Z","BusinessDomain"
"DATA\browser\operator_results\instantly_coo_mode_live_1783121792353.json","19639","2026-07-03T23:36:34.0000000Z","BusinessDomain"
"DATA\browser\operator_results\instantly_coo_mode_live_1783121806915.json","19639","2026-07-03T23:36:48.0000000Z","BusinessDomain"
"DATA\browser\operator_results\instantly_coo_mode_live_1783121819270.json","19639","2026-07-03T23:37:00.0000000Z","BusinessDomain"
"DATA\browser\operator_results\instantly_coo_mode_live_1783121833088.json","19639","2026-07-03T23:37:14.0000000Z","BusinessDomain"
"DATA\browser\operator_results\instantly_coo_mode_live_1783122148764.json","19639","2026-07-03T23:42:30.0000000Z","BusinessDomain"
"DATA\browser\operator_results\instantly_coo_mode_live_1783122163390.json","19639","2026-07-03T23:42:44.0000000Z","BusinessDomain"
"DATA\browser\operator_results\instantly_coo_mode_live_1783122176249.json","19639","2026-07-03T23:42:58.0000000Z","BusinessDomain"
"DATA\browser\operator_results\instantly_coo_mode_live_1783122190600.json","19639","2026-07-03T23:43:12.0000000Z","BusinessDomain"
"DATA\browser\operator_results\instantly_coo_mode_live_1783122507111.json","19639","2026-07-03T23:48:28.0000000Z","BusinessDomain"
"DATA\browser\operator_results\instantly_coo_mode_live_1783122519812.json","19639","2026-07-03T23:48:40.0000000Z","BusinessDomain"
"DATA\browser\operator_results\instantly_coo_mode_live_1783122531941.json","19639","2026-07-03T23:48:52.0000000Z","BusinessDomain"
"DATA\browser\operator_results\instantly_coo_mode_live_1783122546299.json","19639","2026-07-03T23:49:08.0000000Z","BusinessDomain"
"DATA\browser\operator_results\instantly_coo_mode_live_1783122885300.json","19639","2026-07-03T23:54:46.0000000Z","BusinessDomain"
"DATA\browser\operator_results\instantly_coo_mode_live_1783122909612.json","19639","2026-07-03T23:55:10.0000000Z","BusinessDomain"
"DATA\browser\operator_results\instantly_coo_mode_live_1783122952530.json","19639","2026-07-03T23:55:54.0000000Z","BusinessDomain"
"DATA\browser\operator_results\instantly_coo_mode_live_1783122983803.json","19639","2026-07-03T23:56:24.0000000Z","BusinessDomain"
"DATA\browser\operator_results\instantly_coo_mode_live_1783123324497.json","19639","2026-07-04T00:02:06.0000000Z","BusinessDomain"
"DATA\browser\operator_results\instantly_coo_mode_live_1783123338155.json","19639","2026-07-04T00:02:20.0000000Z","BusinessDomain"
"DATA\browser\operator_results\instantly_coo_mode_live_1783123351391.json","19639","2026-07-04T00:02:32.0000000Z","BusinessDomain"
"DATA\browser\operator_results\instantly_coo_mode_live_1783123365889.json","19639","2026-07-04T00:02:46.0000000Z","BusinessDomain"
"DATA\browser\operator_results\instantly_coo_mode_live_1783123684332.json","19639","2026-07-04T00:08:06.0000000Z","BusinessDomain"
"DATA\browser\operator_results\instantly_coo_mode_live_1783123697131.json","19639","2026-07-04T00:08:18.0000000Z","BusinessDomain"
"DATA\browser\operator_results\instantly_coo_mode_live_1783123709639.json","19639","2026-07-04T00:08:30.0000000Z","BusinessDomain"
"DATA\browser\operator_results\instantly_coo_mode_live_1783124062785.json","19639","2026-07-04T00:14:24.0000000Z","BusinessDomain"
"DATA\browser\operator_results\instantly_coo_mode_live_1783124092284.json","19639","2026-07-04T00:14:54.0000000Z","BusinessDomain"
"DATA\browser\operator_results\instantly_coo_mode_live_1783124112511.json","19639","2026-07-04T00:15:14.0000000Z","BusinessDomain"
"DATA\browser\operator_results\instantly_coo_mode_live_1783124141571.json","19639","2026-07-04T00:15:44.0000000Z","BusinessDomain"
"DATA\browser\operator_results\instantly_coo_mode_live_1783124469608.json","19639","2026-07-04T00:21:10.0000000Z","BusinessDomain"
"DATA\browser\operator_results\instantly_coo_mode_live_1783124482782.json","19639","2026-07-04T00:21:24.0000000Z","BusinessDomain"
"DATA\browser\operator_results\instantly_coo_mode_live_1783124495658.json","19639","2026-07-04T00:21:36.0000000Z","BusinessDomain"
"DATA\browser\operator_results\instantly_coo_mode_live_1783124509916.json","19639","2026-07-04T00:21:50.0000000Z","BusinessDomain"
"DATA\browser\operator_results\instantly_coo_mode_live_1783124826186.json","19639","2026-07-04T00:27:08.0000000Z","BusinessDomain"
"DATA\browser\operator_results\instantly_coo_mode_live_1783124839132.json","19639","2026-07-04T00:27:20.0000000Z","BusinessDomain"
"DATA\browser\operator_results\instantly_coo_mode_live_1783124852378.json","19639","2026-07-04T00:27:34.0000000Z","BusinessDomain"
"DATA\browser\operator_results\instantly_coo_mode_live_1783124867408.json","19639","2026-07-04T00:27:48.0000000Z","BusinessDomain"
"DATA\browser\operator_results\instantly_coo_mode_live_1783125183991.json","19639","2026-07-04T00:33:04.0000000Z","BusinessDomain"
"DATA\browser\operator_results\instantly_coo_mode_live_1783125197311.json","19639","2026-07-04T00:33:18.0000000Z","BusinessDomain"
"DATA\browser\operator_results\instantly_coo_mode_live_1783125210377.json","19639","2026-07-04T00:33:32.0000000Z","BusinessDomain"
"DATA\browser\operator_results\instantly_coo_mode_live_1783125225278.json","19639","2026-07-04T00:33:46.0000000Z","BusinessDomain"
"DATA\browser\operator_results\instantly_coo_mode_live_1783125541729.json","19639","2026-07-04T00:39:02.0000000Z","BusinessDomain"
"DATA\browser\operator_results\instantly_coo_mode_live_1783125554603.json","19639","2026-07-04T00:39:16.0000000Z","BusinessDomain"
"DATA\browser\operator_results\instantly_coo_mode_live_1783125567248.json","19639","2026-07-04T00:39:28.0000000Z","BusinessDomain"
"DATA\browser\operator_results\instantly_coo_mode_live_1783125584114.json","19639","2026-07-04T00:39:46.0000000Z","BusinessDomain"
"DATA\browser\operator_results\instantly_coo_mode_live_1783125900428.json","19639","2026-07-04T00:45:02.0000000Z","BusinessDomain"
"DATA\browser\operator_results\instantly_coo_mode_live_1783125913474.json","19639","2026-07-04T00:45:14.0000000Z","BusinessDomain"
"DATA\browser\operator_results\instantly_coo_mode_live_1783125926451.json","19639","2026-07-04T00:45:28.0000000Z","BusinessDomain"
"DATA\browser\operator_results\instantly_coo_mode_live_1783125941110.json","19639","2026-07-04T00:45:42.0000000Z","BusinessDomain"
"DATA\browser\operator_results\instantly_coo_mode_live_1783126268295.json","19639","2026-07-04T00:51:10.0000000Z","BusinessDomain"
"DATA\browser\operator_results\instantly_coo_mode_live_1783126317028.json","19639","2026-07-04T00:51:58.0000000Z","BusinessDomain"
"DATA\browser\operator_results\instantly_coo_mode_live_1783126345540.json","19639","2026-07-04T00:52:26.0000000Z","BusinessDomain"
"DATA\browser\operator_results\instantly_coo_mode_live_1783126370778.json","19639","2026-07-04T00:52:52.0000000Z","BusinessDomain"
"DATA\browser\operator_results\instantly_coo_mode_live_1783126705835.json","19639","2026-07-04T00:58:26.0000000Z","BusinessDomain"
"DATA\browser\operator_results\instantly_coo_mode_live_1783126720931.json","19639","2026-07-04T00:58:42.0000000Z","BusinessDomain"
"DATA\browser\operator_results\instantly_coo_mode_live_1783126753424.json","19639","2026-07-04T00:59:16.0000000Z","BusinessDomain"
"DATA\browser\operator_results\instantly_coo_mode_live_1783126788120.json","19639","2026-07-04T00:59:50.0000000Z","BusinessDomain"
"DATA\browser\operator_results\instantly_coo_mode_live_1783127132564.json","19639","2026-07-04T01:05:34.0000000Z","BusinessDomain"
"DATA\browser\operator_results\instantly_coo_mode_live_1783127149482.json","19639","2026-07-04T01:05:50.0000000Z","BusinessDomain"
"DATA\browser\operator_results\instantly_coo_mode_live_1783127162037.json","19639","2026-07-04T01:06:04.0000000Z","BusinessDomain"
"DATA\browser\operator_results\instantly_coo_mode_live_1783127176255.json","19639","2026-07-04T01:06:18.0000000Z","BusinessDomain"
"DATA\browser\operator_results\instantly_coo_mode_live_1783127518690.json","19639","2026-07-04T01:12:00.0000000Z","BusinessDomain"
"DATA\browser\operator_results\instantly_coo_mode_live_1783127543137.json","19639","2026-07-04T01:12:24.0000000Z","BusinessDomain"
"DATA\browser\operator_results\instantly_coo_mode_live_1783127573430.json","19639","2026-07-04T01:12:54.0000000Z","BusinessDomain"
"DATA\browser\operator_results\instantly_coo_mode_live_1783127631236.json","19639","2026-07-04T01:13:52.0000000Z","BusinessDomain"
"DATA\browser\operator_results\instantly_coo_mode_live_1783128006322.json","19639","2026-07-04T01:20:08.0000000Z","BusinessDomain"
"DATA\browser\operator_results\instantly_coo_mode_live_1783128041168.json","19639","2026-07-04T01:20:42.0000000Z","BusinessDomain"
"DATA\browser\operator_results\instantly_coo_mode_live_1783128067297.json","19639","2026-07-04T01:21:08.0000000Z","BusinessDomain"
"DATA\browser\operator_results\instantly_coo_mode_live_1783128082387.json","19639","2026-07-04T01:21:24.0000000Z","BusinessDomain"
"DATA\browser\operator_results\instantly_coo_mode_live_1783128399666.json","19639","2026-07-04T01:26:40.0000000Z","BusinessDomain"
"DATA\browser\operator_results\instantly_coo_mode_live_1783128412461.json","19639","2026-07-04T01:26:54.0000000Z","BusinessDomain"
"DATA\browser\operator_results\instantly_coo_mode_live_1783128427972.json","19639","2026-07-04T01:27:08.0000000Z","BusinessDomain"
"DATA\browser\operator_results\instantly_coo_mode_live_1783128442613.json","19639","2026-07-04T01:27:24.0000000Z","BusinessDomain"
"DATA\browser\operator_results\instantly_coo_mode_live_1783128759131.json","19639","2026-07-04T01:32:40.0000000Z","BusinessDomain"
"DATA\browser\operator_results\instantly_coo_mode_live_1783128773121.json","19639","2026-07-04T01:32:54.0000000Z","BusinessDomain"
"DATA\browser\operator_results\instantly_coo_mode_live_1783128785436.json","19639","2026-07-04T01:33:06.0000000Z","BusinessDomain"
"DATA\browser\operator_results\instantly_coo_mode_live_1783128801743.json","19639","2026-07-04T01:33:22.0000000Z","BusinessDomain"
"DATA\browser\operator_results\instantly_coo_mode_live_1783129118501.json","19639","2026-07-04T01:38:40.0000000Z","BusinessDomain"
"DATA\browser\operator_results\instantly_coo_mode_live_1783129132996.json","19639","2026-07-04T01:38:54.0000000Z","BusinessDomain"
"DATA\browser\operator_results\instantly_coo_mode_live_1783129152131.json","19639","2026-07-04T01:39:14.0000000Z","BusinessDomain"
"DATA\browser\operator_results\instantly_coo_mode_live_1783129171460.json","19639","2026-07-04T01:39:32.0000000Z","BusinessDomain"
"DATA\browser\operator_results\instantly_coo_mode_live_1783129492323.json","19639","2026-07-04T01:44:54.0000000Z","BusinessDomain"
"DATA\browser\operator_results\instantly_coo_mode_live_1783129505306.json","19639","2026-07-04T01:45:06.0000000Z","BusinessDomain"
"DATA\browser\operator_results\instantly_coo_mode_live_1783129517996.json","19639","2026-07-04T01:45:20.0000000Z","BusinessDomain"
"DATA\browser\operator_results\instantly_coo_mode_live_1783129531856.json","19639","2026-07-04T01:45:32.0000000Z","BusinessDomain"
"DATA\browser\operator_results\instantly_coo_mode_live_1783129849144.json","19639","2026-07-04T01:50:50.0000000Z","BusinessDomain"
"DATA\browser\operator_results\instantly_coo_mode_live_1783130206643.json","19639","2026-07-04T01:56:48.0000000Z","BusinessDomain"
"DATA\browser\operator_results\instantly_coo_mode_live_1783130260618.json","19639","2026-07-04T01:57:42.0000000Z","BusinessDomain"
"DATA\browser\operator_results\instantly_coo_mode_live_1783130301029.json","19639","2026-07-04T01:58:22.0000000Z","BusinessDomain"
"DATA\browser\operator_results\instantly_coo_mode_live_1783130376647.json","19639","2026-07-04T01:59:40.0000000Z","BusinessDomain"
"DATA\browser\operator_results\instantly_coo_mode_live_1783130762511.json","19639","2026-07-04T02:06:04.0000000Z","BusinessDomain"
"DATA\browser\operator_results\instantly_coo_mode_live_1783130779522.json","19639","2026-07-04T02:06:20.0000000Z","BusinessDomain"
"DATA\browser\operator_results\instantly_coo_mode_live_1783130791894.json","19639","2026-07-04T02:06:32.0000000Z","BusinessDomain"
"DATA\browser\operator_results\instantly_coo_mode_live_1783130805940.json","19639","2026-07-04T02:06:46.0000000Z","BusinessDomain"
"DATA\browser\operator_results\instantly_coo_mode_live_1783131136466.json","19639","2026-07-04T02:12:18.0000000Z","BusinessDomain"
"DATA\browser\operator_results\instantly_coo_mode_live_1783131166099.json","19639","2026-07-04T02:12:48.0000000Z","BusinessDomain"
"DATA\browser\operator_results\instantly_coo_mode_live_1783131192738.json","19639","2026-07-04T02:13:14.0000000Z","BusinessDomain"
"DATA\browser\operator_results\instantly_coo_mode_live_1783131242880.json","19639","2026-07-04T02:14:04.0000000Z","BusinessDomain"
"DATA\browser\operator_results\instantly_coo_mode_live_1783131613415.json","19639","2026-07-04T02:20:14.0000000Z","BusinessDomain"
"DATA\browser\operator_results\instantly_coo_mode_live_1783131643766.json","19639","2026-07-04T02:20:44.0000000Z","BusinessDomain"
"DATA\browser\operator_results\instantly_coo_mode_live_1783131676489.json","19639","2026-07-04T02:21:18.0000000Z","BusinessDomain"
"DATA\browser\operator_results\instantly_coo_mode_live_1783131706312.json","19639","2026-07-04T02:21:48.0000000Z","BusinessDomain"
"DATA\browser\operator_results\instantly_coo_mode_live_1783132061905.json","19639","2026-07-04T02:27:42.0000000Z","BusinessDomain"
"DATA\browser\operator_results\instantly_coo_mode_live_1783132083481.json","19639","2026-07-04T02:28:04.0000000Z","BusinessDomain"
"DATA\browser\operator_results\instantly_coo_mode_live_1783132096130.json","19639","2026-07-04T02:28:18.0000000Z","BusinessDomain"
"DATA\browser\operator_results\instantly_coo_mode_live_1783132111925.json","19639","2026-07-04T02:28:32.0000000Z","BusinessDomain"
"DATA\browser\operator_results\instantly_coo_mode_live_1783132440518.json","19639","2026-07-04T02:34:02.0000000Z","BusinessDomain"
"DATA\browser\operator_results\instantly_coo_mode_live_1783132459746.json","19639","2026-07-04T02:34:20.0000000Z","BusinessDomain"
"DATA\browser\operator_results\instantly_coo_mode_live_1783132474846.json","19639","2026-07-04T02:34:36.0000000Z","BusinessDomain"
"DATA\browser\operator_results\instantly_coo_mode_live_1783132495517.json","19639","2026-07-04T02:34:56.0000000Z","BusinessDomain"
"DATA\browser\operator_results\instantly_coo_mode_live_1783132814972.json","19639","2026-07-04T02:40:16.0000000Z","BusinessDomain"
"DATA\browser\operator_results\instantly_coo_mode_live_1783132835659.json","19639","2026-07-04T02:40:36.0000000Z","BusinessDomain"
"DATA\browser\operator_results\instantly_coo_mode_live_1783132849042.json","19639","2026-07-04T02:40:50.0000000Z","BusinessDomain"
"DATA\browser\operator_results\instantly_coo_mode_live_1783132866448.json","19639","2026-07-04T02:41:08.0000000Z","BusinessDomain"
"DATA\browser\operator_results\instantly_coo_mode_live_1783133183375.json","19639","2026-07-04T02:46:24.0000000Z","BusinessDomain"
"DATA\browser\operator_results\instantly_coo_mode_live_1783133196056.json","19639","2026-07-04T02:46:38.0000000Z","BusinessDomain"
"DATA\browser\operator_results\instantly_coo_mode_live_1783133208586.json","19639","2026-07-04T02:46:50.0000000Z","BusinessDomain"
"DATA\browser\operator_results\instantly_coo_mode_live_1783133226298.json","19639","2026-07-04T02:47:08.0000000Z","BusinessDomain"
"DATA\browser\operator_results\instantly_coo_mode_live_1783133562370.json","19639","2026-07-04T02:52:44.0000000Z","BusinessDomain"
"DATA\browser\operator_results\instantly_coo_mode_live_1783133636207.json","19639","2026-07-04T02:53:58.0000000Z","BusinessDomain"
"DATA\browser\operator_results\instantly_coo_mode_live_1783133697275.json","19639","2026-07-04T02:54:58.0000000Z","BusinessDomain"
"DATA\browser\operator_results\instantly_coo_mode_live_1783133738969.json","19639","2026-07-04T02:55:40.0000000Z","BusinessDomain"
"DATA\browser\operator_results\instantly_coo_mode_live_1783134124087.json","19639","2026-07-04T03:02:06.0000000Z","BusinessDomain"
"DATA\browser\operator_results\instantly_coo_mode_live_1783134164523.json","19639","2026-07-04T03:02:46.0000000Z","BusinessDomain"
"DATA\browser\operator_results\instantly_coo_mode_live_1783134190223.json","19639","2026-07-04T03:03:12.0000000Z","BusinessDomain"
"DATA\browser\operator_results\instantly_coo_mode_live_1783134265392.json","19639","2026-07-04T03:04:26.0000000Z","BusinessDomain"
"DATA\browser\operator_results\instantly_coo_mode_live_1783191353133.json","19639","2026-07-04T18:55:54.0000000Z","BusinessDomain"
"DATA\browser\operator_results\instantly_coo_mode_live_1783191390416.json","19639","2026-07-04T18:56:32.0000000Z","BusinessDomain"
"DATA\browser\operator_results\instantly_coo_mode_live_1783191416875.json","19639","2026-07-04T18:56:58.0000000Z","BusinessDomain"
"DATA\browser\operator_results\instantly_coo_mode_live_1783191466171.json","19639","2026-07-04T18:57:48.0000000Z","BusinessDomain"
"DATA\browser\operator_results\instantly_coo_mode_live_1783191889290.json","19639","2026-07-04T19:04:50.0000000Z","BusinessDomain"
"DATA\browser\operator_results\instantly_coo_mode_live_1783191902826.json","19639","2026-07-04T19:05:04.0000000Z","BusinessDomain"
"DATA\browser\operator_results\instantly_coo_mode_live_1783191917252.json","19639","2026-07-04T19:05:18.0000000Z","BusinessDomain"
"DATA\browser\operator_results\instantly_coo_mode_live_1783191933821.json","19639","2026-07-04T19:05:34.0000000Z","BusinessDomain"
"DATA\browser\operator_results\instantly_coo_mode_live_1783192270318.json","19639","2026-07-04T19:11:12.0000000Z","BusinessDomain"
"DATA\browser\operator_results\instantly_coo_mode_live_1783192294587.json","19639","2026-07-04T19:11:36.0000000Z","BusinessDomain"
"DATA\browser\operator_results\instantly_coo_mode_live_1783192324472.json","19639","2026-07-04T19:12:06.0000000Z","BusinessDomain"
"DATA\browser\operator_results\instantly_coo_mode_live_1783192386832.json","19639","2026-07-04T19:13:08.0000000Z","BusinessDomain"
"DATA\browser\operator_results\instantly_coo_mode_live_1783192765353.json","19639","2026-07-04T19:19:26.0000000Z","BusinessDomain"
"DATA\browser\operator_results\instantly_coo_mode_live_1783192796112.json","19639","2026-07-04T19:19:58.0000000Z","BusinessDomain"
"DATA\browser\operator_results\instantly_coo_mode_live_1783192846973.json","19639","2026-07-04T19:20:48.0000000Z","BusinessDomain"
"DATA\browser\operator_results\instantly_coo_mode_live_1783192888988.json","19639","2026-07-04T19:21:30.0000000Z","BusinessDomain"
"DATA\browser\operator_results\instantly_coo_mode_live_1783193246329.json","19639","2026-07-04T19:27:28.0000000Z","BusinessDomain"
"DATA\browser\operator_results\instantly_coo_mode_live_1783193265165.json","19639","2026-07-04T19:27:46.0000000Z","BusinessDomain"
"DATA\browser\operator_results\instantly_coo_mode_live_1783193279224.json","19639","2026-07-04T19:28:00.0000000Z","BusinessDomain"
"DATA\browser\operator_results\instantly_coo_mode_live_1783193295348.json","19639","2026-07-04T19:28:16.0000000Z","BusinessDomain"
"DATA\browser\operator_results\instantly_coo_mode_live_1783193613443.json","19639","2026-07-04T19:33:34.0000000Z","BusinessDomain"
"DATA\browser\operator_results\instantly_coo_mode_live_1783193626520.json","19639","2026-07-04T19:33:48.0000000Z","BusinessDomain"
"DATA\browser\operator_results\instantly_coo_mode_live_1783193639698.json","19639","2026-07-04T19:34:00.0000000Z","BusinessDomain"
"DATA\browser\operator_results\instantly_coo_mode_live_1783193654023.json","19639","2026-07-04T19:34:16.0000000Z","BusinessDomain"
"DATA\browser\operator_results\instantly_coo_mode_live_1783193971210.json","19639","2026-07-04T19:39:32.0000000Z","BusinessDomain"
"DATA\browser\operator_results\instantly_coo_mode_live_1783193985985.json","19639","2026-07-04T19:39:46.0000000Z","BusinessDomain"
"DATA\browser\operator_results\instantly_coo_mode_live_1783194000514.json","19639","2026-07-04T19:40:02.0000000Z","BusinessDomain"
"DATA\browser\operator_results\instantly_coo_mode_live_1783194014118.json","19639","2026-07-04T19:40:16.0000000Z","BusinessDomain"
"DATA\browser\operator_results\instantly_coo_mode_live_1783194343100.json","19639","2026-07-04T19:45:44.0000000Z","BusinessDomain"
"DATA\browser\operator_results\instantly_coo_mode_live_1783194362474.json","19639","2026-07-04T19:46:04.0000000Z","BusinessDomain"
"DATA\browser\operator_results\instantly_coo_mode_live_1783194376498.json","19639","2026-07-04T19:46:18.0000000Z","BusinessDomain"
"DATA\browser\operator_results\instantly_coo_mode_live_1783194392641.json","19639","2026-07-04T19:46:34.0000000Z","BusinessDomain"
"DATA\browser\operator_results\instantly_coo_mode_live_1783194762332.json","19639","2026-07-04T19:52:44.0000000Z","BusinessDomain"
"DATA\browser\operator_results\instantly_coo_mode_live_1783194783180.json","19639","2026-07-04T19:53:04.0000000Z","BusinessDomain"
"DATA\browser\operator_results\instantly_coo_mode_live_1783194817335.json","19639","2026-07-04T19:53:38.0000000Z","BusinessDomain"
"DATA\browser\operator_results\instantly_coo_mode_live_1783194866880.json","19639","2026-07-04T19:54:28.0000000Z","BusinessDomain"
"DATA\browser\operator_results\instantly_coo_mode_live_1783195230026.json","19639","2026-07-04T20:00:32.0000000Z","BusinessDomain"
"DATA\browser\operator_results\instantly_coo_mode_live_1783195274890.json","19639","2026-07-04T20:01:16.0000000Z","BusinessDomain"
"DATA\browser\operator_results\instantly_coo_mode_live_1783195320429.json","19639","2026-07-04T20:02:02.0000000Z","BusinessDomain"
"DATA\browser\operator_results\instantly_coo_mode_live_1783195342841.json","19639","2026-07-04T20:02:24.0000000Z","BusinessDomain"
"DATA\browser\operator_results\instantly_coo_mode_live_1783195690133.json","19639","2026-07-04T20:08:12.0000000Z","BusinessDomain"
"DATA\browser\operator_results\instantly_coo_mode_live_1783195703141.json","19639","2026-07-04T20:08:24.0000000Z","BusinessDomain"
"DATA\browser\operator_results\instantly_coo_mode_live_1783195716300.json","19639","2026-07-04T20:08:38.0000000Z","BusinessDomain"
"DATA\browser\operator_results\instantly_coo_mode_live_1783196092878.json","19639","2026-07-04T20:14:54.0000000Z","BusinessDomain"
"DATA\browser\operator_results\instantly_coo_mode_live_1783196117006.json","19639","2026-07-04T20:15:18.0000000Z","BusinessDomain"
"DATA\browser\operator_results\instantly_coo_mode_live_1783196139338.json","19639","2026-07-04T20:15:40.0000000Z","BusinessDomain"
"DATA\browser\operator_results\instantly_coo_mode_live_1783196216392.json","19639","2026-07-04T20:16:58.0000000Z","BusinessDomain"
"DATA\browser\operator_results\instantly_coo_mode_live_1783196615137.json","19639","2026-07-04T20:23:36.0000000Z","BusinessDomain"
"DATA\browser\operator_results\instantly_coo_mode_live_1783196647196.json","19639","2026-07-04T20:24:08.0000000Z","BusinessDomain"
"DATA\browser\operator_results\instantly_coo_mode_live_1783196694984.json","19639","2026-07-04T20:24:56.0000000Z","BusinessDomain"
"DATA\browser\operator_results\instantly_coo_mode_live_1783196717870.json","19639","2026-07-04T20:25:18.0000000Z","BusinessDomain"
"DATA\browser\operator_results\instantly_coo_mode_live_1783197050190.json","19639","2026-07-04T20:30:52.0000000Z","BusinessDomain"
"DATA\browser\operator_results\instantly_coo_mode_live_1783197064003.json","19639","2026-07-04T20:31:06.0000000Z","BusinessDomain"
"DATA\browser\operator_results\instantly_coo_mode_live_1783197078307.json","19639","2026-07-04T20:31:20.0000000Z","BusinessDomain"
"DATA\browser\operator_results\instantly_coo_mode_live_1783197094149.json","19639","2026-07-04T20:31:36.0000000Z","BusinessDomain"
"DATA\browser\operator_results\instantly_coo_mode_live_1783197415732.json","19639","2026-07-04T20:36:56.0000000Z","BusinessDomain"
"DATA\browser\operator_results\instantly_coo_mode_live_1783197429469.json","19639","2026-07-04T20:37:10.0000000Z","BusinessDomain"
"DATA\browser\operator_results\instantly_coo_mode_live_1783197443930.json","19639","2026-07-04T20:37:24.0000000Z","BusinessDomain"
"DATA\browser\operator_results\instantly_coo_mode_live_1783197458949.json","19639","2026-07-04T20:37:42.0000000Z","BusinessDomain"
"DATA\browser\operator_results\instantly_coo_mode_live_1783197775445.json","19639","2026-07-04T20:42:56.0000000Z","BusinessDomain"
"DATA\browser\operator_results\instantly_coo_mode_live_1783197787753.json","19639","2026-07-04T20:43:08.0000000Z","BusinessDomain"
"DATA\browser\operator_results\instantly_coo_mode_live_1783197801526.json","19639","2026-07-04T20:43:22.0000000Z","BusinessDomain"
"DATA\browser\operator_results\instantly_coo_mode_live_1783197818859.json","19639","2026-07-04T20:43:40.0000000Z","BusinessDomain"
"DATA\browser\operator_results\instantly_coo_mode_live_1783198607412.json","19639","2026-07-04T20:56:48.0000000Z","BusinessDomain"
"DATA\browser\operator_results\instantly_coo_mode_live_1783198657551.json","19639","2026-07-04T20:57:38.0000000Z","BusinessDomain"
"DATA\browser\operator_results\instantly_coo_mode_live_1783198703755.json","19639","2026-07-04T20:58:24.0000000Z","BusinessDomain"
"DATA\browser\operator_results\instantly_coo_mode_live_1783198800266.json","19639","2026-07-04T21:00:02.0000000Z","BusinessDomain"
"DATA\browser\operator_results\instantly_coo_mode_live_1783199177667.json","19639","2026-07-04T21:06:18.0000000Z","BusinessDomain"
"DATA\browser\operator_results\instantly_coo_mode_live_1783199198701.json","19639","2026-07-04T21:06:40.0000000Z","BusinessDomain"
"DATA\browser\operator_results\instantly_coo_mode_live_1783199211932.json","19639","2026-07-04T21:06:52.0000000Z","BusinessDomain"
"DATA\browser\operator_results\instantly_coo_mode_live_1783199226030.json","19639","2026-07-04T21:07:08.0000000Z","BusinessDomain"
"DATA\browser\operator_results\instantly_coo_mode_live_1783199549814.json","19639","2026-07-04T21:12:30.0000000Z","BusinessDomain"
"DATA\browser\operator_results\instantly_coo_mode_live_1783199573131.json","19639","2026-07-04T21:12:54.0000000Z","BusinessDomain"
"DATA\browser\operator_results\instantly_coo_mode_live_1783199606736.json","19639","2026-07-04T21:13:28.0000000Z","BusinessDomain"
"DATA\browser\operator_results\instantly_coo_mode_live_1783199680242.json","19639","2026-07-04T21:14:42.0000000Z","BusinessDomain"
"DATA\browser\operator_results\instantly_coo_mode_live_1783200091607.json","19639","2026-07-04T21:21:32.0000000Z","BusinessDomain"
"DATA\browser\operator_results\instantly_coo_mode_live_1783200119517.json","19639","2026-07-04T21:22:00.0000000Z","BusinessDomain"
"DATA\browser\operator_results\instantly_coo_mode_live_1783200164813.json","19639","2026-07-04T21:22:46.0000000Z","BusinessDomain"
"DATA\browser\operator_results\instantly_coo_mode_live_1783200196952.json","19639","2026-07-04T21:23:18.0000000Z","BusinessDomain"
"DATA\browser\operator_results\instantly_coo_mode_live_1783200562728.json","19639","2026-07-04T21:29:24.0000000Z","BusinessDomain"
"DATA\browser\operator_results\instantly_coo_mode_live_1783200578845.json","19639","2026-07-04T21:29:40.0000000Z","BusinessDomain"
"DATA\browser\operator_results\instantly_coo_mode_live_1783200592696.json","19639","2026-07-04T21:29:54.0000000Z","BusinessDomain"
"DATA\browser\operator_results\instantly_coo_mode_live_1783200607593.json","19639","2026-07-04T21:30:08.0000000Z","BusinessDomain"
"DATA\browser\operator_results\instantly_coo_mode_live_1783200923782.json","19639","2026-07-04T21:35:24.0000000Z","BusinessDomain"
"DATA\browser\operator_results\instantly_coo_mode_live_1783200937492.json","19639","2026-07-04T21:35:38.0000000Z","BusinessDomain"
"DATA\browser\operator_results\instantly_coo_mode_live_1783200950431.json","19639","2026-07-04T21:35:52.0000000Z","BusinessDomain"
"DATA\browser\operator_results\instantly_coo_mode_live_1783200964159.json","19639","2026-07-04T21:36:06.0000000Z","BusinessDomain"
"DATA\browser\operator_results\instantly_coo_mode_live_1783201280698.json","19639","2026-07-04T21:41:22.0000000Z","BusinessDomain"
"DATA\browser\operator_results\instantly_coo_mode_live_1783201292776.json","19639","2026-07-04T21:41:34.0000000Z","BusinessDomain"
"DATA\browser\operator_results\instantly_coo_mode_live_1783201306152.json","19639","2026-07-04T21:41:48.0000000Z","BusinessDomain"
"DATA\browser\operator_results\instantly_coo_mode_live_1783201321207.json","19639","2026-07-04T21:42:02.0000000Z","BusinessDomain"
"DATA\browser\operator_results\instantly_coo_mode_live_1783201641538.json","19639","2026-07-04T21:47:22.0000000Z","BusinessDomain"
"DATA\browser\operator_results\instantly_coo_mode_live_1783201655065.json","19639","2026-07-04T21:47:36.0000000Z","BusinessDomain"
"DATA\browser\operator_results\instantly_coo_mode_live_1783201670268.json","19639","2026-07-04T21:47:52.0000000Z","BusinessDomain"
"DATA\browser\operator_results\instantly_coo_mode_live_1783201685877.json","19639","2026-07-04T21:48:06.0000000Z","BusinessDomain"
"DATA\browser\operator_results\instantly_coo_mode_live_1783202037498.json","19639","2026-07-04T21:53:58.0000000Z","BusinessDomain"
"DATA\browser\operator_results\instantly_coo_mode_live_1783202095599.json","19639","2026-07-04T21:54:58.0000000Z","BusinessDomain"
"DATA\browser\operator_results\instantly_coo_mode_live_1783202146028.json","19639","2026-07-04T21:55:48.0000000Z","BusinessDomain"
"DATA\browser\operator_results\instantly_coo_mode_live_1783202190983.json","19639","2026-07-04T21:56:32.0000000Z","BusinessDomain"
"DATA\browser\operator_results\instantly_coo_mode_live_1783202605679.json","19639","2026-07-04T22:03:26.0000000Z","BusinessDomain"
"DATA\browser\operator_results\instantly_coo_mode_live_1783202636205.json","19639","2026-07-04T22:03:58.0000000Z","BusinessDomain"
"DATA\browser\operator_results\instantly_coo_mode_live_1783202667866.json","19639","2026-07-04T22:04:28.0000000Z","BusinessDomain"
"DATA\browser\operator_results\instantly_coo_mode_live_1783202685446.json","19639","2026-07-04T22:04:46.0000000Z","BusinessDomain"
"DATA\browser\operator_results\instantly_coo_mode_live_1783203018597.json","19639","2026-07-04T22:10:20.0000000Z","BusinessDomain"
"DATA\browser\operator_results\instantly_coo_mode_live_1783203054518.json","19639","2026-07-04T22:10:56.0000000Z","BusinessDomain"
"DATA\browser\operator_results\instantly_coo_mode_live_1783203082060.json","19639","2026-07-04T22:11:24.0000000Z","BusinessDomain"
"DATA\browser\operator_results\instantly_coo_mode_live_1783203120207.json","19639","2026-07-04T22:12:02.0000000Z","BusinessDomain"
"DATA\browser\operator_results\instantly_coo_mode_live_1783203518260.json","19639","2026-07-04T22:18:40.0000000Z","BusinessDomain"
"DATA\browser\operator_results\instantly_coo_mode_live_1783203572983.json","19639","2026-07-04T22:19:34.0000000Z","BusinessDomain"
"DATA\browser\operator_results\instantly_coo_mode_live_1783203600374.json","19639","2026-07-04T22:20:02.0000000Z","BusinessDomain"
"DATA\browser\operator_results\instantly_coo_mode_live_1783203640419.json","19639","2026-07-04T22:20:42.0000000Z","BusinessDomain"
"DATA\browser\operator_results\instantly_coo_mode_live_1783203995171.json","19639","2026-07-04T22:26:36.0000000Z","BusinessDomain"
"DATA\browser\operator_results\instantly_coo_mode_live_1783204020484.json","19639","2026-07-04T22:27:02.0000000Z","BusinessDomain"
"DATA\browser\operator_results\instantly_coo_mode_live_1783204060959.json","19639","2026-07-04T22:27:42.0000000Z","BusinessDomain"
"DATA\browser\operator_results\instantly_coo_mode_live_1783204081426.json","19639","2026-07-04T22:28:02.0000000Z","BusinessDomain"
"DATA\browser\operator_results\instantly_coo_mode_live_1783204405226.json","19639","2026-07-04T22:33:26.0000000Z","BusinessDomain"
"DATA\browser\operator_results\instantly_coo_mode_live_1783204421725.json","19639","2026-07-04T22:33:42.0000000Z","BusinessDomain"
"DATA\browser\operator_results\instantly_coo_mode_live_1783204439542.json","19639","2026-07-04T22:34:00.0000000Z","BusinessDomain"
"DATA\browser\operator_results\instantly_coo_mode_live_1783204457866.json","19639","2026-07-04T22:34:18.0000000Z","BusinessDomain"
"DATA\browser\operator_results\instantly_coo_mode_live_1783204781165.json","19639","2026-07-04T22:39:42.0000000Z","BusinessDomain"
"DATA\browser\operator_results\instantly_coo_mode_live_1783204796092.json","19639","2026-07-04T22:39:58.0000000Z","BusinessDomain"
"DATA\browser\operator_results\instantly_coo_mode_live_1783204809901.json","19639","2026-07-04T22:40:10.0000000Z","BusinessDomain"
"DATA\browser\operator_results\instantly_coo_mode_live_1783204828527.json","19639","2026-07-04T22:40:30.0000000Z","BusinessDomain"
"DATA\browser\operator_results\instantly_coo_mode_live_1783205274299.json","19639","2026-07-04T22:47:56.0000000Z","BusinessDomain"
"DATA\browser\operator_results\instantly_coo_mode_live_1783205289118.json","19639","2026-07-04T22:48:10.0000000Z","BusinessDomain"
"DATA\browser\operator_results\instantly_coo_mode_live_1783205305991.json","19639","2026-07-04T22:48:28.0000000Z","BusinessDomain"
"DATA\browser\operator_results\instantly_coo_mode_live_1783205325824.json","19639","2026-07-04T22:48:46.0000000Z","BusinessDomain"
"DATA\browser\operator_results\instantly_coo_mode_live_1783205686093.json","19639","2026-07-04T22:54:48.0000000Z","BusinessDomain"
"DATA\browser\operator_results\instantly_coo_mode_live_1783205716760.json","19639","2026-07-04T22:55:18.0000000Z","BusinessDomain"
"DATA\browser\operator_results\instantly_coo_mode_live_1783205793738.json","19639","2026-07-04T22:56:34.0000000Z","BusinessDomain"
"DATA\browser\operator_results\instantly_coo_mode_live_1783206171526.json","19639","2026-07-04T23:02:52.0000000Z","BusinessDomain"
"DATA\browser\operator_results\instantly_coo_mode_live_1783206204215.json","19639","2026-07-04T23:03:26.0000000Z","BusinessDomain"
"DATA\browser\operator_results\instantly_coo_mode_live_1783206240330.json","19639","2026-07-04T23:04:02.0000000Z","BusinessDomain"
"DATA\browser\operator_results\instantly_coo_mode_live_1783206260119.json","19639","2026-07-04T23:04:22.0000000Z","BusinessDomain"
"DATA\browser\operator_results\instantly_coo_mode_live_1783206583363.json","19639","2026-07-04T23:09:44.0000000Z","BusinessDomain"
"DATA\browser\operator_results\instantly_coo_mode_live_1783206599995.json","19639","2026-07-04T23:10:00.0000000Z","BusinessDomain"
"DATA\browser\operator_results\instantly_coo_mode_live_1783206614926.json","19639","2026-07-04T23:10:16.0000000Z","BusinessDomain"
"DATA\browser\operator_results\instantly_coo_mode_live_1783206630640.json","19639","2026-07-04T23:10:32.0000000Z","BusinessDomain"
"DATA\browser\operator_results\instantly_coo_mode_live_1783207033976.json","19639","2026-07-04T23:17:14.0000000Z","BusinessDomain"
"DATA\browser\operator_results\instantly_coo_mode_live_1783207047657.json","19639","2026-07-04T23:17:28.0000000Z","BusinessDomain"
"DATA\browser\operator_results\instantly_coo_mode_live_1783207061965.json","19639","2026-07-04T23:17:42.0000000Z","BusinessDomain"
"DATA\browser\operator_results\instantly_coo_mode_live_1783207079948.json","19639","2026-07-04T23:18:00.0000000Z","BusinessDomain"
"DATA\browser\operator_results\instantly_coo_mode_live_1783207400549.json","19639","2026-07-04T23:23:22.0000000Z","BusinessDomain"
"DATA\browser\operator_results\instantly_coo_mode_live_1783207418458.json","19639","2026-07-04T23:23:40.0000000Z","BusinessDomain"
"DATA\browser\operator_results\instantly_coo_mode_live_1783207433444.json","19639","2026-07-04T23:23:54.0000000Z","BusinessDomain"
"DATA\browser\operator_results\instantly_coo_mode_live_1783207449658.json","19639","2026-07-04T23:24:10.0000000Z","BusinessDomain"
"DATA\browser\operator_results\instantly_coo_mode_live_1783207806558.json","19639","2026-07-04T23:30:08.0000000Z","BusinessDomain"
"DATA\browser\operator_results\instantly_coo_mode_live_1783207822939.json","19639","2026-07-04T23:30:24.0000000Z","BusinessDomain"
"DATA\browser\operator_results\instantly_coo_mode_live_1783207835221.json","19639","2026-07-04T23:30:36.0000000Z","BusinessDomain"
"DATA\browser\operator_results\instantly_coo_mode_live_1783207848744.json","19639","2026-07-04T23:30:50.0000000Z","BusinessDomain"
"DATA\browser\operator_results\instantly_coo_mode_live_1783208182853.json","19639","2026-07-04T23:36:24.0000000Z","BusinessDomain"
"DATA\browser\operator_results\instantly_coo_mode_live_1783208199866.json","19639","2026-07-04T23:36:40.0000000Z","BusinessDomain"
"DATA\browser\operator_results\instantly_coo_mode_live_1783208212928.json","19639","2026-07-04T23:36:54.0000000Z","BusinessDomain"
"DATA\browser\operator_results\instantly_coo_mode_live_1783208230831.json","19639","2026-07-04T23:37:12.0000000Z","BusinessDomain"
"DATA\browser\operator_results\instantly_coo_mode_live_1783208550704.json","19639","2026-07-04T23:42:32.0000000Z","BusinessDomain"
"DATA\browser\operator_results\instantly_coo_mode_live_1783208567208.json","19639","2026-07-04T23:42:48.0000000Z","BusinessDomain"
"DATA\browser\operator_results\instantly_coo_mode_live_1783208580540.json","19639","2026-07-04T23:43:02.0000000Z","BusinessDomain"
"DATA\browser\operator_results\instantly_coo_mode_live_1783208595626.json","19639","2026-07-04T23:43:16.0000000Z","BusinessDomain"
"DATA\browser\operator_results\instantly_coo_mode_live_1783208939059.json","19639","2026-07-04T23:49:00.0000000Z","BusinessDomain"
"DATA\browser\operator_results\instantly_coo_mode_live_1783208955654.json","19639","2026-07-04T23:49:16.0000000Z","BusinessDomain"
"DATA\browser\operator_results\instantly_coo_mode_live_1783208969568.json","19639","2026-07-04T23:49:30.0000000Z","BusinessDomain"
"DATA\browser\operator_results\instantly_coo_mode_live_1783208987811.json","19639","2026-07-04T23:49:48.0000000Z","BusinessDomain"
"DATA\browser\operator_results\instantly_error_1782949891134.json","362","2026-07-01T23:51:32.0000000Z","BusinessDomain"
"DATA\browser\operator_results\instantly_error_1783024571858.json","1684","2026-07-02T20:36:12.0000000Z","BusinessDomain"
"DATA\browser\operator_results\instantly_error_1783110800078.json","1739","2026-07-03T20:33:22.0000000Z","BusinessDomain"
"DATA\browser\operator_results\instantly_error_1783205764087.json","1754","2026-07-04T22:56:06.0000000Z","BusinessDomain"
"DATA\browser\operator_results\instantly_operator_1782941955394.json","447","2026-07-01T21:39:16.0000000Z","BusinessDomain"
"DATA\browser\operator_results\instantly_operator_final_1782943388376.json","299","2026-07-01T22:03:10.0000000Z","BusinessDomain"
"DATA\browser\operator_results\instantly_operator_final_1782943439720.json","299","2026-07-01T22:04:00.0000000Z","BusinessDomain"
"DATA\browser\operator_results\instantly_operator_final_1782943585072.json","318","2026-07-01T22:06:26.0000000Z","BusinessDomain"
"DATA\browser\operator_results\instantly_operator_v3_1782942367717.json","6270","2026-07-01T21:46:08.0000000Z","BusinessDomain"
"DATA\browser\operator_results\instantly_operator_v4_1782942499531.json","1703","2026-07-01T21:48:20.0000000Z","BusinessDomain"
"DATA\browser\operator_results\instantly_operator_v7_execution_1782942815834.json","1607","2026-07-01T21:53:36.0000000Z","BusinessDomain"
"DATA\browser\operator_results\instantly_operator_v7_fixed_1782943263191.json","292","2026-07-01T22:01:04.0000000Z","BusinessDomain"
"DATA\browser\operator_results\instantly_v2_1782942138950.json","485","2026-07-01T21:42:20.0000000Z","BusinessDomain"
"DATA\browser\sessions\instantly.json","37324","2026-07-04T23:49:48.0000000Z","BusinessDomain"
"DATA\browser\worker_results\instantly_worker_1782934465971.json","1642","2026-07-01T19:34:26.0000000Z","Worker"
"DATA\capability_builder\latest_approval_package.json","1443","2026-07-05T03:58:26.0000000Z","Governance"
"DATA\company_state\company_health.json","1107","2026-07-04T01:44:42.0000000Z","Observability"
"DATA\connector_status\connector_file_inventory_20260704_224224.csv","0","2026-07-05T02:42:28.0000000Z","Connector"
"DATA\digital_coo\briefs\marketing_executive_brief.json","692","2026-07-08T21:00:08.0000000Z","BusinessDomain"
"DATA\digital_coo\registries\marketing_work_queue.json","241","2026-07-08T21:00:08.0000000Z","BusinessDomain"
"DATA\engineering_improvements\proposals\proposal_1783395983281.json","13574","2026-07-07T03:46:24.0000000Z","BusinessDomain"
"DATA\engineering_improvements\proposals\proposal_1783395983306.json","13574","2026-07-07T03:46:24.0000000Z","BusinessDomain"
"DATA\engineering_improvements\proposals\proposal_1783396043330.json","12260","2026-07-07T03:47:24.0000000Z","BusinessDomain"
"DATA\engineering_improvements\proposals\proposal_1783396043345.json","12260","2026-07-07T03:47:24.0000000Z","BusinessDomain"
"DATA\engineering_improvements\proposals\proposal_1783396043952.json","12260","2026-07-07T03:47:24.0000000Z","BusinessDomain"
"DATA\engineering_improvements\proposals\proposal_1783396043970.json","12260","2026-07-07T03:47:24.0000000Z","BusinessDomain"
"DATA\engineering_improvements\proposals\proposal_1783396164147.json","11528","2026-07-07T03:49:26.0000000Z","BusinessDomain"
"DATA\engineering_improvements\proposals\proposal_1783396164162.json","11528","2026-07-07T03:49:26.0000000Z","BusinessDomain"
"DATA\engineering_improvements\proposals\proposal_1783396239884.json","15386","2026-07-07T03:50:40.0000000Z","BusinessDomain"
"DATA\engineering_improvements\proposals\proposal_1783396239907.json","15386","2026-07-07T03:50:40.0000000Z","BusinessDomain"
"DATA\engineering_improvements\proposals\proposal_1783396283948.json","13565","2026-07-07T03:51:24.0000000Z","BusinessDomain"
"DATA\engineering_improvements\proposals\proposal_1783396283964.json","13565","2026-07-07T03:51:24.0000000Z","BusinessDomain"
"DATA\engineering_improvements\proposals\proposal_1783396326463.json","11775","2026-07-07T03:52:08.0000000Z","BusinessDomain"
"DATA\engineering_improvements\proposals\proposal_1783396326477.json","11775","2026-07-07T03:52:08.0000000Z","BusinessDomain"
"DATA\engineering_improvements\proposals\proposal_1783396356519.json","13304","2026-07-07T03:52:38.0000000Z","BusinessDomain"
"DATA\engineering_improvements\proposals\proposal_1783396356533.json","13304","2026-07-07T03:52:38.0000000Z","BusinessDomain"
"DATA\engineering_improvements\proposals\proposal_1783396402177.json","12408","2026-07-07T03:53:24.0000000Z","BusinessDomain"
"DATA\engineering_improvements\proposals\proposal_1783396402196.json","12408","2026-07-07T03:53:24.0000000Z","BusinessDomain"
"DATA\engineering_improvements\proposals\proposal_1783396446334.json","12165","2026-07-07T03:54:08.0000000Z","BusinessDomain"
"DATA\engineering_improvements\proposals\proposal_1783396446349.json","12165","2026-07-07T03:54:08.0000000Z","BusinessDomain"
"DATA\engineering_improvements\proposals\proposal_1783437379625.json","10085","2026-07-07T15:16:20.0000000Z","BusinessDomain"
"DATA\engineering_improvements\proposals\proposal_1783437379672.json","10085","2026-07-07T15:16:20.0000000Z","BusinessDomain"
"DATA\engineering_improvements\proposals\proposal_1783437425629.json","10663","2026-07-07T15:17:06.0000000Z","BusinessDomain"
"DATA\engineering_improvements\proposals\proposal_1783437425645.json","10663","2026-07-07T15:17:06.0000000Z","BusinessDomain"
"DATA\engineering_improvements\proposals\proposal_1783437476662.json","11527","2026-07-07T15:17:58.0000000Z","BusinessDomain"
"DATA\engineering_improvements\proposals\proposal_1783437476678.json","11527","2026-07-07T15:17:58.0000000Z","BusinessDomain"
"DATA\engineering_improvements\proposals\proposal_1783437520643.json","10182","2026-07-07T15:18:42.0000000Z","BusinessDomain"
"DATA\engineering_improvements\proposals\proposal_1783437520658.json","10182","2026-07-07T15:18:42.0000000Z","BusinessDomain"
"DATA\engineering_improvements\proposals\proposal_1783437521191.json","10182","2026-07-07T15:18:42.0000000Z","BusinessDomain"
"DATA\engineering_improvements\proposals\proposal_1783437521204.json","10182","2026-07-07T15:18:42.0000000Z","BusinessDomain"
"DATA\engineering_improvements\proposals\proposal_1783437661550.json","12530","2026-07-07T15:21:02.0000000Z","BusinessDomain"
"DATA\engineering_improvements\proposals\proposal_1783437661566.json","12530","2026-07-07T15:21:02.0000000Z","BusinessDomain"
"DATA\engineering_improvements\proposals\proposal_1783437721324.json","13061","2026-07-07T15:22:02.0000000Z","BusinessDomain"
"DATA\engineering_improvements\proposals\proposal_1783437721412.json","13061","2026-07-07T15:22:02.0000000Z","BusinessDomain"
"DATA\engineering_improvements\proposals\proposal_1783437781286.json","12434","2026-07-07T15:23:02.0000000Z","BusinessDomain"
"DATA\engineering_improvements\proposals\proposal_1783437781301.json","12434","2026-07-07T15:23:02.0000000Z","BusinessDomain"
"DATA\executive\latest_executive_brief.json","1362","2026-07-10T18:42:30.0000000Z","BusinessDomain"
"DATA\executive\latest_executive_brief.md","721","2026-07-10T18:42:30.0000000Z","BusinessDomain"
"DATA\executive\latest_executive_state.json","2","2026-07-10T18:42:30.0000000Z","BusinessDomain"
"DATA\executive\latest_universal_health.json","1653","2026-07-10T18:42:30.0000000Z","Observability"
"DATA\executive\approval\approval_history.json","695","2026-07-01T19:23:42.0000000Z","Governance"
"DATA\executive\approval\approval_queue.json","4177","2026-07-02T00:05:58.0000000Z","Governance"
"DATA\executive_brain\executive_brain_decisions.json","44568","2026-07-04T01:44:42.0000000Z","Governance"
"DATA\executive_brain\executive_brain_report.md","499","2026-07-04T01:44:42.0000000Z","Observability"
"DATA\executive_brain\latest_executive_decision.json","10356","2026-07-04T01:44:42.0000000Z","Governance"
"DATA\executive_dashboard\dashboard_alerts.json","1155","2026-07-04T01:53:10.0000000Z","Observability"
"DATA\executive_dashboard\dashboard_summary.json","1087","2026-07-04T01:53:10.0000000Z","Observability"
"DATA\executive_dashboard\executive_dashboard_report.md","1825","2026-07-04T01:53:10.0000000Z","Observability"
"DATA\historical_baselines\baseline_universal_health_20260704_223513.json","1623","2026-07-05T02:35:02.0000000Z","Observability"
"DATA\instantly_live\instantly_live_report.md","367","2026-07-09T23:38:28.0000000Z","Observability"
"DATA\instantly_live\instantly_live_state.json","1981","2026-07-09T23:38:28.0000000Z","BusinessDomain"
"DATA\instantly_live\latest_health.json","1094","2026-07-09T23:25:26.0000000Z","Observability"
"DATA\instantly_live\latest_instantly_live_run.json","1981","2026-07-09T23:38:28.0000000Z","BusinessDomain"
"DATA\memory\decision_history.json","153","2026-07-01T18:10:16.0000000Z","Governance"
"DATA\memory\operational_memory.json","48022","2026-07-02T19:30:02.0000000Z","Intelligence"
"DATA\provider_controllers\provider_controller_health.json","1389","2026-07-04T02:24:00.0000000Z","Observability"
"DATA\repository\connector_registry.json","39347","2026-07-04T00:38:36.0000000Z","Connector"
"DATA\repository\repository_health.json","303","2026-07-04T00:38:36.0000000Z","Observability"
"DATA\repository\runtime_registry.json","21812","2026-07-04T00:38:36.0000000Z","Runtime"
"DATA\repository\worker_registry.json","14800","2026-07-04T00:38:36.0000000Z","Worker"
"DATA\runtime\atlas_runtime_report.json","3575","2026-07-10T18:42:00.0000000Z","Runtime"
"DATA\runtime\coo_runtime_health.json","1086","2026-07-04T01:44:48.0000000Z","Runtime"
"DATA\runtime\coo_runtime_health_history.json","3596","2026-07-04T01:44:48.0000000Z","Runtime"
"DATA\runtime\worker_registry.json","1385","2026-07-09T22:27:20.0000000Z","Worker"
"DATA\self_learning\latest_learning_state.json","3157","2026-07-04T02:00:02.0000000Z","Intelligence"
"DATA\self_learning\learning_history.json","4059","2026-07-04T02:00:02.0000000Z","Intelligence"
"DATA\self_learning\learning_recommendations.json","562","2026-07-04T02:00:02.0000000Z","Intelligence"
"DATA\self_learning\self_learning_report.md","545","2026-07-04T02:00:02.0000000Z","Intelligence"
"DATA\state\executive_state.json","121408","2026-07-10T18:42:04.0000000Z","BusinessDomain"
"DATA\status\connector_health.json","421","2026-06-29T01:43:58.0000000Z","Connector"
"DATA\status\instantly_campaigns.json","138","2026-06-30T15:26:50.0000000Z","BusinessDomain"
"DATA\canonical_runtime\miles_runtime.log","12750","2026-07-09T16:27:48.0000000Z","Runtime"
"DATA\marketing_coo\instantly_registry.json","2362","2026-07-08T23:22:32.0000000Z","BusinessDomain"
"DATA\marketing_coo\marketing_work_generated.json","216","2026-07-08T23:22:32.0000000Z","BusinessDomain"
"DATA\marketing_coo\marketing_executive_brief.json","3871","2026-07-08T23:22:32.0000000Z","BusinessDomain"
"DATA\dashboards\marketing_executive_dashboard.json","1044","2026-07-09T00:52:56.0000000Z","Observability"
"DATA\dashboards\marketing_executive_dashboard.txt","691","2026-07-09T00:52:56.0000000Z","Observability"
"DATA\instantly\executive_advisor.json","2968","2026-07-09T23:50:18.0000000Z","BusinessDomain"
"DIGITAL_COO\Marketing\MarketingCOO.js","11032","2026-07-08T23:04:56.0000000Z","BusinessDomain"
"DIGITAL_COO\Marketing\MarketingAssignmentEngine.js","4023","2026-07-08T23:31:48.0000000Z","BusinessDomain"
"DIGITAL_COO\Marketing\MarketingIntelligenceEngine.js","4732","2026-07-08T23:34:12.0000000Z","BusinessDomain"
"DIGITAL_COO\Marketing\MarketingCapacityPlanner.js","4642","2026-07-08T23:38:32.0000000Z","Planner"
"DIGITAL_COO\Marketing\MarketingUploadQueueEngine.js","7077","2026-07-09T00:43:48.0000000Z","BusinessDomain"
"DIGITAL_COO\Marketing\RunMarketingUploadQueueEngine.js","309","2026-07-08T23:44:30.0000000Z","BusinessDomain"
"DIGITAL_COO\Engineering\EngineeringPlanner.js","1178","2026-07-09T01:50:16.0000000Z","Planner"
"DIGITAL_COO\Engineering\EngineeringCapacityPlanner.js","1652","2026-07-09T01:51:36.0000000Z","Planner"
"DIGITAL_COO\Engineering\EngineeringWorkerBridge.js","900","2026-07-09T16:26:58.0000000Z","Worker"
"TESTS\healthcheck.js","994","2026-07-01T01:20:20.0000000Z","Observability"
"TESTS\TESTSTest_InstantlyCampaignOperator.js","1110","2026-07-01T21:32:16.0000000Z","BusinessDomain"
"TESTS\Test_Build018_DecisionEngine.js","975","2026-07-01T17:36:26.0000000Z","Governance"
"TESTS\Test_Build022_OperationalMemory.js","1372","2026-07-01T17:59:52.0000000Z","Intelligence"
"TESTS\Test_Build024_LearningEngine.js","767","2026-07-01T18:06:42.0000000Z","Intelligence"
"TESTS\Test_Build025_AdaptiveDecision.js","737","2026-07-01T18:10:00.0000000Z","Governance"
"TESTS\Test_CEOApprovalQueue.js","1327","2026-07-01T19:23:24.0000000Z","Governance"
"TESTS\Test_ExecutiveSupervisor.js","586","2026-07-01T18:40:12.0000000Z","BusinessDomain"
"TESTS\Test_InstantlyCampaignOperator.js","1427","2026-07-01T21:53:08.0000000Z","BusinessDomain"
"TESTS\Test_InstantlyWorker.js","1266","2026-07-01T19:34:12.0000000Z","Worker"
"TESTS\TestExecutiveToEngineering.js","700","2026-07-09T02:09:22.0000000Z","BusinessDomain"
"TESTS\TestEngineeringWorkerBridge.js","555","2026-07-09T16:27:36.0000000Z","Worker"
"TESTS\TestWorkerExecutionBridge.js","628","2026-07-09T16:37:24.0000000Z","Worker"
"TESTS\TestWorkerRegistry.js","578","2026-07-09T16:42:56.0000000Z","Worker"
"TESTS\TestRealWorkerRegistration.js","324","2026-07-09T16:46:32.0000000Z","Worker"
"TESTS\TestExecutiveMissionRouter.js","592","2026-07-09T18:46:12.0000000Z","BusinessDomain"
"TESTS\TestExecutiveToEngineeringFlow.js","800","2026-07-09T18:53:02.0000000Z","BusinessDomain"
"TESTS\TestMissionSupervisor.js","138","2026-07-09T19:06:36.0000000Z","BusinessDomain"
"TESTS\TestExecutiveDashboardData.js","180","2026-07-09T19:26:42.0000000Z","Observability"
"TESTS\Test_Build041_LearningIntegration.js","632","2026-07-09T21:56:20.0000000Z","Intelligence"
"TESTS\Test_Build042_ExecutiveEnvironment.js","391","2026-07-09T22:22:52.0000000Z","BusinessDomain"
"TESTS\Test_Build044_WorkerSelector.js","1023","2026-07-09T22:30:36.0000000Z","Worker"
"TESTS\Test_Build045_WorkerContract.js","1010","2026-07-09T22:32:50.0000000Z","Worker"
"TESTS\Test_Build046_BusinessWorker.js","624","2026-07-09T22:34:42.0000000Z","Worker"
"TESTS\Test_Build046_RuntimeActivationAudit.js","576","2026-07-09T22:40:06.0000000Z","Runtime"
"TESTS\Test_Build047_InstantlyInventoryCheck.js","1712","2026-07-09T22:54:22.0000000Z","BusinessDomain"
"TESTS\Test_Build047_RuntimeWiring.js","2037","2026-07-09T22:55:30.0000000Z","Runtime"
"TESTS\Test_Build049_InstantlyWorkerTrace.js","2921","2026-07-09T22:59:16.0000000Z","Worker"
"TESTS\Test_Build049_InstantlyCOOWorkerExecution.js","1115","2026-07-09T23:10:44.0000000Z","Worker"
"TESTS\Test_BUILD050_InstantlyLiveConnector.js","1291","2026-07-09T23:25:12.0000000Z","Connector"
"TESTS\Test_BUILD054_ExecutiveAdvisor.js","960","2026-07-09T23:40:26.0000000Z","BusinessDomain"
"TESTS\Test_BUILD056_RuntimeConsolidationAudit.js","946","2026-07-10T00:35:02.0000000Z","Runtime"
"TESTS\Test_BUILD057_EnterpriseRuntimeManager.js","467","2026-07-10T00:42:32.0000000Z","Runtime"
"_REFERENCE\MILES_OS_v1\MILES_DASHBOARD.csv","65","2026-06-28T23:52:20.0000000Z","Observability"
"_REFERENCE\MILES_OS_v1\API\API\memory.routes.js","627","2026-06-28T20:39:28.0000000Z","Intelligence"
"_REFERENCE\MILES_OS_v1\AUTOMATIONS\Scheduler.js","0","2026-06-28T20:18:46.0000000Z","Scheduler"
"_REFERENCE\MILES_OS_v1\CONNECTORS\ORION\OrionConnector.js","1534","2026-06-28T22:07:08.0000000Z","Connector"
"_REFERENCE\MILES_OS_v1\CORE\Kernel\HealthMonitor.js","870","2026-06-28T21:48:36.0000000Z","Observability"
"_REFERENCE\MILES_OS_v1\DASHBOARD\ExecutiveDashboard.js","3102","2026-06-28T22:09:32.0000000Z","Observability"
"_REFERENCE\MILES_OS_v1\SERVICES\ConnectorManager.js","0","2026-06-28T20:18:46.0000000Z","Connector"
"_REFERENCE\MILES_OS_v1\SERVICES\MemoryService.js","1240","2026-06-28T20:34:02.0000000Z","Intelligence"
"_REFERENCE\MILES_OS_v1\WEB\Dashboard.js","0","2026-06-28T20:18:46.0000000Z","Observability"
"_REFERENCE\MILES_OS_v1\WEBSITE_OPS\WEBSITE_APPROVAL_QUEUE.csv","334","2026-06-28T23:52:20.0000000Z","Governance"
"_REFERENCE\MILES_OS_v1\WEBSITE_OPS\WEBSITE_CHANGE_LOG.csv","66","2026-06-28T23:52:20.0000000Z","BusinessDomain"
"_REFERENCE\MILES_OS_v1\WEBSITE_OPS\WEBSITE_CHANGE_QUEUE.csv","773","2026-06-28T23:52:20.0000000Z","BusinessDomain"
"_REFERENCE\MILES_OS_v1\WEBSITE_OPS\WEBSITE_MASTER.csv","328","2026-06-28T23:52:20.0000000Z","BusinessDomain"
"_LEGACY_BUILDS\build006_patch\payload\TESTS\healthcheck.js","994","2026-07-01T01:20:20.0000000Z","Observability"
"_LEGACY_BUILDS\BUILDER\BuildPlanner.js","1285","2026-06-29T22:30:48.0000000Z","Planner"
"_LEGACY_BUILDS\BUILDER\ConnectorBuilder.js","2298","2026-06-29T22:38:40.0000000Z","Connector"
"_LEGACY_BUILDS\BUILDER\RuntimeController.js","566","2026-06-29T22:09:20.0000000Z","Runtime"
"_LEGACY_BUILDS\BUILD_007\SERVICES\SalesOperationsService.js","7139","2026-07-01T01:40:34.0000000Z","BusinessDomain"
"_LEGACY_BUILDS\BUILD_007\TESTS\sales_healthcheck.js","922","2026-07-01T01:40:34.0000000Z","Observability"
"_LEGACY_BUILDS\BUILD_007\WEB\desktop\sales.html","2340","2026-07-01T01:40:34.0000000Z","BusinessDomain"
"_LEGACY_BUILDS\BUILD_036_CONTINUOUS_COO_LOOP\BUILD_036_CONTINUOUS_COO_LOOP\SERVICES\LoopSchedulerService.js","1151","2026-07-04T05:30:00.0000000Z","Scheduler"
"_LEGACY_BUILDS\BUILD_036_CONTINUOUS_COO_LOOP\BUILD_036_CONTINUOUS_COO_LOOP\SERVICES\RuntimeHealthService.js","2273","2026-07-04T05:29:32.0000000Z","Runtime"
"_LEGACY_BUILDS\BUILD_037_EXECUTIVE_DASHBOARD\BUILD_037_EXECUTIVE_DASHBOARD\INSTALL_EXECUTIVE_DASHBOARD.ps1","2399","2026-07-04T05:48:50.0000000Z","Observability"
"_LEGACY_BUILDS\BUILD_037_EXECUTIVE_DASHBOARD\BUILD_037_EXECUTIVE_DASHBOARD\RUN_EXECUTIVE_DASHBOARD.ps1","391","2026-07-04T05:48:50.0000000Z","Observability"
"_LEGACY_BUILDS\BUILD_037_EXECUTIVE_DASHBOARD\BUILD_037_EXECUTIVE_DASHBOARD\RUN_EXECUTIVE_DASHBOARD_SERVER.ps1","501","2026-07-04T05:48:50.0000000Z","Observability"
"_LEGACY_BUILDS\BUILD_037_EXECUTIVE_DASHBOARD\BUILD_037_EXECUTIVE_DASHBOARD\VERIFY_EXECUTIVE_DASHBOARD.ps1","1971","2026-07-04T05:48:50.0000000Z","Observability"
"_LEGACY_BUILDS\BUILD_037_EXECUTIVE_DASHBOARD\BUILD_037_EXECUTIVE_DASHBOARD\RUNNERS\RUN_EXECUTIVE_DASHBOARD.ps1","391","2026-07-04T05:48:50.0000000Z","Observability"
"_LEGACY_BUILDS\BUILD_037_EXECUTIVE_DASHBOARD\BUILD_037_EXECUTIVE_DASHBOARD\RUNNERS\RUN_EXECUTIVE_DASHBOARD_SERVER.ps1","501","2026-07-04T05:48:50.0000000Z","Observability"
"_LEGACY_BUILDS\BUILD_037_EXECUTIVE_DASHBOARD\BUILD_037_EXECUTIVE_DASHBOARD\SERVICES\DashboardDataService.js","17004","2026-07-04T05:48:24.0000000Z","Observability"
"_LEGACY_BUILDS\BUILD_037_EXECUTIVE_DASHBOARD\BUILD_037_EXECUTIVE_DASHBOARD\SERVICES\DashboardServerService.js","2185","2026-07-04T05:48:24.0000000Z","Observability"
"_LEGACY_BUILDS\BUILD_037_EXECUTIVE_DASHBOARD\BUILD_037_EXECUTIVE_DASHBOARD\SERVICES\ExecutiveDashboardService.js","12580","2026-07-04T05:48:24.0000000Z","Observability"
"_LEGACY_BUILDS\BUILD_037_EXECUTIVE_DASHBOARD\BUILD_037_EXECUTIVE_DASHBOARD\VERIFY\VERIFY_EXECUTIVE_DASHBOARD.ps1","1971","2026-07-04T05:48:50.0000000Z","Observability"
"_LEGACY_BUILDS\BUILD_038_SELF_LEARNING_LAYER\BUILD_038_SELF_LEARNING_LAYER\INSTALL_SELF_LEARNING.ps1","2351","2026-07-04T05:55:58.0000000Z","Intelligence"
"_LEGACY_BUILDS\BUILD_038_SELF_LEARNING_LAYER\BUILD_038_SELF_LEARNING_LAYER\RUN_SELF_LEARNING.ps1","356","2026-07-04T05:55:58.0000000Z","Intelligence"
"_LEGACY_BUILDS\BUILD_038_SELF_LEARNING_LAYER\BUILD_038_SELF_LEARNING_LAYER\VERIFY_SELF_LEARNING.ps1","1509","2026-07-04T05:55:58.0000000Z","Intelligence"
"_LEGACY_BUILDS\BUILD_038_SELF_LEARNING_LAYER\BUILD_038_SELF_LEARNING_LAYER\RUNNERS\RUN_SELF_LEARNING.ps1","356","2026-07-04T05:55:58.0000000Z","Intelligence"
"_LEGACY_BUILDS\BUILD_038_SELF_LEARNING_LAYER\BUILD_038_SELF_LEARNING_LAYER\SERVICES\DecisionLearningService.js","1901","2026-07-04T05:55:46.0000000Z","Governance"
"_LEGACY_BUILDS\BUILD_038_SELF_LEARNING_LAYER\BUILD_038_SELF_LEARNING_LAYER\SERVICES\FailureLearningService.js","2008","2026-07-04T05:55:46.0000000Z","Intelligence"
"_LEGACY_BUILDS\BUILD_038_SELF_LEARNING_LAYER\BUILD_038_SELF_LEARNING_LAYER\SERVICES\LearningDataService.js","2811","2026-07-04T05:55:46.0000000Z","Intelligence"
"_LEGACY_BUILDS\BUILD_038_SELF_LEARNING_LAYER\BUILD_038_SELF_LEARNING_LAYER\SERVICES\RoutingLearningService.js","2126","2026-07-04T05:55:46.0000000Z","Intelligence"
"_LEGACY_BUILDS\BUILD_038_SELF_LEARNING_LAYER\BUILD_038_SELF_LEARNING_LAYER\SERVICES\SelfLearningService.js","5231","2026-07-04T05:55:46.0000000Z","Intelligence"
"_LEGACY_BUILDS\BUILD_038_SELF_LEARNING_LAYER\BUILD_038_SELF_LEARNING_LAYER\VERIFY\VERIFY_SELF_LEARNING.ps1","1509","2026-07-04T05:55:58.0000000Z","Intelligence"
"_LEGACY_BUILDS\Drop in\install_google_connector.ps1","464","2026-06-29T04:07:04.0000000Z","Connector"
"_LEGACY_BUILDS\EXEC_002_PROVIDER_CONTROLLERS\EXEC_002_PROVIDER_CONTROLLERS\RUN_PROVIDER_CONTROLLER_HEALTH.ps1","193","2026-07-04T06:19:08.0000000Z","Observability"
"_LEGACY_BUILDS\EXEC_002_PROVIDER_CONTROLLERS\EXEC_002_PROVIDER_CONTROLLERS\SERVICES\InstantlyProviderController.js","731","2026-07-04T06:18:28.0000000Z","BusinessDomain"
"_LEGACY_BUILDS\EXEC_002_PROVIDER_CONTROLLERS\EXEC_002_PROVIDER_CONTROLLERS\SERVICES\OrionProviderController.js","495","2026-07-04T06:18:28.0000000Z","BusinessDomain"
"_LEGACY_BUILDS\EXEC_002_PROVIDER_CONTROLLERS\EXEC_002_PROVIDER_CONTROLLERS\SERVICES\ProviderControllerHealthService.js","1278","2026-07-04T06:18:50.0000000Z","Observability"
"_LEGACY_BUILDS\EXEC_002_PROVIDER_CONTROLLERS\EXEC_002_PROVIDER_CONTROLLERS\SERVICES\WebsiteProviderController.js","504","2026-07-04T06:18:28.0000000Z","BusinessDomain"
"_LEGACY_BUILDS\EXEC_003_INSTANTLY_LIVE_INTEGRATION\EXEC_003_INSTANTLY_LIVE_INTEGRATION\INSTALL_INSTANTLY_LIVE.ps1","1965","2026-07-04T06:27:12.0000000Z","BusinessDomain"
"_LEGACY_BUILDS\EXEC_003_INSTANTLY_LIVE_INTEGRATION\EXEC_003_INSTANTLY_LIVE_INTEGRATION\RUN_INSTANTLY_BRIDGE_ACTION.ps1","139","2026-07-04T06:27:12.0000000Z","BusinessDomain"
"_LEGACY_BUILDS\EXEC_003_INSTANTLY_LIVE_INTEGRATION\EXEC_003_INSTANTLY_LIVE_INTEGRATION\RUN_INSTANTLY_HEALTH.ps1","132","2026-07-04T06:27:12.0000000Z","Observability"
"_LEGACY_BUILDS\EXEC_003_INSTANTLY_LIVE_INTEGRATION\EXEC_003_INSTANTLY_LIVE_INTEGRATION\RUN_INSTANTLY_LIVE.ps1","130","2026-07-04T06:27:12.0000000Z","BusinessDomain"
"_LEGACY_BUILDS\EXEC_003_INSTANTLY_LIVE_INTEGRATION\EXEC_003_INSTANTLY_LIVE_INTEGRATION\RUNNERS\RUN_INSTANTLY_BRIDGE_ACTION.ps1","139","2026-07-04T06:27:12.0000000Z","BusinessDomain"
"_LEGACY_BUILDS\EXEC_003_INSTANTLY_LIVE_INTEGRATION\EXEC_003_INSTANTLY_LIVE_INTEGRATION\RUNNERS\RUN_INSTANTLY_HEALTH.ps1","132","2026-07-04T06:27:12.0000000Z","Observability"
"_LEGACY_BUILDS\EXEC_003_INSTANTLY_LIVE_INTEGRATION\EXEC_003_INSTANTLY_LIVE_INTEGRATION\RUNNERS\RUN_INSTANTLY_LIVE.ps1","130","2026-07-04T06:27:12.0000000Z","BusinessDomain"
"_LEGACY_BUILDS\EXEC_003_INSTANTLY_LIVE_INTEGRATION\EXEC_003_INSTANTLY_LIVE_INTEGRATION\SERVICES\InstantlyActionBridgeService.js","3465","2026-07-04T06:26:50.0000000Z","BusinessDomain"
"_LEGACY_BUILDS\EXEC_003_INSTANTLY_LIVE_INTEGRATION\EXEC_003_INSTANTLY_LIVE_INTEGRATION\SERVICES\InstantlyApiClient.js","3563","2026-07-04T06:26:50.0000000Z","BusinessDomain"
"_LEGACY_BUILDS\EXEC_003_INSTANTLY_LIVE_INTEGRATION\EXEC_003_INSTANTLY_LIVE_INTEGRATION\SERVICES\InstantlyLiveIntegrationService.js","2655","2026-07-04T06:26:50.0000000Z","BusinessDomain"
"_LEGACY_BUILDS\EXEC_003_INSTANTLY_LIVE_INTEGRATION\EXEC_003_INSTANTLY_LIVE_INTEGRATION\SERVICES\InstantlyLiveProviderController.js","7689","2026-07-04T06:26:50.0000000Z","BusinessDomain"
"_LEGACY_BUILDS\EXEC_004_CONTROLLED_WRITE_MODE\EXEC_004_CONTROLLED_WRITE_MODE\SERVICES\InstantlyControlledWriteService.js","6675","2026-07-04T06:44:14.0000000Z","BusinessDomain"
"_LEGACY_BUILDS\EXEC_005_BUSINESS_EXECUTION_ENGINE\EXEC_005_BUSINESS_EXECUTION_ENGINE\SERVICES\ExecutionPlannerService.js","4458","2026-07-04T06:49:04.0000000Z","Planner"
"_LEGACY_BUILDS\EXEC_005_BUSINESS_EXECUTION_ENGINE\EXEC_005_BUSINESS_EXECUTION_ENGINE\SERVICES\ExecutionSchedulerService.js","505","2026-07-04T06:49:04.0000000Z","Scheduler"
"_LEGACY_BUILDS\EXEC_006_PROVIDER_SYNCHRONIZATION\EXEC_006_PROVIDER_SYNCHRONIZATION\RUN_INSTANTLY_READ_BINDING_TEST.ps1","661","2026-07-04T06:58:54.0000000Z","BusinessDomain"
"_LEGACY_BUILDS\EXEC_006_PROVIDER_SYNCHRONIZATION\EXEC_006_PROVIDER_SYNCHRONIZATION\SERVICES\InstantlyProviderCompatibilityService.js","5157","2026-07-04T06:58:22.0000000Z","BusinessDomain"
"_LEGACY_BUILDS\EXEC_007_MISSION_ENGINE\EXEC_007_MISSION_ENGINE\MISSION_PLANNER.ts","1515","2026-07-04T07:05:16.0000000Z","Planner"
"_LEGACY_BUILDS\EXEC_007_MISSION_ENGINE\EXEC_007_MISSION_ENGINE\MISSION_SCHEDULER.ts","207","2026-07-04T07:05:34.0000000Z","Scheduler"
"_LEGACY_BUILDS\EXEC_009_NAMECHEAP\EXEC_009_NAMECHEAP\MISSION_TEMPLATE_NAMECHEAP_DOMAIN_HEALTH.json","643","2026-07-04T22:56:30.0000000Z","Observability"
"_LEGACY_BUILDS\EXEC_009_NAMECHEAP\EXEC_009_NAMECHEAP\examples\run_domain_health_check.py","776","2026-07-04T22:56:30.0000000Z","Observability"
"_LEGACY_BUILDS\EXEC_009_NAMECHEAP\EXEC_009_NAMECHEAP\examples\run_domain_health_check.ts","530","2026-07-04T22:56:30.0000000Z","Observability"
"_LEGACY_BUILDS\EXEC_009_NAMECHEAP\EXEC_009_NAMECHEAP\src\HEALTH.ts","1404","2026-07-04T22:56:30.0000000Z","Observability"
"_LEGACY_BUILDS\EXEC_010_WEBSITE\EXEC_010_WEBSITE\src\WEBSITE_PROVIDER.ts","40","2026-07-04T22:58:46.0000000Z","BusinessDomain"
"_LEGACY_BUILDS\EXEC_011_ORION\EXEC_011_ORION\config\orion.provider.json","188","2026-07-04T23:00:40.0000000Z","BusinessDomain"
"_LEGACY_BUILDS\EXEC_011_ORION\EXEC_011_ORION\examples\run_daily_orion_refresh.py","358","2026-07-04T23:00:40.0000000Z","BusinessDomain"
"_LEGACY_BUILDS\EXEC_011_ORION\EXEC_011_ORION\src\EXECUTIVE_REPORTS.ts","243","2026-07-04T23:00:40.0000000Z","Observability"
"_LEGACY_BUILDS\EXEC_011_ORION\EXEC_011_ORION\src\ORION_PROVIDER.ts","398","2026-07-04T23:00:40.0000000Z","BusinessDomain"
"_LEGACY_BUILDS\health\digital_coo_autonomy_supervisor_health.json","8740","2026-07-06T02:23:04.0000000Z","Observability"
"_LEGACY_BUILDS\INT_001_ORION_PRODUCTION_INTEGRATION\INT_001_ORION_PRODUCTION_INTEGRATION\config\orion_config.example.json","397","2026-07-04T23:07:32.0000000Z","BusinessDomain"
"_LEGACY_BUILDS\INT_001_ORION_PRODUCTION_INTEGRATION\INT_001_ORION_PRODUCTION_INTEGRATION\src\executive_report.py","1979","2026-07-04T23:07:32.0000000Z","Observability"
"_LEGACY_BUILDS\INT_001_ORION_PRODUCTION_INTEGRATION\INT_001_ORION_PRODUCTION_INTEGRATION\src\health.py","1181","2026-07-04T23:07:32.0000000Z","Observability"
"_LEGACY_BUILDS\INT_001_ORION_PRODUCTION_INTEGRATION\INT_001_ORION_PRODUCTION_INTEGRATION\src\run_orion_health.py","1294","2026-07-04T23:07:32.0000000Z","Observability"
"_LEGACY_BUILDS\learning\coo_business_state_learning_feed.json","448","2026-07-08T19:30:44.0000000Z","Intelligence"
"_LEGACY_BUILDS\learning\coo_execution_learning_feed.json","420","2026-07-08T20:06:46.0000000Z","Intelligence"
"_LEGACY_BUILDS\learning\digital_coo_learning_feed.json","4855","2026-07-06T02:23:04.0000000Z","Intelligence"
"_LEGACY_BUILDS\MILES_AUTONOMOUS_COO_PATCH\miles_autonomous_patch\SERVICES\ExecutiveIntelligenceService.js","2925","2026-07-02T20:36:50.0000000Z","BusinessDomain"
"_LEGACY_BUILDS\MILES_AUTONOMOUS_COO_PATCH\miles_autonomous_patch\SERVICES\Browser\Workers\InstantlyCampaignOperator.js","12985","2026-07-02T20:34:18.0000000Z","BusinessDomain"
"_LEGACY_BUILDS\miles_autonomous_patch\SERVICES\ExecutiveIntelligenceService.js","2925","2026-07-02T20:36:50.0000000Z","BusinessDomain"
"_LEGACY_BUILDS\miles_autonomous_patch\SERVICES\Browser\Workers\InstantlyCampaignOperator.js","12985","2026-07-02T20:34:18.0000000Z","BusinessDomain"
"_LEGACY_BUILDS\miles_build005_exec_layer\miles_build005_exec_layer\TESTS\healthcheck.js","1239","2026-07-01T01:06:06.0000000Z","Observability"
"_LEGACY_BUILDS\miles_build006_outbound_ops\build006_patch\payload\TESTS\healthcheck.js","994","2026-07-01T01:20:20.0000000Z","Observability"
"_LEGACY_BUILDS\miles_build007_sales_ops\BUILD_007\SERVICES\SalesOperationsService.js","7139","2026-07-01T01:40:34.0000000Z","BusinessDomain"
"_LEGACY_BUILDS\miles_build007_sales_ops\BUILD_007\TESTS\sales_healthcheck.js","922","2026-07-01T01:40:34.0000000Z","Observability"
"_LEGACY_BUILDS\miles_build007_sales_ops\BUILD_007\WEB\desktop\sales.html","2340","2026-07-01T01:40:34.0000000Z","BusinessDomain"
"_LEGACY_BUILDS\MILES_BUILD_026_Instantly_COO_Patch\MILES_OS\SERVICES\Browser\Workers\InstantlyCampaignOperator.js","18610","2026-07-02T03:18:30.0000000Z","BusinessDomain"
"_LEGACY_BUILDS\MILES_BUILD_026_Instantly_COO_Patch\MILES_OS\TESTS\Test_InstantlyCampaignOperator.js","1864","2026-07-02T03:18:30.0000000Z","BusinessDomain"
"_LEGACY_BUILDS\MILES_BUILD_027_Instantly_COO_Live_Patch\MILES_OS\SERVICES\Browser\Workers\InstantlyCampaignOperator.js","14620","2026-07-02T03:25:50.0000000Z","BusinessDomain"
"_LEGACY_BUILDS\MILES_BUILD_027_Instantly_COO_Live_Patch\MILES_OS\TESTS\Test_InstantlyCampaignOperator.js","1827","2026-07-02T03:25:50.0000000Z","BusinessDomain"
"_LEGACY_BUILDS\MILES_BUILD_030_Minimum_Autonomous_COO_REAL_FIXED\MILES_OS\SERVICES\Browser\Workers\InstantlyCampaignOperator.js","15491","2026-07-02T04:32:28.0000000Z","BusinessDomain"
"_LEGACY_BUILDS\MILES_BUILD_033_EXECUTIVE_BRAIN_FULL_SCRIPTS\INSTALL_EXECUTIVE_BRAIN.ps1","2564","2026-07-04T04:58:22.0000000Z","BusinessDomain"
"_LEGACY_BUILDS\MILES_BUILD_033_EXECUTIVE_BRAIN_FULL_SCRIPTS\RUN_EXECUTIVE_BRAIN.ps1","411","2026-07-04T04:58:22.0000000Z","BusinessDomain"
"_LEGACY_BUILDS\MILES_BUILD_033_EXECUTIVE_BRAIN_FULL_SCRIPTS\SERVICES\ExecutiveBrainService.js","7536","2026-07-04T04:58:22.0000000Z","BusinessDomain"
"_LEGACY_BUILDS\miles_coo_runtime\miles_coo_runtime\miles_runtime.py","1682","2026-07-02T02:32:54.0000000Z","Runtime"
"_LEGACY_BUILDS\miles_coo_runtime\miles_coo_runtime\operators\executive.py","512","2026-07-02T02:32:54.0000000Z","BusinessDomain"
"_LEGACY_BUILDS\miles_coo_runtime\miles_coo_runtime\operators\instantly.py","730","2026-07-02T02:32:54.0000000Z","BusinessDomain"
"_LEGACY_BUILDS\miles_coo_runtime\miles_coo_runtime\operators\website.py","578","2026-07-02T02:32:54.0000000Z","BusinessDomain"
"_LEGACY_BUILDS\miles_core_framework_dropin\miles_connector_health.js","422","2026-06-29T04:42:48.0000000Z","Connector"
"_LEGACY_BUILDS\miles_core_framework_dropin\CORE\ConnectorManager.js","1096","2026-06-29T04:42:48.0000000Z","Connector"
"_LEGACY_BUILDS\miles_core_framework_dropin\CORE\HealthDashboard.js","905","2026-06-29T04:42:48.0000000Z","Observability"
"_LEGACY_BUILDS\miles_desktop_v2_build003\miles_desktop_v2\scripts\backup-runtime.js","455","2026-06-30T23:46:06.0000000Z","Runtime"
"_LEGACY_BUILDS\miles_desktop_v2_build003\miles_desktop_v2\src\main\approvals\approvalQueue.js","915","2026-06-30T23:46:06.0000000Z","Governance"
"_LEGACY_BUILDS\miles_desktop_v2_build003\miles_desktop_v2\src\main\connectors\connectorManager.js","1352","2026-06-30T23:46:06.0000000Z","Connector"
"_LEGACY_BUILDS\miles_desktop_v2_build003\miles_desktop_v2\src\main\executive\executiveBrain.js","1348","2026-06-30T23:46:06.0000000Z","BusinessDomain"
"_LEGACY_BUILDS\miles_desktop_v2_build003\miles_desktop_v2\src\main\runtime\milesRuntime.js","3049","2026-06-30T23:46:06.0000000Z","Runtime"
"_LEGACY_BUILDS\miles_desktop_v2_build003\miles_desktop_v2\src\main\scheduler\scheduler.js","464","2026-06-30T23:46:06.0000000Z","Scheduler"
"_LEGACY_BUILDS\miles_desktop_v2_build003\miles_desktop_v2\src\main\supervisor\supervisor.js","229","2026-06-30T23:46:06.0000000Z","BusinessDomain"
"_LEGACY_BUILDS\miles_desktop_v2_build003\miles_desktop_v2\src\main\workers\workerManager.js","1041","2026-06-30T23:46:06.0000000Z","Worker"
"_LEGACY_BUILDS\miles_desktop_v2_build003\miles_desktop_v2\src\runtime\runtimeHost.js","1864","2026-06-30T22:35:34.0000000Z","Runtime"
"_LEGACY_BUILDS\miles_desktop_v2_starter\miles_desktop_v2\scripts\backup-runtime.js","423","2026-06-30T22:35:34.0000000Z","Runtime"
"_LEGACY_BUILDS\miles_desktop_v2_starter\miles_desktop_v2\src\runtime\runtimeHost.js","1864","2026-06-30T22:35:34.0000000Z","Runtime"
"_LEGACY_BUILDS\MILES_Sprint_Zero_Discovery_Package\MILES_Sprint_Zero_Discovery_Package\MILES_COMMAND.txt","467","2026-07-04T02:06:10.0000000Z","BusinessDomain"
"_LEGACY_BUILDS\runtime\connector_execution_log.jsonl","0","2026-07-06T02:58:44.0000000Z","Connector"
"_LEGACY_BUILDS\runtime\connector_runtime_state.json","490","2026-07-08T19:30:38.0000000Z","Connector"
"_LEGACY_BUILDS\runtime\worker_execution_log.jsonl","0","2026-07-06T02:58:44.0000000Z","Worker"
"_LEGACY_BUILDS\runtime\worker_runtime_state.json","392","2026-07-08T20:06:40.0000000Z","Worker"
"_LEGACY_BUILDS\runtime\connector_runtime_manager\connector_runtime_manager_state.json","1501","2026-07-08T20:06:40.0000000Z","Connector"
"_LEGACY_BUILDS\runtime\learning_engine\learning_events.jsonl","0","2026-07-06T02:58:44.0000000Z","Intelligence"
"_LEGACY_BUILDS\runtime\learning_engine\learning_recommendations.json","2","2026-07-06T02:58:46.0000000Z","Intelligence"
"_LEGACY_BUILDS\runtime\learning_engine\learning_state.json","428","2026-07-06T02:58:46.0000000Z","Intelligence"
"_LEGACY_BUILDS\runtime\worker_dispatcher\worker_dispatcher_state.json","367","2026-07-08T19:30:38.0000000Z","Worker"
"_LEGACY_BUILDS\runtime\worker_registry\worker_registry_state.json","295","2026-07-08T19:30:38.0000000Z","Worker"
"_LEGACY_BUILDS\src\connectors\crmConnector.js","0","2026-07-03T20:05:02.0000000Z","Connector"
"_LEGACY_BUILDS\state\coo_business_state_engine_runtime.json","320","2026-07-08T19:30:44.0000000Z","Runtime"
"_LEGACY_BUILDS\state\coo_ceo_approval_queue.json","107","2026-07-06T02:58:46.0000000Z","Governance"
"_LEGACY_BUILDS\state\coo_executive_alerts.json","104","2026-07-06T02:58:46.0000000Z","BusinessDomain"
"_LEGACY_BUILDS\state\digital_coo_autonomy_supervisor_state.json","788","2026-07-06T02:23:04.0000000Z","BusinessDomain"
"_LEGACY_BUILDS\WEB\Dashboard.js","0","2026-06-29T18:43:06.0000000Z","Observability"
"_LEGACY_BUILDS\WEBSITE_OPS\WEBSITE_APPROVAL_QUEUE.csv","335","2026-06-20T22:54:38.0000000Z","Governance"
"_LEGACY_BUILDS\WEBSITE_OPS\WEBSITE_CHANGE_LOG.csv","67","2026-06-20T22:54:38.0000000Z","BusinessDomain"
"_LEGACY_BUILDS\WEBSITE_OPS\WEBSITE_CHANGE_QUEUE.csv","778","2026-06-29T18:46:14.0000000Z","BusinessDomain"
"_LEGACY_BUILDS\WEBSITE_OPS\WEBSITE_MASTER.csv","329","2026-06-20T22:54:36.0000000Z","BusinessDomain"
"_LEGACY_BUILDS\MERGED_REFERENCES\miles_instantly_connector\miles_instantly_connector\miles_os\dashboard\instantly_panel.py","760","2026-06-29T02:12:02.0000000Z","BusinessDomain"
"_LEGACY_BUILDS\MERGED_REFERENCES\miles_instantly_connector\miles_instantly_connector\tests\test_instantly_service.py","1449","2026-06-29T02:12:02.0000000Z","BusinessDomain"
"GOVERNANCE\ApprovalQueueEngine.js","5433","2026-07-09T00:09:18.0000000Z","Governance"
"GOVERNANCE\RunApprovalQueue.js","360","2026-07-09T00:09:18.0000000Z","Governance"
"GOVERNANCE\ApprovalCommand.js","2661","2026-07-09T00:14:50.0000000Z","Governance"
"EXECUTION\MarketingExecutionEngine.js","1950","2026-07-09T00:11:56.0000000Z","BusinessDomain"
"EXECUTION\RunMarketingExecutionEngine.js","375","2026-07-09T00:11:56.0000000Z","BusinessDomain"
"SCHEDULER\EnterpriseScheduler.js","3100","2026-07-09T00:18:42.0000000Z","Scheduler"
"SCHEDULER\RunSchedulerSmokeTest.js","665","2026-07-09T00:18:42.0000000Z","Scheduler"
"SCHEDULER\MarketingWorkflow.js","707","2026-07-09T00:19:28.0000000Z","BusinessDomain"
"SCHEDULER\RunMarketingWorkflow.js","795","2026-07-09T00:19:28.0000000Z","BusinessDomain"
"SCHEDULER\EnterpriseSchedulerLoader.js","1643","2026-07-09T00:24:50.0000000Z","Scheduler"
"SCHEDULER\RunDataDrivenScheduler.js","604","2026-07-09T00:24:50.0000000Z","Scheduler"
"DASHBOARDS\MarketingExecutiveDashboard.js","2874","2026-07-09T00:44:02.0000000Z","Observability"
"DASHBOARDS\RunMarketingExecutiveDashboard.js","1885","2026-07-09T00:32:14.0000000Z","Observability"
"EXECUTIVE\ExecutiveDecisionEngine.js","8017","2026-07-09T00:51:46.0000000Z","Governance"
"EXECUTIVE\RunExecutiveDecisionEngine.js","550","2026-07-09T00:37:44.0000000Z","Governance"
"EXECUTIVE\ExecutiveDecisionExecutor.js","3844","2026-07-09T00:40:40.0000000Z","Governance"
"EXECUTIVE\RunExecutiveDecisionExecutor.js","595","2026-07-09T00:40:40.0000000Z","Governance"
"runtime\connector_execution_log.jsonl","0","2026-07-10T00:59:05.5200000Z","Connector"
"runtime\connector_runtime_state.json","498","2026-07-10T17:35:42.0000000Z","Connector"
"runtime\workers\INSTANTLY_COO_WORKER\worker_state.json","928","2026-07-09T23:10:58.0000000Z","Worker"
"runtime\workers\TASK_EXECUTION_WORKER\worker_state.json","840","2026-07-10T03:29:50.0000000Z","Worker"
"runtime\instantly_coo\instantly_state.json","592","2026-07-10T03:13:28.0000000Z","BusinessDomain"
"runtime\instantly_coo\instantly_execution_log.jsonl","440","2026-07-10T03:13:28.0000000Z","BusinessDomain"
"runtime\instantly_coo\instantly_report.json","2","2026-07-09T23:10:58.0000000Z","Observability"
"runtime\worker_registry\worker_registry_state.json","319","2026-07-10T17:35:42.0000000Z","Worker"
"runtime\worker_registry\registered_workers.json","775","2026-07-10T17:35:42.0000000Z","Worker"
"runtime\worker_dispatcher\worker_dispatcher_state.json","375","2026-07-10T17:35:42.0000000Z","Worker"
"runtime\connector_runtime_manager\connector_runtime_manager_state.json","1534","2026-07-10T18:42:44.0000000Z","Connector"
"runtime\learning_engine\learning_events.jsonl","0","2026-07-10T00:59:05.6900000Z","Intelligence"
"runtime\learning_engine\learning_recommendations.json","2","2026-07-10T00:59:06.0000000Z","Intelligence"
"runtime\learning_engine\learning_state.json","428","2026-07-10T00:59:06.0000000Z","Intelligence"
"state\coo_ceo_approval_queue.json","107","2026-07-10T00:59:06.0000000Z","Governance"
"state\coo_executive_alerts.json","104","2026-07-10T00:59:06.0000000Z","BusinessDomain"
"state\coo_business_state_engine_runtime.json","320","2026-07-10T17:35:42.0000000Z","Runtime"
"learning\coo_business_state_learning_feed.json","448","2026-07-10T17:35:42.0000000Z","Intelligence"
"learning\coo_execution_learning_feed.json","421","2026-07-10T18:41:46.0000000Z","Intelligence"
